 You are impersonating as another user., 別のユーザーとしてなりすましています。,
!=,!=,
"""Company History""",会社沿革,
"""Parent"" signifies the parent table in which this row must be added",「親」は、この行を追加する必要がある親テーブルを示します,
"""Team Members"" or ""Management""",「チームメンバー」または「経営陣」,
"""amended_from"" field must be present to do an amendment.",修正を行うには、「amended_from」フィールドが存在する必要があります。,
"""{0}"" is not a valid Google Sheets URL",「{0}」は有効なGoogleシートURLではありません。,
#{0},#{0},
${values.doctype_name} has been added to queue for optimization,${values.doctype_name} が最適化のためにキューに追加されました。,
&copy; Frappe Technologies Pvt. Ltd. and contributors,&copy; Frappe Technologies Pvt. Ltd. および貢献者,
&lt;head&gt; HTML,&lt;head&gt; HTML,
'*' is only allowed in {0} SQL function(s),「*」は {0} SQL関数でのみ許可されています。,
'In Global Search' is not allowed for field {0} of type {1},「グローバル検索」は、タイプ {1} のフィールド {0} では許可されていません。,
'In Global Search' not allowed for type {0} in row {1},「グローバル検索」は、行 {1} のタイプ {0} では許可されていません。,
'In List View' is not allowed for field {0} of type {1},「リストビュー」は、タイプ {1} のフィールド {0} では許可されていません。,
'In List View' not allowed for type {0} in row {1},「リストビュー」は、行 {1} のタイプ {0} では許可されていません。,
'Recipients' not specified,「受信者」が指定されていません。,
'{0}' is not a valid IBAN,「{0}」は有効なIBANではありません。,
'{0}' is not a valid URL,「{0}」は有効なURLではありません。,
'{0}' not allowed for type {1} in row {2},行 {2} のタイプ {1} では「{0}」は許可されていません。,
(Mandatory),（必須）,
** Failed: {0} to {1}: {2},** 失敗: {0} から {1}: {2},
+ Add / Remove Fields,+ フィールドの追加/削除,
0 - Draft; 1 - Submitted; 2 - Cancelled,0 - 下書き; 1 - 提出済; 2 - キャンセル済,
"0 - too guessable: risky password.
<br>
1 - very guessable: protection from throttled online attacks. 
<br>
2 - somewhat guessable: protection from unthrottled online attacks.
<br>
3 - safely unguessable: moderate protection from offline slow-hash scenario.
<br>
4 - very unguessable: strong protection from offline slow-hash scenario.","0 - 推測されやすすぎる: リスクのあるパスワード。
<br>
1 - 非常に推測されやすい: 制限されたオンライン攻撃からの保護。
<br>
2 - ある程度推測されやすい: 無制限のオンライン攻撃からの保護。
<br>
3 - 安全に推測不可能: オフラインの低速ハッシュシナリオからの適度な保護。
<br>
4 - 非常に推測不可能: オフラインの低速ハッシュシナリオからの強力な保護。",
0 is highest,0が最高,
1 = True & 0 = False,1 = 真 & 0 = 偽,
"1 Currency = [?] Fraction
For e.g. 1 USD = 100 Cent","1通貨 = [?] 端数
例: 1 USD = 100セント",
1 Day,1日,
1 Google Calendar Event synced.,Googleカレンダーイベント1件が同期されました。,
1 Report,1レポート,
1 day ago,1日前,
1 hour,1時間,
1 hour ago,1時間前,
1 minute ago,1分前,
1 month ago,1ヶ月前,
1 of 2,2分の1,
1 record will be exported,1件のレコードがエクスポートされます。,
1 row from {0},{0} から1行,User removed row from child table
1 row to {0},{0} へ1行,User added row to child table
1 second ago,1秒前,
1 week ago,1週間前,
1 year ago,1年前,
2 hours ago,2時間前,
2 months ago,2ヶ月前,
2 weeks ago,2週間前,
2 years ago,2年前,
3 minutes ago,3分前,
30 minutes,30分,
4 hours,4時間,
5 Records,5件のレコード,
5 days ago,5日前,
<,<,
<=,<=,
"<a href=""https://docs.frappe.io/framework/user/en/api/rest#1-token-based-authentication"" target=""_blank"">
  Click here to learn about token-based authentication
</a>","<a href=""https://docs.frappe.io/framework/user/en/api/rest#1-token-based-authentication"" target=""_blank"">
  トークンベース認証について学ぶにはここをクリックしてください
</a>",
<b>{0}</b> is not a valid URL,<b>{0}</b> は有効なURLではありません。,
"<div class=""alert"">Please don't update it as it can mess up your form. Use the Customize Form View and Custom Fields to set properties!</div>","<div class=""alert"">フォームを壊す可能性があるため、更新しないでください。プロパティを設定するには、フォームのカスタマイズビューとカスタムフィールドを使用してください！</div>",
"<div class=""ql-editor read-mode""><p>Request a file containing your personally identifiable information (PII) that is saved on our system. The file will be in JSON format and is sent to you by email. If you would like to have your PII deleted from our system, please make a <a href=""/request-to-delete-data"" rel=""noopener noreferrer"">request to delete data</a>.</p></div>","<div class=""ql-editor read-mode""><p>当社のシステムに保存されている個人識別情報 (PII) を含むファイルをリクエストしてください。ファイルはJSON形式で、メールで送信されます。システムからPIIを削除したい場合は、<a href=""/request-to-delete-data"" rel=""noopener noreferrer"">データ削除リクエスト</a>を行ってください。</p></div>",
"<div class=""ql-editor read-mode""><p>Send a request to delete your account and personally identifiable information (PII) that is stored on our system. You will receive an email to verify your request. Once the request is verified we will take care of deleting your PII. If you just want to check what PII we have stored, you can <a href=""/request-data"" rel=""noopener noreferrer"">request your data</a>.</p></div>","<div class=""ql-editor read-mode""><p>お客様のアカウントおよび当社のシステムに保存されている個人識別情報 (PII) の削除リクエストを送信してください。リクエストを確認するためのメールが届きます。リクエストが確認され次第、お客様のPIIの削除を行います。当社がどのようなPIIを保存しているかを確認したい場合は、<a href=""/request-data"" rel=""noopener noreferrer"">データのリクエスト</a>を行うことができます。</p></div>",
"<div class=""well"">
    Edit list of Series in the box. Rules:
    <ul>
        <li>Each Series Prefix on a new line.</li>
        <li>Allowed special characters are ""/"" and ""-""</li>
        <li>
            Optionally, set the number of digits in the series using dot (.)
            followed by hashes (#). For example, "".####"" means that the series
            will have four digits. Default is five digits.
        </li>
        <li>
            You can also use variables in the series name by putting them
            between (.) dots
            <br>
            Supported Variables:
            <ul>
                <li><code>.YYYY.</code> - Year in 4 digits</li>
                <li><code>.YY.</code> - Year in 2 digits</li>
                <li><code>.MM.</code> - Month</li>
                <li><code>.DD.</code> - Day of month</li>
                <li><code>.WW.</code> - Week of the year</li>
                <li>
                    <code>.{fieldname}.</code> - fieldname on the document e.g.
                    <code>branch</code>
                </li>
                <li><code>.FY.</code> - Fiscal Year (requires ERPNext to be installed)</li>
                <li><code>.ABBR.</code> - Company Abbreviation (requires ERPNext to be installed)</li>
            </ul>
        </li>
    </ul>
    Examples:
    <ul>
        <li>INV-</li>
        <li>INV-10-</li>
        <li>INVK-</li>
        <li>INV-.YYYY.-.{branch}.-.MM.-.####</li>
    </ul>
</div>
<br>
","<div class=""well"">
    ボックス内でシリーズ(連番)のリストを編集します。ルール:
    <ul>
        <li>各シリーズのプレフィックスは1行に1つずつ記入します。</li>
        <li>使用できる特殊文字は「/」と「-」です</li>
        <li>
            必要に応じて、ドット(.)に続けてハッシュ(#)を付けることで
            シリーズの桁数を設定できます。例えば「.####」はシリーズが
            4桁になることを意味します。デフォルトは5桁です。
        </li>
        <li>
            シリーズ名には、ドット(.)で挟むことで変数を使用することも
            できます
            <br>
            サポートされる変数:
            <ul>
                <li><code>.YYYY.</code> - 西暦4桁</li>
                <li><code>.YY.</code> - 西暦2桁</li>
                <li><code>.MM.</code> - 月</li>
                <li><code>.DD.</code> - 日</li>
                <li><code>.WW.</code> - 年内の週番号</li>
                <li>
                    <code>.{fieldname}.</code> - ドキュメントのフィールド名 例:
                    <code>branch</code>
                </li>
                <li><code>.FY.</code> - 会計年度(ERPNextのインストールが必要)</li>
                <li><code>.ABBR.</code> - 会社略称(ERPNextのインストールが必要)</li>
            </ul>
        </li>
    </ul>
    例:
    <ul>
        <li>INV-</li>
        <li>INV-10-</li>
        <li>INVK-</li>
        <li>INV-.YYYY.-.{branch}.-.MM.-.####</li>
    </ul>
</div>
<br>
",
"<h3>Custom CSS Help</h3>

<p>Notes:</p>

<ol>
<li>All field groups (label + value) are set attributes <code>data-fieldtype</code> and <code>data-fieldname</code></li>
<li>All values are given class <code>value</code></li>
<li>All Section Breaks are given class <code>section-break</code></li>
<li>All Column Breaks are given class <code>column-break</code></li>
</ol>

<h4>Examples</h4>

<p>1. Left align integers</p>

<pre><code>[data-fieldtype=""Int""] .value { text-align: left; }</code></pre>

<p>1. Add border to sections except the last section</p>

<pre><code>.section-break { padding: 30px 0px; border-bottom: 1px solid #eee; }
.section-break:last-child { padding-bottom: 0px; border-bottom: 0px;  }</code></pre>
","<h3>カスタムCSSヘルプ</h3>

<p>注意事項：</p>

<ol>
<li>すべてのフィールドグループ（ラベル＋値）には属性 <code>data-fieldtype</code> と <code>data-fieldname</code> が設定されます</li>
<li>すべての値にはクラス <code>value</code> が付与されます</li>
<li>すべてのセクション区切りにはクラス <code>section-break</code> が付与されます</li>
<li>すべてのカラム区切りにはクラス <code>column-break</code> が付与されます</li>
</ol>

<h4>例</h4>

<p>1. 整数を左揃えにする</p>

<pre><code>[data-fieldtype=""Int""] .value { text-align: left; }</code></pre>

<p>1. 最後のセクション以外にボーダーを追加する</p>

<pre><code>.section-break { padding: 30px 0px; border-bottom: 1px solid #eee; }
.section-break:last-child { padding-bottom: 0px; border-bottom: 0px;  }</code></pre>
",
"<h3>Print Format Help</h3>
<hr>
<h4>Introduction</h4>
<p>Print Formats are rendered on the server side using the Jinja Templating Language. All forms have access to the <code>doc</code> object which contains information about the document that is being formatted. You can also access common utilities via the <code>frappe</code> module.</p>
<p>For styling, the Boostrap CSS framework is provided and you can enjoy the full range of classes.</p>
<hr>
<h4>References</h4>
<ol>
	<li><a href=""http://jinja.pocoo.org/docs/templates/"" target=""_blank"">Jinja Templating Language</a></li>
	<li><a href=""http://getbootstrap.com"" target=""_blank"">Bootstrap CSS Framework</a></li>
</ol>
<hr>
<h4>Example</h4>
<pre><code>&lt;h3&gt;{{ doc.select_print_heading or ""Invoice"" }}&lt;/h3&gt;
&lt;div class=""row""&gt;
	&lt;div class=""col-md-3 text-right""&gt;Customer Name&lt;/div&gt;
	&lt;div class=""col-md-9""&gt;{{ doc.customer_name }}&lt;/div&gt;
&lt;/div&gt;
&lt;div class=""row""&gt;
	&lt;div class=""col-md-3 text-right""&gt;Date&lt;/div&gt;
	&lt;div class=""col-md-9""&gt;{{ doc.get_formatted(""invoice_date"") }}&lt;/div&gt;
&lt;/div&gt;
&lt;table class=""table table-bordered""&gt;
	&lt;tbody&gt;
		&lt;tr&gt;
			&lt;th&gt;Sr&lt;/th&gt;
			&lt;th&gt;Item Name&lt;/th&gt;
			&lt;th&gt;Description&lt;/th&gt;
			&lt;th class=""text-right""&gt;Qty&lt;/th&gt;
			&lt;th class=""text-right""&gt;Rate&lt;/th&gt;
			&lt;th class=""text-right""&gt;Amount&lt;/th&gt;
		&lt;/tr&gt;
		{%- for row in doc.items -%}
		&lt;tr&gt;
			&lt;td style=""width: 3%;""&gt;{{ row.idx }}&lt;/td&gt;
			&lt;td style=""width: 20%;""&gt;
				{{ row.item_name }}
				{% if row.item_code != row.item_name -%}
				&lt;br&gt;Item Code: {{ row.item_code}}
				{%- endif %}
			&lt;/td&gt;
			&lt;td style=""width: 37%;""&gt;
				&lt;div style=""border: 0px;""&gt;{{ row.description }}&lt;/div&gt;&lt;/td&gt;
			&lt;td style=""width: 10%; text-align: right;""&gt;{{ row.qty }} {{ row.uom or row.stock_uom }}&lt;/td&gt;
			&lt;td style=""width: 15%; text-align: right;""&gt;{{
				row.get_formatted(""rate"", doc) }}&lt;/td&gt;
			&lt;td style=""width: 15%; text-align: right;""&gt;{{
				row.get_formatted(""amount"", doc) }}&lt;/td&gt;
		&lt;/tr&gt;
		{%- endfor -%}
	&lt;/tbody&gt;
&lt;/table&gt;</code></pre>
<hr>
<h4>Common Functions</h4>
<table class=""table table-bordered"">
	<tbody>
		<tr>
			<td style=""width: 30%;""><code>doc.get_formatted(""[fieldname]"", [parent_doc])</code></td>
			<td>Get document value formatted as Date, Currency, etc. Pass parent <code>doc</code> for currency type fields.</td>
		</tr>
		<tr>
			<td style=""width: 30%;""><code>frappe.db.get_value(""[doctype]"", ""[name]"", ""fieldname"")</code></td>
			<td>Get value from another document.</td>
		</tr>
	</tbody>
</table>
","<h3>印刷フォーマットヘルプ</h3>
<hr>
<h4>はじめに</h4>
<p>印刷フォーマットは、Jinjaテンプレート言語を使用してサーバー側でレンダリングされます。すべてのフォームは、フォーマットされるドキュメントに関する情報を含む<code>doc</code>オブジェクトにアクセスできます。また、<code>frappe</code>モジュールを介して共通ユーティリティにアクセスすることもできます。</p>
<p>スタイリングにはBootstrap CSSフレームワークが提供されており、あらゆるクラスを利用できます。</p>
<hr>
<h4>参照</h4>
<ol>
	<li><a href=""http://jinja.pocoo.org/docs/templates/"" target=""_blank"">Jinja Templating Language</a></li>
	<li><a href=""http://getbootstrap.com"" target=""_blank"">Bootstrap CSS Framework</a></li>
</ol>
<hr>
<h4>例</h4>
<pre><code>&lt;h3&gt;{{ doc.select_print_heading or ""Invoice"" }}&lt;/h3&gt;
&lt;div class=""row""&gt;
	&lt;div class=""col-md-3 text-right""&gt;顧客名&lt;/div&gt;
	&lt;div class=""col-md-9""&gt;{{ doc.customer_name }}&lt;/div&gt;
&lt;/div&gt;
&lt;div class=""row""&gt;
	&lt;div class=""col-md-3 text-right""&gt;日付&lt;/div&gt;
	&lt;div class=""col-md-9""&gt;{{ doc.get_formatted(""invoice_date"") }}&lt;/div&gt;
&lt;/div&gt;
&lt;table class=""table table-bordered""&gt;
	&lt;tbody&gt;
		&lt;tr&gt;
			&lt;th&gt;Sr&lt;/th&gt;
			&lt;th&gt;品目名&lt;/th&gt;
			&lt;th&gt;説明&lt;/th&gt;
			&lt;th class=""text-right""&gt;数量&lt;/th&gt;
			&lt;th class=""text-right""&gt;単価&lt;/th&gt;
			&lt;th class=""text-right""&gt;金額&lt;/th&gt;
		&lt;/tr&gt;
		{%- for row in doc.items -%}
		&lt;tr&gt;
			&lt;td style=""width: 3%;""&gt;{{ row.idx }}&lt;/td&gt;
			&lt;td style=""width: 20%;""&gt;
				{{ row.item_name }}
				{% if row.item_code != row.item_name -%}
				&lt;br&gt;Item Code: {{ row.item_code}}
				{%- endif %}
			&lt;/td&gt;
			&lt;td style=""width: 37%;""&gt;
				&lt;div style=""border: 0px;""&gt;{{ row.description }}&lt;/div&gt;&lt;/td&gt;
			&lt;td style=""width: 10%; text-align: right;""&gt;{{ row.qty }} {{ row.uom or row.stock_uom }}&lt;/td&gt;
			&lt;td style=""width: 15%; text-align: right;""&gt;{{
				row.get_formatted(""rate"", doc) }}&lt;/td&gt;
			&lt;td style=""width: 15%; text-align: right;""&gt;{{
				row.get_formatted(""amount"", doc) }}&lt;/td&gt;
		&lt;/tr&gt;
		{%- endfor -%}
	&lt;/tbody&gt;
&lt;/table&gt;</code></pre>
<hr>
<h4>共通関数</h4>
<table class=""table table-bordered"">
	<tbody>
		<tr>
			<td style=""width: 30%;""><code>doc.get_formatted(""[fieldname]"", [parent_doc])</code></td>
			<td>日付、通貨などとしてフォーマットされたドキュメント値を取得します。通貨タイプのフィールドには親<code>doc</code>を渡します。</td>
		</tr>
		<tr>
			<td style=""width: 30%;""><code>frappe.db.get_value(""[doctype]"", ""[name]"", ""fieldname"")</code></td>
			<td>別のドキュメントから値を取得します。</td>
		</tr>
	</tbody>
</table>
",
"<h4>Default Template</h4>
<p>Uses <a href=""http://jinja.pocoo.org/docs/templates/"">Jinja Templating</a> and all the fields of Address (including Custom Fields if any) will be available</p>
<pre><code>{{ address_line1 }}&lt;br&gt;
{% if address_line2 %}{{ address_line2 }}&lt;br&gt;{% endif -%}
{{ city }}&lt;br&gt;
{% if state %}{{ state }}&lt;br&gt;{% endif -%}
{% if pincode %} PIN:  {{ pincode }}&lt;br&gt;{% endif -%}
{{ country }}&lt;br&gt;
{% if phone %}Phone: {{ phone }}&lt;br&gt;{% endif -%}
{% if fax %}Fax: {{ fax }}&lt;br&gt;{% endif -%}
{% if email_id %}Email: {{ email_id }}&lt;br&gt;{% endif -%}
</code></pre>","<h4>デフォルトテンプレート</h4>
<p><a href=""http://jinja.pocoo.org/docs/templates/"">Jinjaテンプレート</a>を使用し、住所のすべてのフィールド（カスタムフィールドを含む）が利用可能です</p>
<pre><code>{{ address_line1 }}&lt;br&gt;
{% if address_line2 %}{{ address_line2 }}&lt;br&gt;{% endif -%}
{{ city }}&lt;br&gt;
{% if state %}{{ state }}&lt;br&gt;{% endif -%}
{% if pincode %} 郵便番号:  {{ pincode }}&lt;br&gt;{% endif -%}
{{ country }}&lt;br&gt;
{% if phone %}電話: {{ phone }}&lt;br&gt;{% endif -%}
{% if fax %}FAX: {{ fax }}&lt;br&gt;{% endif -%}
{% if email_id %}メール: {{ email_id }}&lt;br&gt;{% endif -%}
</code></pre>",
"<h4>Email Reply Example</h4>

<pre>Order Overdue

Transaction {{ name }} has exceeded Due Date. Please take necessary action.

Details

- Customer: {{ customer }}
- Amount: {{ grand_total }}
</pre>

<h4>How to get fieldnames</h4>

<p>The fieldnames you can use in your email template are the fields in the document from which you are sending the email. You can find out the fields of any documents via Setup &gt; Customize Form View and selecting the document type (e.g. Sales Invoice)</p>

<h4>Templating</h4>

<p>Templates are compiled using the Jinja Templating Language. To learn more about Jinja, <a class=""strong"" href=""http://jinja.pocoo.org/docs/dev/templates/"">read this documentation.</a></p>
","<h4>メール返信の例</h4>

<pre>注文期限超過

取引 {{ name }} が期日を超過しました。必要な対応を行ってください。

詳細

- 顧客: {{ customer }}
- 金額: {{ grand_total }}
</pre>

<h4>フィールド名の取得方法</h4>

<p>メールテンプレートで使用できるフィールド名は、メールを送信するドキュメントのフィールドです。ドキュメントのフィールドは「設定 &gt; フォームのカスタマイズ」でドキュメントタイプ（例：売上請求書）を選択して確認できます。</p>

<h4>テンプレート</h4>

<p>テンプレートはJinjaテンプレート言語でコンパイルされます。Jinjaの詳細については、<a class=""strong"" href=""http://jinja.pocoo.org/docs/dev/templates/"">こちらのドキュメントをご覧ください。</a></p>
",
"<h5 class=""text-muted uppercase"">Or</h5>","<h5 class=""text-muted uppercase"">または</h5>",
"<h5>Message Example</h5>

<pre>&lt;h3&gt;Order Overdue&lt;/h3&gt;

&lt;p&gt;Transaction {{ doc.name }} has exceeded Due Date. Please take necessary action.&lt;/p&gt;

&lt;!-- show last comment --&gt;
{% if comments %}
Last comment: {{ comments[-1].comment }} by {{ comments[-1].by }}
{% endif %}

&lt;h4&gt;Details&lt;/h4&gt;

&lt;ul&gt;
&lt;li&gt;Customer: {{ doc.customer }}
&lt;li&gt;Amount: {{ doc.grand_total }}
&lt;/ul&gt;
</pre>","<h5>メッセージの例</h5>

<pre>&lt;h3&gt;注文期限超過&lt;/h3&gt;

&lt;p&gt;取引 {{ doc.name }} が期日を超過しました。必要な対応を行ってください。&lt;/p&gt;

&lt;!-- 最後のコメントを表示 --&gt;
{% if comments %}
最後のコメント: {{ comments[-1].comment }} by {{ comments[-1].by }}
{% endif %}

&lt;h4&gt;詳細&lt;/h4&gt;

&lt;ul&gt;
&lt;li&gt;顧客: {{ doc.customer }}
&lt;li&gt;金額: {{ doc.grand_total }}
&lt;/ul&gt;
</pre>",
"<p><strong>{{ __(""Condition Examples"") }}:</strong></p>
<pre><code class=""language-python"">doc.status==""Open""<br>doc.due_date==nowdate()<br>doc.total &gt; 40000
</code></pre>
","<p><strong>{{ __(""Condition Examples"") }}:</strong></p>
<pre><code class=""language-python"">doc.status==""Open""<br>doc.due_date==nowdate()<br>doc.total &gt; 40000
</code></pre>
",
"<p><strong>{{ __(""Condition Examples"") }}:</strong></p>
<pre>doc.status==""Open""<br>doc.due_date==nowdate()<br>doc.total &gt; 40000
</pre>","<p><strong>{{ __(""Condition Examples"") }}:</strong></p>
<pre>doc.status==""Open""<br>doc.due_date==nowdate()<br>doc.total &gt; 40000
</pre>",
"<p>Multiple webforms can be created for a single doctype. Add filters specific to this webform to display correct record after submission.</p><p>For Example:</p>
<p>If you create a separate webform every year to capture feedback from employees add a 
 field named year in doctype and add a filter <b>year = 2023</b></p>
","<p>1つのDocTypeに対して複数のWebフォームを作成できます。送信後に正しいレコードを表示するため、このWebフォーム専用のフィルターを追加してください。</p><p>例:</p>
<p>従業員からのフィードバックを収集するために毎年別のWebフォームを作成する場合は、DocTypeに
 year という名前のフィールドを追加し、フィルター <b>year = 2023</b> を追加します</p>
",
"<p>Set context before rendering a template. Example:</p><p>
</p><div><pre><code>
context.project = frappe.get_doc(""Project"", frappe.form_dict.name)
</code></pre></div>","<p>テンプレートをレンダリングする前にコンテキストを設定します。例:</p><p>
</p><div><pre><code>
context.project = frappe.get_doc(""Project"", frappe.form_dict.name)
</code></pre></div>",
"<p>To interact with above HTML you will have to use `root_element` as a parent selector.</p><p>For example:</p><pre class=""p-3 bg-gray-100 border-radius rounded-sm mb-0"" style=""width: fit-content;""><code>// here root_element is provided by default
let some_class_element = root_element.querySelector('.some-class');
some_class_element.textContent = ""New content"";
</code></pre>","<p>上記のHTMLと対話するには、親セレクターとして `root_element` を使用する必要があります。</p><p>例:</p><pre class=""p-3 bg-gray-100 border-radius rounded-sm mb-0"" style=""width: fit-content;""><code>// ここでは root_element がデフォルトで提供されます
let some_class_element = root_element.querySelector('.some-class');
some_class_element.textContent = ""新しいコンテンツ"";
</code></pre>",
"<p>Your OTP secret on {0} has been reset. If you did not perform this reset and did not request it, please contact your System Administrator immediately.</p>",<p>{0} のOTPシークレットがリセットされました。このリセットを実行しておらず、リクエストもしていない場合は、直ちにシステム管理者にご連絡ください。</p>,
"<pre>*  *  *  *  *
┬  ┬  ┬  ┬  ┬
│  │  │  │  │
│  │  │  │  └ day of week (0 - 6) (0 is Sunday)
│  │  │  └───── month (1 - 12)
│  │  └────────── day of month (1 - 31)
│  └─────────────── hour (0 - 23)
└──────────────────── minute (0 - 59)

---

* - Any value
/ - Step values
</pre>
","<pre>*  *  *  *  *
┬  ┬  ┬  ┬  ┬
│  │  │  │  │
│  │  │  │  └ 曜日 (0 - 6) (0は日曜日)
│  │  │  └───── 月 (1 - 12)
│  │  └────────── 日 (1 - 31)
│  └─────────────── 時 (0 - 23)
└──────────────────── 分 (0 - 59)

---

* - 任意の値
/ - ステップ値
</pre>
",
"<pre><code>doc.grand_total &gt; 0</code></pre>

<p>Conditions should be written in simple Python. Please use properties available in the form only.</p>
<p>Allowed functions:
</p><ul>
<li>frappe.db.get_value</li>
<li>frappe.db.get_list</li>
<li>frappe.session</li>
<li>frappe.utils.now_datetime</li>
<li>frappe.utils.get_datetime</li>
<li>frappe.utils.add_to_date</li>
<li>frappe.utils.now</li>
</ul>
<p>Example: </p><pre><code>doc.creation &gt; frappe.utils.add_to_date(frappe.utils.now_datetime(), days=-5, as_string=True, as_datetime=True) </code></pre><p></p>","<pre><code>doc.grand_total &gt; 0</code></pre>

<p>条件はシンプルなPythonで記述してください。フォームで利用可能なプロパティのみを使用してください。</p>
<p>使用可能な関数：
</p><ul>
<li>frappe.db.get_value</li>
<li>frappe.db.get_list</li>
<li>frappe.session</li>
<li>frappe.utils.now_datetime</li>
<li>frappe.utils.get_datetime</li>
<li>frappe.utils.add_to_date</li>
<li>frappe.utils.now</li>
</ul>
<p>例: </p><pre><code>doc.creation &gt; frappe.utils.add_to_date(frappe.utils.now_datetime(), days=-5, as_string=True, as_datetime=True) </code></pre><p></p>",
"<span class=""h2"">Hi,</span>","<span class=""h2"">こんにちは、</span>",
<strong>Warning:</strong> This field is system generated and may be overwritten by a future update. Modify it using {0} instead.,<strong>警告:</strong> このフィールドはシステムによって生成され、将来のアップデートで上書きされる可能性があります。代わりに {0} を使用して変更してください。,
=,がお気に入り,
>,>,
>=,>=,
"A DocType (Document Type) is used to insert forms in ERPNext. Forms such as Customer, Orders, and Invoices are Doctypes in the backend. You can also create new DocTypes to create new forms in ERPNext as per your business needs.",DocType（文書タイプ）は、ERPNext にフォームを追加するために使います。顧客・受注・請求といったフォームは、内部ではいずれも DocType です。業務に合わせて新しい DocType を作成し、独自のフォームを追加することもできます。,
"A DocType's name should start with a letter and can only consist of letters, numbers, spaces, underscores and hyphens",DocTypeの名前は文字で始まり、文字、数字、スペース、アンダースコア、ハイフンのみで構成されている必要があります。,
"A Frappe Framework instance can function as an OAuth Client, Resource, or Authorization server. This DocType contains settings related to all three.",Frappe Frameworkインスタンスは、OAuthクライアント、リソース、または認証サーバーとして機能できます。このDocTypeには、これら3つすべてに関連する設定が含まれています。,
A download link with your data will be sent to the email address associated with your account.,お客様のデータを含むダウンロードリンクが、お客様のアカウントに関連付けられたメールアドレスに送信されます。,
A field with the name {0} already exists in {1},{1} には、名前が {0} のフィールドがすでに存在します。,
A file with same name {} already exists,A file with same name {}は既に存在します,
A list of resources which the Client App will have access to after the user allows it.<br> e.g. project,ユーザーが許可した後、クライアントアプリがアクセスできるリソースのリスト。<br> 例: project,
A new account has been created for you,新しいアカウントを作成しました,
A new account has been created for you at {0},{0} で新しいアカウントが作成されました。,
A new account has been created for you at {0}.,{0}で新しいアカウントが作成されました。,
A recurring {0} {1} has been created for you via Auto Repeat {2}.,自動リピート {2} を介して、定期的な {0} {1} が作成されました。,
A symbol for this currency. For e.g. $,この通貨の記号。例: $,
A template already exists for field {0} of {1},{1} のフィールド {0} には、すでにテンプレートが存在します。,
"A version identifier string for the client software.
<br>
The value of the should change on any update of the client software with the same Software ID.","クライアントソフトウェアのバージョン識別子文字列。
<br>
同じソフトウェアIDを持つクライアントソフトウェアの更新時には、その値が変更される必要があります。",
A word by itself is easy to guess.,単語だけでは推測されやすいです。,
A0,A0,
A1,A1,
A2,A2,
A3,A3,
A4,A4,
A5,A5,
A6,A6,
A7,A7,
A8,A8,
A9,A9,
ALL,すべて,
API,API,
API Access,APIアクセス,
API Endpoint,APIエンドポイント,
API Endpoint Args,APIエンドポイント引数,
API Endpoint Args should be valid JSON,APIエンドポイント引数は有効なJSONである必要があります。,
API Key,APIキー,
API Key and Secret to interact with the relay server. These will be auto-generated when the first push notification is sent from any of the apps installed on this site.,リレーサーバーと対話するためのAPIキーとシークレット。これらは、このサイトにインストールされているいずれかのアプリから最初のプッシュ通知が送信されたときに自動生成されます。,
API Key cannot be regenerated,APIキーは再生成できません,
API Keys,APIキー,
API Logging,APIログ,
API Method,APIメソッド,
API Request Log,APIリクエストログ,
API Secret,APIシークレット,
ASC,昇順,
About,概要,
About Us,会社概要,
About Us Settings,About Us設定,
About Us Team Member,会社概要チームメンバー,
About {0} minute remaining,残り約{0}分,
About {0} minutes remaining,残り約{0}分,
About {0} seconds remaining,残り約{0}秒,
Accept Invitation,招待を承諾,
Accepted,承認済,
Accepted At,承諾日時,
Access Control,アクセス制御,
Access Log,アクセスログ,
Access Token,アクセストークン,
Access Token URL,アクセストークンURL,
Access not allowed from this IP Address,このIPアドレスからのアクセスは許可されていません,
Account,勘定科目,
Account Deletion Settings,アカウント削除設定,
Accounts Manager,経理マネージャー,
Accounts User,経理ユーザー,
"Accurate count can not be fetched, click here to view all documents",正確な件数を取得できません。すべてのドキュメントを表示するにはここをクリックしてください,
Action,アクション,
Action / Route,アクション/ルート,
Action Complete,アクション完了,
Action Failed,アクション失敗,
Action Label,アクションラベル,
Action Timeout (Seconds),アクションタイムアウト (秒),
Action Type,アクション種類,
Action {0} completed successfully on {1} {2}. View it {3},アクション{0}は{1} {2}に正常に完了しました。{3}で表示,
Action {0} failed on {1} {2}. View it {3},アクション{0}は{1} {2}に失敗しました。{3}で表示,
Actions,アクション,
Activate,有効化,
Active,有効,
Active Directory,Active Directory,
Active Domains,アクティブドメイン,
Active Sessions,アクティブセッション,
Activity,アクティビティ,
Activity Log,アクティビティログ,
Add,追加,
Add / Remove Columns,列の追加/削除,
Add / Update,追加/更新,
Add A New Rule,新しいルールを追加,
Add A User Restriction,ユーザー制限を追加,
Add Attachment,添付ファイルを追加,
Add Background Image,背景画像を追加,
Add Blog Category,ブログカテゴリーを追加,
Add Border at Bottom,下部に罫線を追加,
Add Border at Top,上部に罫線を追加,
Add CSS,CSSを追加,
Add Card to Dashboard,ダッシュボードにカードを追加,
Add Chart to Dashboard,ダッシュボードにチャートを追加,
Add Child,子を追加,
Add Column,列を追加,
Add Contact,連絡先を追加,
Add Contacts,連絡先を追加,
Add Container,コンテナを追加,
Add Custom Tags,カスタムタグを追加,
Add Filters,フィルターを追加,
Add Gray Background,グレーの背景を追加,
Add Group,グループを追加,
Add Indexes,インデックスを追加,
Add New,新規追加,
Add New Permission Rule,新しい権限ルールを追加,
Add Participants,参加者を追加,
Add Query Parameters,クエリパラメータを追加,
Add Reply-To header,Reply-Toヘッダーを追加,
Add Roles,ロールを追加,
Add Series Prefix,シリーズプレフィックスを追加,
Add Signature,署名を追加,
Add Space at Bottom,下部にスペースを追加,
Add Space at Top,上部にスペースを追加,
Add Subscribers,購読者を追加,
Add Tags,タグを追加,
Add Tags,タグを追加,Button in list view actions menu
Add Template,テンプレートを追加,
Add Total Row,合計行を追加,
Add Translate Data,翻訳データを追加,
Add Unsubscribe Link,購読解除リンクを追加,
Add User Permissions,ユーザー権限を追加,
Add Video Conferencing,ビデオ会議を追加,
Add X-Original-From header,X-Original-Fromヘッダーを追加,
Add a Filter,フィルターを追加,
Add a New Role,新しいロールを追加,
Add a Row,行を追加,
Add a comment,コメントを追加,
Add a new section,新しいセクションを追加,
Add a row above the current row,現在の行の上に新しい行を追加,
Add a row at the bottom,一番下に行を追加,
Add a row at the top,一番上に行を追加,
Add a row below the current row,現在の行の下に新しい行を追加,
Add a {0} Chart,{0}チャートを追加,
Add column,列を追加,
Add field,フィールドを追加,
Add multiple,複数追加,
Add new tab,新しいタブを追加,
Add numbers or special characters.,数字または特殊文字を追加します。,
Add page break,改ページを追加,
Add row,行を追加,
Add script for Child Table,子テーブルのスクリプトを追加,
Add section above,上にセクションを追加,
Add section below,下にセクションを追加,
Add tab,タブを追加,
Add to Dashboard,ダッシュボードに追加,
Add to Desktop,デスクトップに追加,
Add to ToDo,ToDoに追加,
Add to table,テーブルに追加,
Add to this activity by mailing to {0},{0}にメールを送信してこのアクティビティに追加,
Add {0},{0}を追加,
Add {0},{0}を追加,Primary action in list view
Add/Update Filter,フィルターの追加/更新,
Added,追加済,
"Added HTML in the &lt;head&gt; section of the web page, primarily used for website verification and SEO",ウェブページの&lt;head&gt;セクションに追加されたHTML。主にウェブサイトの検証とSEOに使用されます。,
Added default log doctypes: {},デフォルトのログDocTypeを追加しました: {},
Added {0} ({1}),{0} ({1})を追加しました,
Additional Permissions,追加の権限,
Address,住所,
Address Line 1,住所1,
Address Line 2,住所2,
Address Template,Addressテンプレート,
Address Title,住所タイトル,
Address Title is mandatory.,Address Titleは必須です,
Address Type,Address種類,
Address and other legal information you may want to put in the footer.,フッターに記載したい住所およびその他の法的情報。,
Addresses,住所,
Addresses And Contacts,住所と連絡先,
Addresses added here will be used as the Reply-To header for outgoing emails sent from this account.,ここに追加されたアドレスは、このアカウントから送信されるメールのReply-Toヘッダーとして使用されます。,
"Adds a clear (×) button to Link fields, allowing users to quickly remove the selected value.",リンクフィールドにクリア(×)ボタンを追加し、ユーザーが選択した値を素早く削除できるようにします。,
Adds a custom client script to a DocType,DocTypeにカスタムクライアントスクリプトを追加します,
Adds a custom field to a DocType,DocTypeにカスタムフィールドを追加します,
Administrator,管理者,
Administrator Logged In,管理者がログインしました,
Administrator accessed {0} on {1} via IP Address {2}.,管理者がIPアドレス{2}経由で{1}に{0}にアクセスしました。,
Administrator can't follow,管理者はフォローできません,
Advanced,詳細,
Advanced Control,高度な制御,
Advanced Search,高度な検索,
Advanced Settings,Advanced設定,
After,後,
After Cancel,キャンセル後,
After Delete,削除後,
After Discard,破棄後,
After Insert,挿入後,
After Rename,名前変更後,
After Save,保存後,
After Save (Submitted Document),保存後（提出済み文書）,
After Submission,提出後,
After Submit,提出後,
Aggregate Field is required to create a number card,数値カードを作成するには集計フィールドが必要です,
Aggregate Function Based On,集計関数基準,
Aggregate Function field is required to create a dashboard chart,ダッシュボードチャートを作成するには集計関数フィールドが必要です,
Alert,アラート,
Alias must be a string,エイリアスは文字列である必要があります,
Align,配置,
Align Labels to the Right,ラベルを右揃えにする,
Align Right,右揃え,
Align Value,値を揃える,
Alignment,配置,
All,すべて,
All Day,終日,
All Images attached to Website Slideshow should be public,ウェブサイトスライドショーに添付されたすべての画像は公開されている必要があります,
All Records,すべてのレコード,
All Results,すべての結果,
All Submissions,すべての提出物,
All customizations will be removed. Please confirm.,すべてのカスタマイズが削除されます。確認してください。,
All fields are necessary to submit the comment.,コメントを送信するには、すべてのフィールドが必要です。,
"All possible Workflow States and roles of the workflow. Docstatus Options: 0 is ""Saved"", 1 is ""Submitted"" and 2 is ""Cancelled""",ワークフローのすべての可能なワークフローステータスとロール。Docstatusオプション：0は「保存済み」、1は「提出済み」、2は「キャンセル済み」です。,
All-uppercase is almost as easy to guess as all-lowercase.,すべて大文字は、すべて小文字とほぼ同じくらい推測されやすいです。,
Allocated To,割り当て先,
Allow,許可,
Allow API Indexing Access,APIインデックスアクセスを許可,
Allow Auto Repeat,自動繰り返しを許可,
Allow Bulk Edit,一括編集を許可,
Allow Bulk Editing,一括編集を許可,
Allow Clearing Link Fields,リンクフィールドのクリアを許可,
Allow Consecutive Login Attempts,連続ログイン試行を許可,
Allow Google Calendar Access,Googleカレンダーへのアクセスを許可,
Allow Google Contacts Access,Google連絡先へのアクセスを許可,
Allow Guest,ゲストを許可,
Allow Guest to View,ゲストの閲覧を許可,
Allow Guests to Upload Files,ゲストのファイルアップロードを許可,
Allow Import (via Data Import Tool),インポートを許可（データインポートツール経由）,
Allow Item to be Added Multiple Times in a Transaction,1つの取引で同じ品目の複数回追加を許可,
Allow Login After Fail,失敗後のログインを許可,
Allow Login using Mobile Number,携帯電話番号でのログインを許可,
Allow Login using User Name,Allow Login using User名,
Allow Modules,モジュールを許可,
Allow Negative rates for Items,品目のマイナス単価を許可,
Allow Print for Cancelled,キャンセル済みの印刷を許可,
Allow Print for Draft,下書きの印刷を許可,
Allow Read On All Link Options,すべてのリンクオプションでの読み取りを許可,
Allow Rename,名前変更を許可,
Allow Roles,ロールを許可,
Allow Sales Order Creation For Expired Quotation,期限切れの見積書からの受注作成を許可,
Allow Sales Order with Zero Quantity,数量ゼロの受注を許可,
Allow Self Approval,自己承認を許可,
Allow Sending Usage Data for Improving Applications,アプリケーション改善のための利用状況データ送信を許可,
Allow UOM with Conversion Rate Defined in Item,品目に換算率が定義された単位を許可,
Allow User If,ユーザーを許可する条件,
Allow approval for creator of the document,文書作成者による承認を許可,
Allow comments,コメントを許可,
Allow delete,削除を許可,
Allow document creation via Email,メールによる文書作成を許可,
Allow editing after submit,提出後の編集を許可,
"Allow editing even if the doctype has a workflow set up.

Does nothing if a workflow isn't set up.","ワークフローが設定されている場合でも編集を許可します。

ワークフローが設定されていない場合は何も行いません。",
Allow events in timeline,タイムラインでのイベントを許可,
Allow in Quick Entry,クイック入力で許可,
Allow incomplete forms,未完了フォームを許可,
Allow multiple responses,複数回答を許可,
Allow on Submit,提出時に許可,
Allow only one session per user,ユーザーあたり1セッションのみ許可,
Allow page break inside tables,テーブル内の改ページを許可,
Allow print,印刷を許可,
Allow recording my first session to improve user experience,操作性向上のため、最初のセッションの記録を許可する,
Allow saving if mandatory fields are not filled,必須フィールドが入力されていない場合の保存を許可,
Allow sending usage data for improving applications,アプリケーション改善のための利用状況データ送信を許可,
Allow to Edit Stock UOM Qty for Purchase Documents,購買伝票で在庫単位数量の編集を許可,
Allow to Edit Stock UOM Qty for Sales Documents,販売伝票で在庫単位数量の編集を許可,
Allow user to login only after this hour (0-24),この時間（0-24）以降のみユーザーのログインを許可,
Allow user to login only before this hour (0-24),この時間（0-24）以前のみユーザーのログインを許可,
"Allow users to log in without a password, using a login link sent to their email",ユーザーがパスワードなしで、メールに送信されたログインリンクを使用してログインすることを許可,
Allowed,許可済,
Allowed Doctypes for Guest Uploads,ゲストアップロードが許可されているDocType,
Allowed File Extensions,許可されるファイル拡張子,
Allowed In Mentions,メンションで許可,
Allowed Modules,許可されたモジュール,
Allowed Public Client Origins,許可された公開クライアントオリジン,
Allowed Roles,許可されたロール,
Allowed embedding domains,許可された埋め込みドメイン,
Allowed special characters are '/' and '-',許可されている特殊文字は '/' と '-' です,
"Allowing DocType, DocType. Be careful!",DocType、DocTypeを許可しています。注意してください！,
"Allows clients to fetch metadata from the <code>/.well-known/oauth-authorization-server</code> endpoint. Reference: <a href=""https://datatracker.ietf.org/doc/html/rfc8414"">RFC8414</a>","クライアントが<code>/.well-known/oauth-authorization-server</code>エンドポイントからメタデータを取得できるようにします。参照: <a href=""https://datatracker.ietf.org/doc/html/rfc8414"">RFC8414</a>",
"Allows clients to fetch metadata from the <code>/.well-known/oauth-protected-resource</code> endpoint. Reference: <a href=""https://datatracker.ietf.org/doc/html/rfc9728#name-protected-resource-metadata"">RFC9728</a>","クライアントが<code>/.well-known/oauth-protected-resource</code>エンドポイントからメタデータを取得できるようにします。参照: <a href=""https://datatracker.ietf.org/doc/html/rfc9728#name-protected-resource-metadata"">RFC9728</a>",
"Allows clients to register themselves without manual intervention. Registration creates a <b>OAuth Client</b> entry. Reference: <a href=""https://datatracker.ietf.org/doc/html/rfc7591"">RFC7591</a>","クライアントが手動介入なしで自身を登録できるようにします。登録により<b>OAuth Client</b>エントリが作成されます。参照: <a href=""https://datatracker.ietf.org/doc/html/rfc7591"">RFC7591</a>",
Allows clients to view this as an Authorization Server when querying the <code>/.well-known/oauth-protected-resource</code> end point.,クライアントが<code>/.well-known/oauth-protected-resource</code>エンドポイントを照会する際に、これを認証サーバーとして表示できるようにします。,
Allows enabled Social Login Key Base URL to be shown as authorization server.,有効なソーシャルログインキーベースURLを認証サーバーとして表示できるようにします。,
Allows printing or PDF download of documents.,ドキュメントの印刷またはPDFダウンロードを許可します。,
Allows sharing document access with other users.,他のユーザーとドキュメントアクセスを共有できるようにします。,
Allows skipping authorization if a user has active tokens.,ユーザーがアクティブなトークンを持っている場合、認証をスキップできるようにします。,
Allows the user to access reports related to the document.,ユーザーがドキュメントに関連するレポートにアクセスできるようにします。,
Allows the user to create new documents.,ユーザーが新規ドキュメントを作成できるようにします。,
Allows the user to delete documents.,ユーザーがドキュメントを削除できるようにします。,
Allows the user to edit existing records they have access to.,ユーザーがアクセス権を持つ既存のレコードを編集できるようにします。,
Allows the user to email from the document.,ユーザーがドキュメントからメールを送信できるようにします。,
Allows the user to export data from the Report view.,ユーザーがレポートビューからデータをエクスポートできるようにします。,
Allows the user to search and see records.,ユーザーがレコードを検索して表示できるようにします。,
Allows the user to use Data Import tool to create / update records.,ユーザーがデータインポートツールを使用してレコードを作成/更新できるようにします。,
Allows the user to view the document.,ユーザーがドキュメントを表示できるようにします。,
Allows users to enable the mask property for any field of the respective doctype.,ユーザーが該当するDocTypeの任意のフィールドに対してマスクプロパティを有効にできるようにします。,
Already Registered,既に登録済み,
Already amended as {0},{0}として既に修正済み,
Already in the following Users ToDo list:{0},以下のユーザーのToDoリストに既に存在します:{0},
Already in user's To Do list,すでにユーザーの ToDo に含まれています,
Also adding the dependent currency field {0},依存する通貨フィールド{0}も追加します,
Also adding the status dependency field {0},ステータス依存フィールド{0}も追加します,
Alternative Email ID,代替メールID,
Always,常時,
Always BCC Address,常にBCCアドレス,
"Always add ""Draft"" Heading for printing draft documents",下書きドキュメントを印刷する際に常に「下書き」の見出しを追加する,
Always use this email address as sender address,常にこのメールアドレスを送信元アドレスとして使用する,
Always use this name as sender name,常にこの名前を送信元名として使用する,
Amend,修正,
Amend Counter,修正カウンター,
Amended Document Naming Settings,訂正文書の命名設定,
Amended Documents,修正済みドキュメント,
Amended From,修正元,
Amending,修正中,Freeze message while amending a document
Amendment Naming Override,修正命名上書き,
Amendment Not Allowed,修正は許可されていません,
Amendment naming rules updated.,修正命名ルールが更新されました。,
An email to verify your request has been sent to your email address. Please verify your request to complete the process.,ご要望を確認するためのメールがお客様のメールアドレスに送信されました。プロセスを完了するために、ご要望を確認してください。,
An error occurred while setting Session Defaults,セッションのデフォルト設定中にエラーが発生しました,
An icon file with .ico extension. Should be 16 x 16 px. Generated using a favicon generator. [favicon-generator.org],.ico拡張子のアイコンファイル。16 x 16 pxである必要があります。ファビコンジェネレーターで生成されます。[favicon-generator.org],
An unexpected error occurred while authorizing {}.,{}の認証中に予期せぬエラーが発生しました。,
Analytics,分析,
Ancestors Of,の祖先,
Announcement Widget,お知らせウィジェット,
Announcements,お知らせ,
Annual,年次,
Anonymization Matrix,匿名化マトリックス,
Anonymous responses,匿名回答,
Another transaction is blocking this one. Please try again in a few seconds.,別のトランザクションがこれをブロックしています。数秒後にもう一度お試しください。,
"Another {0} with name {1} exists, select another name",名前が{1}の別の{0}が存在します。別の名前を選択してください。,
Any existing permission will be deleted / overwritten.,既存の権限は削除または上書きされます。,
Any string-based printer languages can be used. Writing raw commands requires knowledge of the printer's native language provided by the printer manufacturer. Please refer to the developer manual provided by the printer manufacturer on how to write their native commands. These commands are rendered on the server side using the Jinja Templating Language.,任意の文字列ベースのプリンター言語を使用できます。生のコマンドを記述するには、プリンターメーカーが提供するプリンターのネイティブ言語の知識が必要です。ネイティブコマンドの記述方法については、プリンターメーカーが提供する開発者マニュアルを参照してください。これらのコマンドは、Jinjaテンプレート言語を使用してサーバー側でレンダリングされます。,
"Apart from System Manager, roles with Set User Permissions right can set permissions for other users for that Document Type.",システムマネージャー以外に、「ユーザー権限設定」の権限を持つロールは、そのドキュメントタイプに対して他のユーザーの権限を設定できます。,
App,アプリ,
App Access Key and/or Secret Key are not present.,アプリのアクセスキーまたはシークレットキーが設定されていません。,
App ID,アプリID,
App Logo,アプリロゴ,
App Name,アプリ名,
App Name (Client Name),アプリ名 (クライアント名),
App name is required.,アプリ名は必須です。,
App not found for module: {0},モジュール{0}のアプリが見つかりません,
App that produced this notification; used to scope app-specific panels. Derived from the reference document when not set explicitly.,この通知を生成したアプリ。アプリ固有のパネルの範囲を決定するために使用されます。明示的に設定されていない場合は、参照ドキュメントから派生します。,
App {0} is not installed,アプリ{0}はインストールされていません,
App {} is not installed,アプリ {} はインストールされていません,
Append Emails to Sent Folder,送信済みフォルダにメールを追加,
Append To,に追加,
Append To can be one of {0},に追加できるのは{0}のいずれかです,
"Append as communication against this DocType (must have fields: ""Sender"" and ""Subject""). These fields can be defined in the email settings section of the appended doctype.",このDocTypeに対するコミュニケーションとして追加します（「送信者」と「件名」のフィールドが必要です）。これらのフィールドは、追加されたDocTypeのメール設定セクションで定義できます。,
Applicable Document Types,適用可能なドキュメントタイプ,
Applicable For,適用対象,
Application Logo,アプリケーションロゴ,
Application Name,Application名,
Application Version,アプリケーションバージョン,
Application is not installed,アプリケーションはインストールされていません,
Applied On,適用日,
Applies To (DocType),適用対象 (DocType),
Apply,適用,
Apply Assignment Rule,割り当てルールを適用,Button in list view actions menu
Apply Filters,フィルターを適用,
Apply Module Export Filter,モジュールエクスポートフィルターを適用,
Apply Strict User Permissions,厳格なユーザー権限を適用,
Apply To,適用先,
Apply To All Document Types,すべてのドキュメントタイプに適用,
Apply User Permission On,ユーザー権限の適用対象,
Apply User Permission for following DocTypes,次の DocType にユーザー権限を適用,
Apply User Permissions,ユーザー権限を適用,
Apply document permissions,ドキュメント権限を適用,
Apply this rule if the User is the Owner,ユーザーが所有者である場合にこのルールを適用,
Apply to all Documents Types,すべてのドキュメントタイプに適用,
Applying: {0},適用中: {0},
Approval Required,承認が必要です,
Apps,アプリ,
Apps Involved,関連アプリ,
Ar,アラビア語,Number system
Archive,アーカイブ,
Archived,アーカイブ済,
Archived Columns,アーカイブ済み列,
Are you sure you want to cancel the invitation?,招待をキャンセルしてもよろしいですか？,
Are you sure you want to clear the assignments?,割り当てをクリアしてもよろしいですか？,
Are you sure you want to delete all {0} rows?,すべての{0}行を削除してもよろしいですか？,
Are you sure you want to delete page {0}?,ページ {0} を削除してもよろしいですか？,
Are you sure you want to delete the attachment?,添付ファイルを削除してもよろしいですか？,
Are you sure you want to delete the column? All the fields in the column will be moved to the previous column.,この列を削除してもよろしいですか？この列のすべてのフィールドは前の列に移動されます。,Confirmation dialog message
Are you sure you want to delete the section? All the columns along with fields in the section will be moved to the previous section.,このセクションを削除してもよろしいですか？このセクションのすべての列とフィールドは前のセクションに移動されます。,Confirmation dialog message
Are you sure you want to delete the tab? All the sections along with fields in the tab will be moved to the previous tab.,このタブを削除してもよろしいですか？このタブのすべてのセクションとフィールドは前のタブに移動されます。,Confirmation dialog message
Are you sure you want to delete this record?,このレコードを削除してもよろしいですか？,
Are you sure you want to discard the changes?,変更を破棄してもよろしいですか？,
Are you sure you want to generate a new report?,新しいレポートを生成してもよろしいですか？,
Are you sure you want to log out?,ログアウトしてもよろしいですか？,
Are you sure you want to merge {0} with {1}?,{0}を{1}とマージしてもよろしいですか？,
Are you sure you want to proceed?,続行してもよろしいですか？,
Are you sure you want to re-enable scheduler?,スケジューラーを再度有効にしてもよろしいですか？,
Are you sure you want to relink this communication to {0}?,このコミュニケーションを{0}に再リンクしてもよろしいですか？,
Are you sure you want to relink this communication?,このコミュニケーションを再リンクしてもよろしいですか？,
Are you sure you want to remove all failed jobs?,失敗したすべてのジョブを削除してもよろしいですか？,
Are you sure you want to remove the {0} filter?,{0}フィルターを削除してもよろしいですか？,
Are you sure you want to resend the invitation?,招待を再送してもよろしいですか？,
Are you sure you want to reset all customizations?,すべてのカスタマイズをリセットしてもよろしいですか？,
Are you sure you want to save this document?,このドキュメントを保存してもよろしいですか？,
Are you sure you want to send this newsletter now?,このニュースレターを今すぐ送信してもよろしいですか？,
Are you sure you want to {0}?,{0}してもよろしいですか？,
Are you sure?,よろしいですか？,
Arguments,引数,
Arial,Arial,
"As a best practice, do not assign the same set of permission rule to different Roles. Instead, set multiple Roles to the same User.",ベストプラクティスとして、同じ権限ルールセットを異なるロールに割り当てないでください。代わりに、同じユーザーに複数のロールを設定してください。,
"As document sharing is disabled, please give them the required permissions before assigning.",ドキュメント共有が無効になっているため、割り当てる前に必要な権限を付与してください。,
"As per your request, your account and data on {0} associated with email {1} has been permanently deleted",ご要望に応じて、メールアドレス {1} に関連付けられた {0} 上のアカウントとデータは完全に削除されました。,
Ask,確認,
Assign,割り当て,
Assign Condition,割り当て条件,
Assign To,割り当て先,
Assign To,割り当て,Button in list view actions menu
Assign To User Group,ユーザーグループに割り当て,
Assign To Users,ユーザーに割り当て,
Assign a permission level to the field.,フィールドに権限レベルを割り当てます。,
Assign a user,ユーザーを割り当てる,
"Assign one by one, in sequence",順番に1つずつ割り当てる,
Assign to me,自分に割り当てる,
Assign to the one who has the least assignments,最も割り当てが少ないユーザーに割り当てる,
Assign to the user set in this field,このフィールドで設定されたユーザーに割り当てる,
Assigned,割り当て済,
Assigned By,割り当て元,
Assigned By Full Name,Assigned By Full名,
Assigned To,割り当て先,
Assigned To/Owner,割り当て先/所有者,
Assignee,担当者,
Assigning...,割り当て中...,
Assignment,割り当て,
Assignment Completed,割り当て完了,
Assignment Days,割り当て日数,
Assignment Rule,割り当てルール,
Assignment Rule Day,割り当てルール日,
Assignment Rule User,割り当てルールユーザー,
Assignment Rule is not allowed on document type {0},ドキュメントタイプ {0} では割り当てルールは許可されていません,
Assignment Rules,割り当てルール,
Assignment Update on {0},{0} の割り当て更新,
Assignment for {0} {1},{0} {1} の割り当て,
Assignment of {0} removed by {1},{0} の割り当ては {1} によって削除されました,
Assignments,割り当て,
Asynchronous,非同期,
At least one column is required to show in the grid.,グリッドに表示するには、少なくとも1つの列が必要です。,
At least one field is required in Web Form Fields Table,ウェブフォームフィールドテーブルには少なくとも1つのフィールドが必要です,
At least one field of Parent Document Type is mandatory,At least one field of Parent Document Typeは必須です,
Atleast one field is required in Web Form Fields Table,ウェブフォーム項目テーブルには、少なくとも 1 つの項目が必要です,
Attach,添付,
Attach Document Print,ドキュメント印刷を添付,
Attach Files,ファイルを添付,
Attach Image,画像を添付,
Attach Package,パッケージを添付,
Attach Print,印刷を添付,
Attach a web link,ウェブリンクを添付,
Attach files / urls and add in table.,ファイル/URLを添付し、テーブルに追加します。,
Attached File,添付ファイル,
Attached To DocType,DocTypeに添付,
Attached To Field,フィールドに添付,
Attached To Name,Attached To名,
Attached To Name must be a string or an integer,添付先名は文字列または整数である必要があります,
Attachment,添付,
Attachment Limit (MB),添付ファイル制限 (MB),
Attachment Limit Reached,添付ファイル制限に達しました,
Attachment Link,添付リンク,
Attachment Not Found,添付ファイルが見つかりません,
Attachment Removed,添付ファイルが削除されました,
Attachment Settings,添付ファイル設定,
Attachments,添付ファイル,
Attempting Connection to QZ Tray...,QZ Trayへの接続を試行中...,
Attempting to launch QZ Tray...,QZ Trayの起動を試行中...,
Attendee not found in this event.,このイベントに参加者が見つかりません。,
Attending,出席中,
Attribution,帰属,
Audit System Hooks,システムフックの監査,
Audit Trail,監査証跡,
Audits,監査,
Auth URL Data,認証URLデータ,
Auth URL data should be valid JSON,認証URLデータは有効なJSONである必要があります,
Authenticate as Service Principal,サービスプリンシパルとして認証,
Authentication,認証,
Authentication Apps you can use are:,使用できる認証アプリは次のとおりです。,
Authentication failed while receiving emails from Email Account: {0}.,メールアカウント: {0} からメールを受信中に認証に失敗しました。,
Author,著者,
Authorization,認可,
Authorization Code,認証コード,
Authorization URI,認証URI,
Authorization error for {}.,{} の認証エラー。,
Authorize API Access,APIアクセスを承認,
Authorize API Indexing  Access,APIインデックス作成アクセスを承認,
Authorize Google Calendar Access,Googleカレンダーアクセスを承認,
Authorize Google Contacts Access,Google連絡先アクセスを承認,
Authorize URL,認証URL,
Authorized,認可済,
Authors,著者,
Authors / Maintainers,著者 / メンテナー,
Auto,自動,
Auto Create Serial and Batch Bundle For Outward,出庫時にシリアル・バッチバンドルを自動作成,
Auto Email Report,Auto Emailレポート,
Auto Insert Item Price If Missing,品目価格が無い場合は自動登録,
Auto Name,自動名,
Auto Repeat,自動繰り返し,
Auto Repeat Day,自動繰り返し日,
Auto Repeat Day{0} {1} has been repeated.,自動繰り返し日 {0} {1} が繰り返されました。,
Auto Repeat Document Creation Failed,自動繰り返しドキュメント作成失敗,
Auto Repeat Schedule,自動繰り返しスケジュール,
Auto Repeat User,自動繰り返しユーザー,
Auto Repeat created for this document,このドキュメントの自動繰り返しが作成されました,
Auto Repeat failed for {0},{0} の自動繰り返しに失敗しました,
Auto Reply,自動返信,
Auto Reply Message,自動返信メッセージ,
Auto Reserve Serial and Batch Nos,シリアル番号・バッチ番号を自動引当,
Auto Reserve Stock for Sales Order on Purchase,購買時に受注向け在庫を自動引当,
Auto assignment failed: {0},自動割り当てに失敗しました: {0},
Auto follow documents that are assigned to you,あなたに割り当てられたドキュメントを自動フォロー,
Auto follow documents that are shared with you,あなたと共有されたドキュメントを自動フォロー,
Auto follow documents that you Like,あなたが「いいね」したドキュメントを自動フォロー,
Auto follow documents that you comment on,あなたがコメントしたドキュメントを自動フォロー,
Auto follow documents that you create,あなたが作成したドキュメントを自動フォロー,
Auto repeat failed. Please enable auto repeat after fixing the issues.,自動繰り返しに失敗しました。問題を修正した後、自動繰り返しを有効にしてください。,
Autocomplete,オートコンプリート,
Autoincrement,自動インクリメント,
Automate processes and extend standard functionality using scripts and background jobs,スクリプトとバックグラウンドジョブを使用してプロセスを自動化し、標準機能を拡張します,
Automated Message,自動メッセージ,
Automatic,自動,
Automatic Linking can be activated only for one Email Account.,自動リンクは1つのメールアカウントでのみ有効にできます。,
Automatic Linking can be activated only if Incoming is enabled.,自動リンクは受信が有効な場合にのみ有効にできます。,
Automatic sending of emails is disabled via site config.,サイト設定により、メールの自動送信は無効になっています。,
Automatically Assign Documents to Users,ドキュメントをユーザーに自動割り当て,
Automatically applied a filter for recent data. You can disable this behavior from the list view settings.,最近のデータにフィルターが自動的に適用されました。この動作はリストビュー設定から無効にできます。,
Automatically delete account within (hours),アカウントを自動的に削除する (時間以内),
Automation,自動化,
Average,平均,
Average of {0},{0}の平均,
Avoid dates and years that are associated with you.,あなたに関連する日付や年を避けてください。,
Avoid recent years.,最近の年を避けてください。,
Avoid sequences like abc or 6543 as they are easy to guess,abcや6543のような推測しやすい連続した文字列は避けてください。,
Avoid years that are associated with you.,あなたに関連する年を避けてください。,
Awaiting Password,パスワード待ち,
Awaiting password,パスワード待ち,
Awesome Work,素晴らしい作業,
"Awesome, now try making an entry yourself",素晴らしいです。今度はご自身で入力してみてください。,
B,B,Number system
B0,B0,
B1,B1,
B10,B10,
B2,B2,
B3,B3,
B4,B4,
B5,B5,
B6,B6,
B7,B7,
B8,B8,
B9,B9,
BCC,BCC,
BCC,BCC,Email Recipients
BOM Info,部品表情報,
Back,戻る,
Back to Desk,デスクに戻る,
Back to Home,ホームに戻る,
Back to Login,ログインに戻る,
Back to sign in,サインインに戻る,
Background Color,背景色,
Background Image,背景画像,
Background Job,バックグラウンドジョブ,
Background Jobs,バックグラウンドジョブ,
Background Jobs Check,バックグラウンドジョブチェック,
Background Jobs Queue,バックグラウンドジョブキュー,
Background Print (required for >25 documents),バックグラウンド印刷 (25件以上のドキュメントに必要),
Background Workers,バックグラウンドワーカー,
Backup Encryption Key,バックアップ暗号化キー,
Backup job is already queued. You will receive an email with the download link,バックアップジョブはすでにキューに追加されています。ダウンロードリンクが記載されたメールが届きます。,
Backups,バックアップ,
Backups (MB),バックアップ (MB),
Bad Cron Expression,不正なCron式,
Banker's Rounding,銀行型丸め,
Banker's Rounding (legacy),銀行型丸め (レガシー),
Banner,バナー,
Banner HTML,バナーHTML,
Banner Image,バナー画像,
Banner is above the Top Menu Bar.,バナーはトップメニューバーの上に表示されます。,
Bar,バー,
Barcode,バーコード,
Base Distinguished Name (DN),ベース識別名 (DN),
Base URL,ベースURL,
Based On,基準,
Based on Field,フィールドに基づく,
Based on Permissions For User,ユーザーの権限に基づく,
Basic,基本,
Basic Info,基本情報,
Before,前,
Before Cancel,キャンセル前,
Before Delete,削除前,
Before Discard,破棄前,
Before Insert,挿入前,
Before Print,印刷前,
Before Rename,名前変更前,
Before Save,保存前,
Before Save (Submitted Document),保存前 (提出済ドキュメント),
Before Submit,提出前,
Before Validate,検証前,
Beginner,初級,
Beginning with,～で始まる,
Beta,ベータ,
Better add a few more letters or another word,もう少し文字を追加するか、別の単語を追加してください,
Between,間,
Billing,請求,
Billing Contact,請求連絡先,
Binary Logging,バイナリロギング,
Bio,プロフィール,
Birth Date,生年月日,
Blank Template,Blankテンプレート,
Block Module,モジュールのブロック,
Block Modules,モジュールのブロック,
"Blogs, Website View Tracking, and more.",ブログ、ウェブサイトの閲覧トラッキングなど。,
Blue,青,
Bold,太字,
Bot,ボット,
Both DocType and Name required,DocTypeと名前の両方が必須です,
Both login and password required,ログインとパスワードの両方が必須です,
Bottom,下部,
Bottom Center,下中央,
Bottom Left,左下,
Bottom Right,右下,
Bounced,バウンス,
Brand,ブランド,
Brand HTML,ブランドHTML,
Brand Image,ブランド画像,
Brand Logo,ブランドロゴ,
"Brand is what appears on the top-left of the toolbar. If it is an image, make sure it
has a transparent background and use the &lt;img /&gt; tag. Keep size as 200px x 30px","ブランドはツールバーの左上に表示されるものです。画像を使用する場合は、背景が透明であることを
確認し、&lt;img /&gt; タグを使用してください。サイズは 200px x 30px にしてください",
Breadcrumbs,パンくずリスト,
Browser,ブラウザ,
Browser Version,ブラウザバージョン,
Browser not supported,ブラウザはサポートされていません,
Brute Force Security,ブルートフォースセキュリティ,
Bufferpool Size,バッファプールサイズ,
Build,ビルド,
"Build your own reports, print formats, and dashboards. Create personalized workspaces for easier navigation",独自のレポート、印刷フォーマット、ダッシュボードを作成します。より簡単なナビゲーションのためにパーソナライズされたワークスペースを作成します。,
Build {0},{0}をビルド,
Built on {0},{0}で構築,
Bulk Actions,一括アクション,
Bulk Delete,一括削除,
Bulk Edit,一括編集,
Bulk Edit {0},{0}を一括編集,
Bulk Email,一括メール,
Bulk Email records.,一括メールの記録。,
Bulk Operation Failed,一括操作に失敗しました,
Bulk Operation Successful,一括操作に成功しました,
Bulk PDF Export,一括PDFエクスポート,
Bulk Update,一括更新,
Bulk approval only support up to 500 documents.,一括承認は最大500件のドキュメントのみをサポートしています。,
Bulk operation is enqueued in background.,一括操作はバックグラウンドでキューに追加されました。,
Bulk operations only support up to 500 documents.,一括操作は最大500件のドキュメントのみをサポートしています。,
Bulk {0} is enqueued in background.,一括{0}はバックグラウンドでキューに追加されました。,
Button,ボタン,
Button Color,ボタンの色,
Button Gradients,ボタンのグラデーション,
Button Rounded Corners,ボタンの角丸,
Button Shadows,ボタンの影,
"By ""Naming Series"" field",「命名シリーズ」フィールドによる,
"By default the title is used as meta title, adding a value here will override it.",デフォルトではタイトルがメタタイトルとして使用されますが、ここに値を追加すると上書きされます。,
By fieldname,フィールド名による,
By script,スクリプトによる,
Bypass Restricted IP Address Check If Two Factor Auth Enabled,2要素認証が有効な場合、制限されたIPアドレスチェックをバイパスする,
Bypass Two Factor Auth for users who login from restricted IP Address,制限されたIPアドレスからログインするユーザーの2要素認証をバイパスする,
Bypass restricted IP Address check If Two Factor Auth Enabled,2要素認証が有効な場合、制限されたIPアドレスチェックをバイパスする,
C5E,C5E,
CANCELLED,キャンセル済,
CC,CC,
CC,CC,Email Recipients
CMD,CMD,
COLOR PICKER,カラーピッカー,
CSS,CSS,
CSS Class,CSSクラス,
CSS selector for the element you want to highlight.,ハイライトしたい要素のCSSセレクター。,
CSV,CSV,
Cache,キャッシュ,
Cache Cleared,キャッシュをクリアしました,
Calculate Product Bundle Price based on Child Items' Rates,構成品目の単価にもとづいて製品バンドル価格を計算,
Calendar,カレンダー,
Calendar Name,Calendar名,
Calendar View,カレンダービュー,
Call,コール,
Call To Action,コールトゥアクション,
Call To Action URL,コールトゥアクションURL,
Callback Message,コールバックメッセージ,
Callback Title,コールバックタイトル,
Camera,カメラ,
Campaign,キャンペーン,
Campaign Description (Optional),キャンペーン説明 (オプション),
Can Submit,提出できる,
Can not rename as column {0} is already present on DocType.,DocTypeに列 {0} が既に存在するため、名前を変更できません。,
Can only change to/from Autoincrement naming rule when there is no data in the doctype,DocTypeにデータがない場合にのみ、自動インクリメント命名ルールへの変更またはからの変更が可能です。,
Can only list down the document types which has been linked to the User document type.,ユーザー文書タイプにリンクされている文書タイプのみをリスト表示できます。,
Can't follow since changes are not tracked.,変更が追跡されていないため、フォローできません。,
Can't rename {0} to {1} because {0} doesn't exist.,{0} が存在しないため、{0} を {1} に名前変更できません。,
Cancel,キャンセル,
Cancel,キャンセル,Button in list view actions menu
Cancel,キャンセル,Secondary button in warning dialog
Cancel All,すべてキャンセル,
Cancel All Documents,すべての文書をキャンセル,
Cancel Import,インポートをキャンセル,
Cancel Prepared Report,Cancel Preparedレポート,
Cancel Scheduling,予約を取り消す,
Cancel {0} documents?,{0} 件の文書をキャンセルしますか？,Title of confirmation dialog
Cancelled,キャンセル済,
Cancelled Document restored as Draft,キャンセルされた文書を下書きとして復元しました,
Cancelling,キャンセル中,Freeze message while cancelling a document
Cancelling documents,文書をキャンセル中,
Cancelling {0},{0} をキャンセル中,
Cannot Download Report due to insufficient permissions,権限不足のためレポートをダウンロードできません,
Cannot Fetch Values,値を取得できません,
Cannot Remove,削除できません,
Cannot Update After Submit,提出後は更新できません,
Cannot access file path {0},ファイルパス {0} にアクセスできません,
Cannot attach a folder to a document,フォルダーを文書に添付することはできません,
Cannot cancel before submitting while transitioning from <b>{0} State</b> to <b>{1} State</b>,<b>{0} ステータス</b>から<b>{1} ステータス</b>への移行中に、提出前にキャンセルすることはできません,
Cannot cancel before submitting. See Transition {0},提出前にキャンセルすることはできません。トランジション {0} を参照してください,
Cannot cancel {0}.,{0} をキャンセルできません。,
Cannot change docstatus from 0 (Draft) to 2 (Cancelled),文書ステータスを0 (下書き) から2 (キャンセル済) に変更できません,
Cannot change docstatus from 1 (Submitted) to 0 (Draft),文書ステータスを1 (提出済) から0 (下書き) に変更できません,
Cannot change field type in {0}: some existing values cannot be converted to the new type,{0}のフィールドタイプを変更できません: 既存の一部の値を新しいタイプに変換できません,
Cannot change state of Cancelled Document <b>({0} State)</b>,キャンセルされた文書のステータスを変更できません <b>({0} ステータス)</b>,
Cannot change state of Cancelled Document. Transition row {0},キャンセルされた文書のステータスを変更できません。トランジション行 {0},
Cannot change to/from autoincrement autoname in Customize Form,フォームのカスタマイズで自動インクリメントの自動命名への変更またはからの変更はできません,
Cannot configure Core DocTypes for Global Search.,グローバル検索のためにコアDocTypeを設定することはできません。,
Cannot create a {0} against a child document: {1},子文書 {1} に対して {0} を作成することはできません,
Cannot create private workspace of other users,他のユーザーのプライベートワークスペースを作成することはできません,
Cannot delete Desktop Icon '{0}' as it is restricted,デスクトップアイコン '{0}' は制限されているため削除できません,
Cannot delete Home and Attachments folders,ホームフォルダーと添付ファイルフォルダーは削除できません,
Cannot delete or cancel because {0} {1} is linked with {2} {3} {4},{0} {1} が {2} {3} {4} にリンクされているため、削除またはキャンセルできません,
Cannot delete standard action. You can hide it if you want,標準アクションは削除できません。必要であれば非表示にできます,
Cannot delete standard document state.,標準文書ステータスは削除できません。,
Cannot delete standard field <strong>{0}</strong>. You can hide it instead.,標準フィールド <strong>{0}</strong> は削除できません。代わりに非表示にできます。,
Cannot delete standard field. You can hide it if you want,標準フィールドは削除できません。必要であれば非表示にできます,
Cannot delete standard link. You can hide it if you want,標準リンクは削除できません。必要であれば非表示にできます,
Cannot delete system generated field <strong>{0}</strong>. You can hide it instead.,システム生成フィールド <strong>{0}</strong> は削除できません。代わりに非表示にできます。,
Cannot delete {0},{0} を削除できません,
Cannot delete {0} as it has child nodes,子ノードがあるため {0} を削除できません,
Cannot edit Standard Dashboards,標準ダッシュボードは編集できません,
"Cannot edit Standard Notification. To edit, please disable this and duplicate it",標準通知は編集できません。編集するには、これを無効にして複製してください,
Cannot edit Standard charts,標準チャートは編集できません,
Cannot edit a standard report. Please duplicate and create a new report,標準レポートは編集できません。複製して新しいレポートを作成してください,
Cannot edit cancelled document,キャンセルされた文書は編集できません,
Cannot edit filters for standard charts,標準チャートのフィルターは編集できません,
Cannot edit filters for standard number cards,標準ナンバーカードのフィルターは編集できません,
Cannot edit standard fields,標準フィールドは編集できません,
Cannot enable {0} for a non-submittable doctype,提出できないDocTypeに対して {0} を有効にすることはできません,
Cannot find file {} on disk,ディスク上にファイル {} が見つかりません,
Cannot get file contents of a Folder,フォルダーのファイルコンテンツを取得できません,
Cannot have multiple printers mapped to a single print format.,複数のプリンターを単一の印刷フォーマットにマッピングすることはできません。,
Cannot import table with more than 5000 rows.,5000行を超えるテーブルをインポートすることはできません。,
Cannot link cancelled document: {0},キャンセルされた文書 {0} をリンクできません,
Cannot map because following condition fails:,次の条件が満たされないためマッピングできません:,
Cannot match column {0} with any field,列 {0} をどのフィールドとも一致させることができません,
Cannot move row,行を移動できません,
Cannot register an empty XLSX style,空のXLSXスタイルを登録することはできません,
Cannot remove ID field,IDフィールドは削除できません,
Cannot set 'Report' permission if 'Only If Creator' permission is set,「作成者のみ」権限が設定されている場合、「レポート」権限を設定することはできません,
Cannot set Notification with event {0} on Document Type {1},文書タイプ {1} のイベント {0} で通知を設定することはできません,
Cannot share {0} with submit permission as the doctype {1} is not submittable,DocType {1} は提出できないため、提出権限を持つ {0} を共有することはできません,
Cannot submit {0}.,{0} を提出できません。,
Cannot update {0},{0} を更新できません,
Cannot use sub-query here.,ここでサブクエリを使用することはできません。,
Cannot use {0} in order/group by,order/group by で {0} を使用することはできません,
Cannot {0} {1}.,{0} {1} できません。,
Capitalization doesn't help very much.,大文字化はあまり役に立ちません。,
Capture,キャプチャ,
Card,カード,
Card Break,カード区切り,
Card Label,カードラベル,
Card Links,カードリンク,
Cards,カード,
Category,カテゴリ,
Category Description,カテゴリ説明,
Category Name,カテゴリ名,
Category for the in-app notification. Used for filtering and per-user email preferences.,アプリ内通知のカテゴリ。フィルタリングおよびユーザーごとのメール設定に使用されます。,
Center,中央,
Change,変更,
Change,変更,Coins
Change Image,画像を変更,
Change Label (via Custom Translation),ラベルを変更 (カスタム翻訳経由),
Change Letter Head,レターヘッドを変更,
Change Password,パスワードを変更,
Change Print Format,印刷フォーマットを変更,
"Change the starting / current sequence number of an existing series. <br>

Warning: Incorrectly updating counters can prevent documents from getting created.","既存のシリーズの開始番号/現在の連番を変更します。<br>

警告：カウンターの不正な更新はドキュメントの作成を妨げる可能性があります。",
Changed at,変更日時,
Changed by,変更者,
Changelog Feed,変更履歴フィード,
Changes,変更,
Changing any setting will reflect on all the email accounts associated with this domain.,いずれかの設定を変更すると、このドメインに関連付けられているすべてのメールアカウントに反映されます。,
Changing rounding method on site with data can result in unexpected behaviour.,データのあるサイトで丸め方法を変更すると、予期せぬ動作が発生する可能性があります。,
Channel,チャンネル,
Chart,チャート,
Chart Configuration,チャート設定,
Chart Name,Chart名,
Chart Options,チャートオプション,
Chart Source,チャートソース,
Chart Type,Chart種類,
Charts,チャート,
Chat,チャット,
Check,確認,
Check Request URL,リクエストURLを確認,
Check broken links,リンク切れを確認,
"Check columns to select, drag to set order.",選択する列をチェックし、ドラッグして順序を設定します。,
Check the Error Log for more information: {0},詳細については、エラーログを確認してください: {0},
Check this if the Update Value is a formula or expression (e.g. doc.amount * 2). Leave unchecked for plain text values.,更新値が数式または式 (例: doc.amount * 2) の場合は、これをチェックしてください。プレーンテキスト値の場合はチェックを外してください。,
Check this if you don't want users to sign up for an account on your site. Users won't get desk access unless you explicitly provide it.,ユーザーがサイトでアカウントを登録することを望まない場合は、これをチェックしてください。明示的に提供しない限り、ユーザーはデスクアクセスを取得できません。,
Check this if you want to force the user to select a series before saving. There will be no default if you check this.,保存する前にユーザーにシリーズを選択させたい場合は、これをチェックしてください。これをチェックすると、デフォルトはなくなります。,
"Check to display the full numeric value (e.g., 1,234,567 instead of 1.2M).","完全な数値 (例: 1.2Mではなく1,234,567) を表示するにはチェックしてください。",
Checking broken links...,リンク切れを確認しています...,
Checking one moment,少々お待ちください、確認中です,
"Checking this will enable tracking page views for blogs, web pages, etc.",これをチェックすると、ブログ、ウェブページなどのページビュー追跡が有効になります。,
Checking this will hide custom doctypes and reports cards in Links section,これをチェックすると、リンクセクションのカスタムDocTypeおよびレポートカードが非表示になります。,
Checking this will publish the page on your website and it'll be visible to everyone.,これをチェックすると、ページがウェブサイトに公開され、誰でも閲覧できるようになります。,
Checking this will show a text area where you can write custom javascript that will run on this page.,これをチェックすると、このページで実行されるカスタムJavaScriptを記述できるテキストエリアが表示されます。,
Child DocTypes are not allowed,子DocTypeは許可されていません,
Child Doctype,子DocType,
Child Item,子品目,
Child Table {0} for field {1} must be virtual,フィールド {1} の子テーブル {0} は仮想である必要があります,
Child Tables are shown as a Grid in other DocTypes,子テーブルは他のDocTypeでグリッドとして表示されます,
Child query fields for '{0}' must be a list or tuple.,'{0}' の子クエリフィールドはリストまたはタプルである必要があります。,
Choose Existing Card or create New Card,既存のカードを選択するか、新しいカードを作成してください,
Choose a block or continue typing,ブロックを選択するか、入力を続けてください,
Choose a color,色を選択,
Choose an icon,アイコンを選択,
Choose authentication method to be used by all users,すべてのユーザーが使用する認証方法を選択してください,
Choose which notification types are emailed to you. Unchecked types still show as in-app notifications.,メールで受け取る通知の種類を選択します。チェックを外した種類も、アプリ内通知には表示されます。,
City,市,
City/Town,市区町村,
Clear,クリア,
Clear & Add Template,消去してテンプレートを追加,
Clear & Add template,クリアしてテンプレートを追加,
Clear All,すべてクリア,
Clear Assignment,割り当てをクリア,Button in list view actions menu
Clear Error Logs,エラーログをクリア,
Clear Filters,フィルターをクリア,
Clear Link,リンクをクリア,
Clear Logs After (days),ログをクリアする日数 (日),
Clear User Permissions,ユーザー権限をクリア,
Clear all filters,すべてのフィルターをクリア,
Clear cache and reload,キャッシュをクリアして再読み込み,
Clear the email message and add the template,メールメッセージをクリアしてテンプレートを追加,
"Clearing end date, as it cannot be in the past for published pages.",公開済みのページでは終了日が過去に設定できないため、終了日をクリアしています。,
Click On Customize to add your first widget,カスタマイズをクリックして最初のウィジェットを追加してください,
Click below to accept your invitation and get started.,招待を承諾して開始するには、以下をクリックしてください。,
Click below to get started:,開始するには以下をクリックしてください:,
Click here,こちらをクリック,
Click on a file to select it.,ファイルをクリックして選択してください。,
Click on the button to log in to {0},{0} にログインするにはボタンをクリックしてください,
Click on the link below to approve the request,リクエストを承認するには、以下のリンクをクリックしてください,
Click on the link below to complete your registration and set a new password,登録を完了し、新しいパスワードを設定するには、以下のリンクをクリックしてください,
Click on the link below to download your data,データをダウンロードするには、以下のリンクをクリックしてください,
Click on the link below to verify your request,リクエストを確認するには、以下のリンクをクリックしてください,
Click on {0} to edit,編集するには {0} をクリックしてください,
Click on {0} to generate Refresh Token.,リフレッシュトークンを生成するには {0} をクリックしてください。,
Click table to edit,テーブルをクリックして編集,
Click the button below to complete your registration and set a new password.,登録を完了し、新しいパスワードを設定するには、以下のボタンをクリックしてください。,
Click the button below to sign in to your account. This link will expire in {0} minutes.,アカウントにサインインするには、以下のボタンをクリックしてください。このリンクは{0}分で期限切れになります。,
Click to Set Dynamic Filters,クリックして動的フィルターを設定,
Click to Set Filters,クリックしてフィルターを設定,
Click to sort by {0},{0} でソートするにはクリックしてください,
Clicked,クリック済,
Client,クライアント,
Client Code,クライアントコード,
Client Credentials,クライアント資格情報,
Client ID,クライアントID,
Client Id,クライアントID,
Client Information,クライアント情報,
Client Metadata,クライアントメタデータ,
Client Script,クライアントスクリプト,
Client Secret,クライアントシークレット,
Client Secret Basic,クライアントシークレットベーシック,
Client Secret Post,クライアントシークレットポスト,
Client URI,クライアントURI,
Client URLs,クライアントURL,
Client script,クライアントスクリプト,
Close,閉じる,
Close Condition,クローズ条件,
Close properties,プロパティを閉じる,
Closed,クローズ済,
Cloud settings,クラウド設定,
Cmd+Enter to add comment,Cmd+Enterでコメントを追加,
Code,コード,
Code Challenge,コードチャレンジ,
Code Editor Type,Code Editor種類,
Code challenge method,コードチャレンジメソッド,
Collapse,折りたたむ,
Collapse,折りたたむ,Shrink code field.
Collapse All,すべて折りたたむ,
Collapsible,折りたたみ可能,
Collapsible Depends On,折りたたみ可能依存,
Collapsible Depends On (JS),折りたたみ可能依存 (JS),
Color,色,
Column,列,
Column 1,列 1,
Column 2,列 2,
Column <b>{0}</b> already exist.,列 <b>{0}</b> はすでに存在します。,
Column Break,列区切り,
Column Labels:,列ラベル:,
Column Name,Column名,
Column Name cannot be empty,列名は空にできません,
Column Width,列幅,
Column width cannot be zero.,列幅をゼロにすることはできません。,
Column {0},列 {0},
Columns,列,
Columns / Fields,列 / フィールド,
Columns based on,列の基準,
Combination of Grant Type (<code>{0}</code>) and Response Type (<code>{1}</code>) not allowed,許可タイプ (<code>{0}</code>) と応答タイプ (<code>{1}</code>) の組み合わせは許可されていません,
Comm10E,Comm10E,
Comment,コメント,
Comment By,コメント者,
Comment Email,コメントメール,
Comment Type,Comment種類,
Comment can only be edited by the owner,コメントは所有者のみが編集できます,
Comment publicity can only be updated by the original author or a System Manager.,コメントの公開設定は、元の作成者またはシステムマネージャーのみが更新できます。,
Comments,コメント,
Comments and Communications will be associated with this linked document,コメントとコミュニケーションは、このリンクされたドキュメントに関連付けられます,
Comments cannot have links or email addresses,コメントにリンクやメールアドレスを含めることはできません,
Commercial Rounding,商用丸め,
Commit,コミット,
Committed,コミット済,
Common names and surnames are easy to guess.,一般的な名前や姓は推測されやすいです。,
Common words are easy to guess.,一般的な単語は推測されやすいです。,
Communication,コミュニケーション,
Communication Date,コミュニケーション日付,
Communication Link,コミュニケーションリンク,
Communication Logs,コミュニケーションログ,
Communication Type,Communication種類,
Communication secret not set,コミュニケーションシークレットが設定されていません,
Company Abbreviation (requires ERPNext to be installed),会社略称 (ERPNextのインストールが必要です),
Company History,会社沿革,
Company Introduction,会社紹介,
Company Name,会社名,
Compare Versions,バージョン比較,
Compilation warning,コンパイル警告,
Compiled Successfully,コンパイルに成功しました,
Complete,完了,
Complete By,完了者,
Complete Registration,登録を完了する,
Complete Setup,セットアップを完了する,Finish the setup wizard
Complete your registration,登録を完了する,
Completed,完了,
Completed By Role,完了ロール,
Completed By User,完了ユーザー,
Component,コンポーネント,
Compose Email,メール作成,
Compressed,圧縮済,
Condition,条件,
Condition JSON,条件JSON,
Condition Type,条件種類,
Condition description,条件の説明,
Conditions,条件,
Config,設定,
Configuration,設定,
Configure,設定,
Configure Chart,チャート設定,
Configure Columns,列の設定,
Configure Recorder,レコーダー設定,
Configure accounts for google calendar,Google カレンダー用のアカウントを設定,
Configure columns for {0},{0} の列を設定,
"Configure how amended documents will be named.<br>

Default behaviour is to follow an amend counter which adds a number to the end of the original name indicating the amended version. <br>

Default Naming will make the amended document to behave same as new documents.","修正済みドキュメントの命名方法を設定します。<br>

デフォルトの動作は、元の名前の末尾に修正バージョンを示す番号を追加する修正カウンターに従います。<br>

デフォルトの命名では、修正済みドキュメントは新規ドキュメントと同じ動作になります。",
Configure search fields,検索フィールドを設定,
Configure search settings,検索設定を設定,
"Configure various aspects of how document naming works like naming series, current counter.",命名シリーズ、現在のカウンターなど、ドキュメントの命名方法に関する様々な側面を設定します。,
Confirm,確認,
Confirm,確認,Confirm gravatar deletion prompt
Confirm,確認,Title of confirmation dialog
Confirm Access,アクセス確認,
Confirm Deletion of Account,勘定科目の削除を確認,
Confirm New Password,新しいパスワードを確認,
Confirm Password,パスワードを確認,
Confirm Request,リクエストを確認,
Confirmation Email Template,Confirmation Emailテンプレート,
Confirmed,確認済,
"Congratulations on completing the module setup. If you want to learn more you can refer to the documentation <a target=""_blank"" href=""{0}"">here</a>.","モジュールのセットアップが完了しました。詳細については、<a target=""_blank"" href=""{0}"">こちら</a>のドキュメントを参照してください。",
Connect to {},{} に接続,
Connected App,接続済みアプリ,
Connected User,接続済みユーザー,
Connected to QZ Tray!,QZ Trayに接続しました！,
Connection Lost,接続が失われました,
Connection Success,接続成功,
Connection lost. Some features might not work.,接続が失われました。一部の機能が動作しない可能性があります。,
Connections,接続,
Console,コンソール,
Console Log,コンソールログ,
Console Logs can not be deleted,コンソールログは削除できません,
Constraints,制約,
Contact,連絡先,
Contact / email not found. Did not add attendee for -<br>{0},連絡先/メールが見つかりません。出席者を追加しませんでした -<br>{0},
Contact Details,Contact詳細,
Contact Email,連絡先メール,
Contact Numbers,連絡先番号,
Contact Phone,連絡先電話,
Contact Synced with Google Contacts.,連絡先がGoogleコンタクトと同期されました。,
Contact Us,お問い合わせ,
Contact Us Settings,Contact Us設定,
"Contact options, like ""Sales Query, Support Query"" etc each on a new line or separated by commas.",「営業に関するお問い合わせ、サポートに関するお問い合わせ」などの連絡先オプションを、それぞれ新しい行に記述するか、カンマで区切ります。,
Contacts,連絡先,
Contains {0} security fix,{0} 件のセキュリティ修正が含まれています,
Contains {0} security fixes,{0} 件のセキュリティ修正が含まれています,
Content,コンテンツ,
Content Hash,コンテンツハッシュ,
Content Type,コンテンツ種類,
Content data shoud be a list,コンテンツデータはリストである必要があります,
Content type for building the page,ページ構築用のコンテンツタイプ,
Context,コンテキスト,
Context Script,コンテキストスクリプト,
Continue,続行,
Contributed,貢献済,
Contribution Document Name,Contribution Document名,
Contribution Status,貢献ステータス,
"Controls whether new users can sign up using this Social Login Key. If unset, Website Settings is respected.",新規ユーザーがこのソーシャルログインキーを使用してサインアップできるかどうかを制御します。設定されていない場合、ウェブサイト設定が尊重されます。,
Convert Item Description to Clean HTML in Transactions,取引内の品目説明を整形済 HTML に変換する,
Copied to clipboard.,クリップボードにコピーしました。,
Copied {0} {1} to clipboard,{0} {1} をクリップボードにコピーしました,
Copy Apps Version,アプリバージョンをコピー,
Copy Embed Code,埋め込みコードをコピー,
Copy File URL,ファイルURLをコピー,
Copy Link,リンクをコピー,
Copy embed code,埋め込みコードをコピー,
Copy error to clipboard,エラーをクリップボードにコピー,
Copy to Clipboard,クリップボードにコピー,
Copy token to clipboard,トークンをクリップボードにコピー,
Copyright,著作権,
Core DocTypes cannot be customized.,コアDocTypeはカスタマイズできません。,
Core Modules {0} cannot be searched in Global Search.,コアモジュール {0} はグローバル検索で検索できません。,
Correct version :,正しいバージョン:,
Cost of Goods Sold Account in Items Table,品目テーブルの売上原価勘定,
Could not connect to outgoing email server,送信メールサーバーに接続できませんでした,
Could not find {0},{0} が見つかりませんでした,
Could not map column {0} to field {1},列 {0} をフィールド {1} にマッピングできませんでした,
Could not parse field: {0},フィールド {0} を解析できませんでした,
Could not reach your server: {0},サーバーに到達できませんでした: {0},
Could not start Chromium. Check logs for details.,Chromium を起動できませんでした。詳細はログを確認してください。,
Could not start up:,起動できませんでした:,
Could not start up: ,起動できませんでした: ,
Couldn't open Cloud settings. Please try again.,クラウド設定を開けませんでした。もう一度お試しください。,
"Couldn't save, please check the data you have entered",保存できませんでした。入力したデータを確認してください,
Count,件数,
Count Customizations,カスタマイズ数,
Count Filter,フィルター数,
Count of linked documents,リンクされたドキュメントの数,
Counter,カウンター,
Country,国,
Country Code Required,国コードは必須です,
Country Name,Country名,
County,郡,
Cr,貸方,Number system
Create,作成,
Create & Continue,作成して続行,
Create Account,アカウントを作成,
Create Address,住所を作成,
Create Blogger,ブロガーを作成,
Create Card,カードを作成,
Create Chart,チャートを作成,
Create Child Doctype,子DocTypeを作成,
Create Contacts from Incoming Emails,受信メールから連絡先を作成,
Create Duplicate,複製を作成,
Create Entry,エントリを作成,
Create Letter Head,レターヘッドを作成,
Create Log,ログを作成,
Create New,新規作成,
Create New,新規作成,Create a new document from list view
Create New DocType,新規DocTypeを作成,
Create New Kanban Board,新規カンバンボードを作成,
Create Saved Filter,保存済みフィルターを作成,
Create User Email,ユーザーメールを作成,
Create a New Format,新しいフォーマットを作成,
Create a Reminder,リマインダーを作成,
Create a new ...,新規作成 ...,
Create a new document,新規ドキュメントを作成,Description of a list view shortcut
Create a new {0},新規 {0} を作成,
Create a {0} Account,{0} 勘定科目を作成,
Create or Edit Print Format,印刷フォーマットを作成または編集,
Create or Edit Workflow,ワークフローを作成または編集,
Create your first {0},最初の {0} を作成,
Create your workflow visually using the Workflow Builder.,ワークフロービルダーを使用して、ワークフローを視覚的に作成します。,
Created,作成済,
Created At,作成日時,
Created By,作成者,
Created By You,あなたが作成,
Created By {0},{0} が作成,
Created Custom Field {0} in {1},{1} にカスタムフィールド {0} を作成しました,
Created On,作成日,
Creating {0},{0} を作成中,
Creation of this document is only permitted in developer mode.,このドキュメントの作成は開発者モードでのみ許可されています。,
Cron,Cron,
Cron Format,Cronフォーマット,
Cron format is required for job types with Cron frequency.,Cron頻度のジョブタイプにはCronフォーマットが必要です。,
Crop,トリミング,
Ctrl + Down,Ctrl + 下,
Ctrl + Up,Ctrl + 上,
Ctrl+Enter to add comment,Ctrl+Enterでコメントを追加,
Currency,通貨,
Currency Name,Currency名,
Currency Precision,通貨の精度,
"Currency list stores the currency value, its symbol and fraction unit",通貨リストには、通貨の値、その記号、および小数単位が保存されます,
Current,現在,
Current Index,現在のインデックス,
Current Job ID,現在のジョブID,
Current Series,現在のシリーズ,
Current Value,現在の値,
Current status,現在のステータス,
Currently Viewing,現在表示中,
Custom,カスタム,
Custom Base URL,カスタムベースURL,
Custom Block Name,カスタムブロック名,
Custom Blocks,カスタムブロック,
Custom CSS,カスタムCSS,
Custom Configuration,カスタム設定,
Custom Delimiters,カスタム区切り文字,
Custom DocPerm,カスタムDocPerm,
Custom Document Types (Select Permission),カスタムドキュメントタイプ (選択権限),
Custom Documents,カスタムドキュメント,
Custom Field,カスタムフィールド,
Custom Field {0} is created by the Administrator and can only be deleted through the Administrator account.,カスタムフィールド {0} は管理者によって作成されたものであり、管理者アカウントを通じてのみ削除できます。,
Custom Fields can only be added to a standard DocType.,カスタムフィールドは標準DocTypeにのみ追加できます。,
Custom Fields cannot be added to core DocTypes.,カスタムフィールドはコアDocTypeには追加できません。,
Custom Footer,カスタムフッター,
Custom Format,カスタムフォーマット,
Custom Group Search,カスタムグループ検索,
"Custom Group Search if filled needs to contain the user placeholder {0}, eg uid={0},ou=users,dc=example,dc=com","カスタムグループ検索が入力されている場合、ユーザープレースホルダー {0} を含める必要があります。例: uid={0},ou=users,dc=example,dc=com",
Custom HTML,カスタムHTML,
Custom HTML Block,カスタムHTMLブロック,
Custom HTML Help,カスタムHTMLヘルプ,
"Custom LDAP Directoy Selected, please ensure 'LDAP Group Member attribute' and 'Group Object Class' are entered",カスタムLDAPディレクトリが選択されました。「LDAPグループメンバー属性」と「グループオブジェクトクラス」が入力されていることを確認してください。,
Custom Label,カスタムラベル,
Custom Menu Items,カスタムメニュー項目,
Custom Options,カスタムオプション,
Custom Overrides,カスタムオーバーライド,
Custom Report,カスタムレポート,
Custom Reports,カスタムレポート,
Custom Role,カスタムロール,
Custom SCSS,カスタムSCSS,
Custom Sidebar Menu,カスタムサイドバーメニュー,
Custom Translation,カスタム翻訳,
Custom field renamed to {0} successfully.,カスタムフィールドの名前が {0} に正常に変更されました。,
"Custom get_list method for {0} must return a QueryBuilder object or None, got {1}",{0} のカスタム get_list メソッドは QueryBuilder オブジェクトまたは None を返す必要がありますが、{1} が返されました,
Custom?,カスタム？,
Customization,カスタマイズ,
Customization onboarding is all done!,カスタマイズのオンボーディングはすべて完了しました。,
Customizations Discarded,カスタマイズは破棄されました,
Customizations Reset,カスタマイズをリセット,
Customizations for <b>{0}</b> exported to:<br>{1},<b>{0}</b> のカスタマイズは以下にエクスポートされました:<br>{1},
Customize,カスタマイズ,
Customize,カスタマイズ,Button in list view menu
Customize Child Table,子テーブルをカスタマイズ,
Customize Dashboard,ダッシュボードをカスタマイズ,
Customize Form,フォームをカスタマイズ,
Customize Form - {0},フォームをカスタマイズ - {0},
Customize Form Field,フォームフィールドをカスタマイズ,
Customize Quick Filters,クイックフィルターをカスタマイズ,Customize qucik filters of List View
"Customize properties, naming, fields and more for standard doctypes",標準DocTypeのプロパティ、命名、フィールドなどをカスタマイズ,
Cut,切り取り,
Cyan,シアン,
DB Tables,DBテーブル,
DELAY,遅延,
DELETE,削除,
DESC,降順,
DLE,DLE,
DRAFT,下書き,
Daily,日次,
Daily Event Digest is sent for Calendar Events where reminders are set.,リマインダーが設定されているカレンダーイベントのデイリーイベントダイジェストが送信されます。,
Daily Events should finish on the Same Day.,日次イベントは同日中に完了する必要があります。,
Daily Long,日次（長）,
Daily Maintenance,日次メンテナンス,
Danger,危険,
Dark,ダーク,
Dark Color,ダークカラー,
Dark Theme,ダークテーマ,
Dashboard,ダッシュボード,
Dashboard Chart,ダッシュボードチャート,
Dashboard Chart Field,ダッシュボードチャートフィールド,
Dashboard Chart Link,ダッシュボードチャートリンク,
Dashboard Chart Source,ダッシュボードチャートソース,
Dashboard Manager,ダッシュボードマネージャー,
Dashboard Name,Dashboard名,
Dashboard Settings,Dashboard設定,
Dashboard View,ダッシュボードビュー,
Dashboards,ダッシュボード,
Data,データ,
Data Clipped,データがクリップされました,
Data Export,データエクスポート,
Data Import,データインポート,
Data Import Log,データインポートログ,
Data Import Template,Data Importテンプレート,
Data Import is not allowed for {0}. Enable 'Allow Import' in DocType settings.,{0}のデータインポートは許可されていません。DocType設定で「インポートを許可」を有効にしてください。,
Data Too Long,データが長すぎます,
Database,データベース,
Database Engine,データベースエンジン,
Database Processes,データベースプロセス,
Database Row Size Utilization,データベース行サイズ利用率,
Database Storage Usage By Tables,テーブル別データベースストレージ使用量,
Database Table Row Size Limit,データベーステーブル行サイズ制限,
"Database Table Row Size Utilization: {0}%, this limits number of fields you can add.",データベーステーブル行サイズ利用率: {0}%、これにより追加できるフィールドの数が制限されます。,
Database Version,データベースバージョン,
Date,日付,
Date Format,日付形式,
Date Range,日付範囲,
Date after which this security.txt should be considered stale. Expires timestamp is converted to UTC.,このsecurity.txtが期限切れとみなされる日付。有効期限のタイムスタンプはUTCに変換されます。,
Date and Number Format,日付と数値の形式,
Date {0} must be in format: {1},日付 {0} は形式: {1} である必要があります,
Dates are often easy to guess.,日付は推測されやすいことがよくあります。,
Datetime,日時,
Day,日,
Day of Week,曜日,
Day of month,月の日にち,
Days,日,Duration
Days After,経過日数,
Days Before,前日数,
Days Before or After,前または後の日数,
Days Remaining,残り日数,
Deadlock Occurred,デッドロックが発生しました,
Dear,様,
"Dear System Manager,",システム管理者様、,
"Dear User,",ユーザー様、,
Dear {0},{0}様,
Debug Log,デバッグログ,
Decimal Separator must be '.' when Quoting is set to Non-numeric,引用符が非数値に設定されている場合、小数点区切り記号は「.」である必要があります,
Decimal Separator must be a single character,小数点区切り記号は単一の文字である必要があります,
Default,デフォルト,
Default Address Template cannot be deleted,デフォルトの住所テンプレートは削除できません,
Default Amendment Naming,デフォルトの修正命名,
Default App,デフォルトアプリ,
Default Email Template,既定のメールテンプレート,
Default Inbox,デフォルト受信トレイ,
Default Incoming,デフォルト受信,
Default Letter Head,デフォルトレターヘッド,
Default Naming,デフォルト命名,
Default Outgoing,デフォルト送信,
Default Portal Home,デフォルトポータルホーム,
Default Print Format,デフォルト印刷形式,
Default Print Language,デフォルト印刷言語,
Default Redirect URI,デフォルトリダイレクトURI,
Default Role at Time of Signup,サインアップ時のデフォルトロール,
Default Sending,デフォルト送信,
Default Sending and Inbox,デフォルト送信と受信トレイ,
Default Sort Field,デフォルトソートフィールド,
Default Sort Order,デフォルトソート順,
Default Template For Field,フィールドのデフォルトテンプレート,
Default Theme,デフォルトテーマ,
Default User Role,デフォルトユーザーロール,
Default User Type,既定のユーザー種類,
Default Value,デフォルト値,
Default View,デフォルトビュー,
Default Workspace,デフォルトワークスペース,
Default display currency,デフォルト表示通貨,
Default for 'Check' type of field {0} must be either '0' or '1',「チェック」タイプのフィールド {0} のデフォルト値は「0」または「1」である必要があります,
Default value for {0} must be in the list of options.,{0} のデフォルト値はオプションのリストに含まれている必要があります。,
Default {0},デフォルト {0},
"Default: ""Contact Us""",デフォルト: 「お問い合わせ」,
DefaultValue,デフォルト値,
Defaults,デフォルト,
Defaults Updated,デフォルトが更新されました,
Defaults to `en`,デフォルトは `en`,
Defines actions on states and the next step and allowed roles.,状態に対するアクション、次のステップ、および許可されたロールを定義します。,
Defines how long exported reports sent via email are kept in the system. Older files will be automatically deleted.,メールで送信されたエクスポート済みレポートがシステムに保持される期間を定義します。古いファイルは自動的に削除されます。,
Defines workflow states and rules for a document.,ドキュメントのワークフローの状態とルールを定義します。,
Delayed,遅延,
Delete,削除,
Delete,削除,Button in list view actions menu
Delete,削除,Button in web form
Delete Account,勘定科目を削除,
Delete Background Exported Reports After (Hours),バックグラウンドでエクスポートされたレポートを削除する期間（時間）,
Delete Column,列を削除,Title of confirmation dialog
Delete Data,データを削除,
Delete Gravatar URLs,Gravatar の URL を削除,
Delete Kanban Board,カンバンボードを削除,
Delete Section,セクションを削除,Title of confirmation dialog
Delete Tab,タブを削除,Title of confirmation dialog
Delete Workspace,ワークスペースを削除,
Delete all,すべて削除,
Delete all {0} rows,すべての{0}行を削除,
Delete and Generate New,削除して新規生成,
Delete column,列を削除,Button text
Delete comment?,コメントを削除しますか？,
Delete entire column with fields,フィールドを含む列全体を削除,Button text
Delete entire section with fields,フィールドを含むセクション全体を削除,Button text
Delete entire tab with fields,フィールドを含むタブ全体を削除,Button text
Delete row,行を削除,
Delete section,セクションを削除,Button text
Delete tab,タブを削除,Button text
Delete this record to allow sending to this email address,このメールアドレスへの送信を許可するには、このレコードを削除してください,
Delete {0} item permanently?,{0}項目を完全に削除しますか？,Title of confirmation dialog
Delete {0} items permanently?,{0}項目を完全に削除しますか？,Title of confirmation dialog
Delete {0} rows,{0}行を削除,
Deleted,削除済,
Deleted DocType,削除済みDocType,
Deleted Document,削除済みドキュメント,
Deleted Name,削除済名,
Deleted all documents successfully,すべてのドキュメントを正常に削除しました,
Deleted!,削除しました！,
Deleting {0},{0}を削除中,
Deleting {0} records...,{0}レコードを削除中...,
Deleting {0}...,{0}を削除中...,
Deletion Steps,削除手順,
Deletion of this document is only permitted in developer mode.,このドキュメントの削除は、開発者モードでのみ許可されています。,
Delimiter Options,区切り文字オプション,
Delimiter detection failed. Try to enable custom delimiters and adjust the delimiter options as per your data.,区切り文字の検出に失敗しました。カスタム区切り文字を有効にし、データに合わせて区切り文字オプションを調整してみてください。,
Delimiter must be a single character,区切り文字は単一の文字である必要があります,
Delivery Status,配送ステータス,
Delivery Status Notification Type,配送ステータス通知タイプ,
Deny,拒否,
Department,部署,
Dependencies,依存関係,
Depends On,依存元,
Depth,深さ,
Descendants Of,子孫,
Descendants Of (inclusive),子孫 (自身を含む),
Description,説明,
Description to inform the user about any action that is going to be performed,実行されるアクションについてユーザーに通知するための説明,
Designation,役職,
Desk Access,デスクアクセス,
Desk Settings,デスク設定,
Desk Theme,デスクテーマ,
Desk User,デスクユーザー,
Desktop,デスクトップ,
Desktop Icon,デスクトップアイコン,
Desktop Layout,デスクトップレイアウト,
Desktop Settings,デスクトップ設定,
Details,詳細,
Detect CSV type,CSVタイプを検出,
Did not add,追加されませんでした,
Did not remove,削除されませんでした,
Didn't receive the link?,リンクが届きませんでしたか？,
Diff,差分,
"Different ""States"" this document can exist in. Like ""Open"", ""Pending Approval"" etc.",このドキュメントが存在しうる異なる「ステータス」。例えば「オープン」、「承認待ち」など。,
Digits,桁数,
Dinars,ディナール,Currency
Directory Server,ディレクトリサーバー,
Disable Auto Refresh,自動更新を無効にする,
Disable Automatic Recency Filters,自動最新フィルターを無効にする,
Disable Change Log Notification,変更ログ通知を無効にする,
Disable Comment Count,コメント数を無効にする,
Disable Count,カウントを無効にする,
Disable Document Sharing,ドキュメント共有を無効にする,
Disable Prepared Report Automation,準備済みレポートの自動化を無効化,
Disable Product Suggestion,製品提案を無効にする,
Disable Report,Disableレポート,
Disable SMTP server authentication,SMTPサーバー認証を無効にする,
Disable Scrolling,スクロールを無効にする,
Disable Serial No And Batch Selector,シリアル番号・バッチ選択を無効にする,
Disable Sidebar Stats,サイドバー統計を無効にする,
Disable Signup for your site,サイトのサインアップを無効にする,
Disable Standard Email Footer,標準メールフッターを無効にする,
Disable System Update Notification,システム更新通知を無効にする,
Disable Username/Password Login,ユーザー名/パスワードログインを無効にする,
Disable signups,サインアップを無効にする,
Disabled,無効,
Disabled Auto Reply,自動返信無効,
Discard,破棄,
Discard,破棄,Button in web form
Discard,破棄,Discard Email
Discard {0},{0}を破棄,
Discard?,破棄しますか？,
Discarded,破棄済,
Disclaimer: These indexes are suggested based on data and queries performed during this recording. These suggestions may or may not help.,免責事項：これらのインデックスは、この記録中に実行されたデータとクエリに基づいて提案されています。これらの提案が役立つ場合とそうでない場合があります。,
Discussion Reply,ディスカッション返信,
Discussion Topic,ディスカッショントピック,
Dismiss,閉じる,
Dismiss,閉じる,Stop showing the onboarding widget.
Display,表示,
Display Depends On,表示依存元,
Display Depends On (JS),表示依存元 (JS),
Distinct Item and Warehouse,品目と倉庫の組み合わせ,
Divider,区切り線,
Do Not Create New User,新規ユーザーを作成しない,
Do Not Update Serial / Batch on Creation of Auto Bundle,自動バンドル作成時にシリアル・バッチを更新しない,
Do Not Use Batch-wise Valuation,バッチ別評価を使用しない,
Do not create new user if user with email does not exist in the system,システムにメールアドレスを持つユーザーが存在しない場合、新規ユーザーを作成しない,
Do not edit headers which are preset in the template,テンプレートにプリセットされているヘッダーは編集しないでください,
Do not warn me again about {0},{0}について再度警告しない,
Do you still want to proceed?,続行しますか？,
Do you want to cancel all linked documents?,リンクされているすべてのドキュメントをキャンセルしますか？,
Doc Event,ドキュメントイベント,
Doc Events,ドキュメントイベント,
Doc Status,ドキュメントステータス,
Doc Values,ドキュメント値,
DocField,DocField,
DocPerm,DocPerm,
DocShare,DocShare,
"DocStatus of the following states have changed:<br><strong>{0}</strong><br>
				Do you want to update the docstatus of existing documents in those states?<br>
				This does not undo any effect bought in by the document's existing docstatus.
				","以下の状態のDocStatusが変更されました：<br><strong>{0}</strong><br>
				既存のドキュメントのDocStatusを更新しますか？<br>
				これは、ドキュメントの既存のDocStatusによってもたらされた効果を元に戻すものではありません。
				",
DocType,DocType,
DocType <b>{0}</b> provided for the field <b>{1}</b> must have atleast one Link field,フィールド<b>{1}</b>に指定されたDocType <b>{0}</b>には、少なくとも1つのリンクフィールドが必要です,
DocType Action,DocType アクション,
DocType Event,DocType イベント,
DocType Layout,DocType レイアウト,
DocType Layout Field,DocType レイアウト項目,
DocType Link,DocType リンク,
DocType Missing,DocType 不足,
DocType State,DocType 状態,
DocType View,DocType ビュー,
DocType can not be merged,DocType はマージできません,
DocType can only be renamed by Administrator,DocType は管理者のみが名前変更できます,
DocType is a Table / Form in the application.,DocType はアプリケーション内のテーブル/フォームです。,
DocType must be Submittable for the selected Doc Event,選択した文書イベントを使うには、DocType が提出可能である必要があります,
DocType must have atleast one field,DocType には少なくとも1つのフィールドが必要です,
DocType not supported by Log Settings.,DocType はログ設定でサポートされていません。,
DocType on which this Workflow is applicable.,このワークフローが適用される DocType。,
DocType required,DocType は必須,
DocType {0} does not exist.,DocType {0} は存在しません。,
DocType {} not found,DocType {}が見つかりません,
DocType's name should not start or end with whitespace,DocType の名前は空白で開始または終了してはいけません,
"DocTypes can not be modified, please use {0} instead",DocType は変更できません。代わりに {0} を使用してください,
"DocTypes cannot be modified, please use {0} instead",DocType は変更できません。代わりに {0} を使用してください,
Doctype,DocType,
Doctype To Sync,同期するDocType,
Doctype name is limited to {0} characters ({1}),DocType 名は {0} 文字 ({1}) に制限されています,
Doctype required,DocType は必須,
Doctype with same route already exist. Please choose different title.,同じルートの DocType がすでに存在します。別のタイトルを指定してください。,
Document,ドキュメント,
Document Actions,ドキュメントアクション,
Document Follow,ドキュメントフォロー,
Document Follow Notification,ドキュメントフォロー通知,
Document Link,ドキュメントリンク,
Document Linking,ドキュメントリンク,
Document Links,ドキュメントリンク,
Document Links Row #{0}: Could not find field {1} in {2} DocType,ドキュメントリンク行 #{0}: DocType {2} にフィールド {1} が見つかりませんでした,
Document Links Row #{0}: Invalid doctype or fieldname.,ドキュメントリンク行 #{0}: 無効な DocType またはフィールド名です。,
Document Links Row #{0}: Parent DocType is mandatory for internal links,ドキュメントリンク行 #{0}: 内部リンクには親 DocType が必須です,
Document Links Row #{0}: Table Fieldname is mandatory for internal links,ドキュメントリンク行 #{0}: 内部リンクにはテーブルフィールド名が必須です,
Document Name,Document名,
Document Name (ID),ドキュメント名 (ID),
Document Name must not be empty,ドキュメント名を空にすることはできません,
Document Naming,ドキュメント命名,
Document Naming Rule,ドキュメント命名ルール,
Document Naming Rule Condition,ドキュメント命名ルール条件,
Document Naming Settings,文書の命名設定,
Document Queued,ドキュメントがキューに追加されました,
Document Restoration Summary,ドキュメント復元サマリー,
Document Restored,ドキュメントが復元されました,
Document Saved,ドキュメントが保存されました,
Document Share,ドキュメント共有,
Document Share Key,ドキュメント共有キー,
Document Share Key Expiry (in Days),ドキュメント共有キー有効期限 (日数),
Document Share Report,Document Shareレポート,
Document States,ドキュメント状態,
Document Status,ドキュメントステータス,
Document Tag,ドキュメントタグ,
Document Title,ドキュメントタイトル,
Document Type,Document種類,
Document Type and Function are required to create a number card,数値カードを作成するには、ドキュメントタイプと関数が必要です,
Document Type is not importable,ドキュメントタイプはインポートできません,
Document Type is not submittable,ドキュメントタイプは提出できません,
Document Type is required,ドキュメントタイプは必須です,
Document Type to Track,追跡するドキュメントタイプ,
Document Type {0} has been repeated.,ドキュメントタイプ {0} が繰り返されています。,
Document Types,ドキュメントタイプ,
Document Types (Select Permissions Only),ドキュメントタイプ (権限選択のみ),
Document Types and Permissions,ドキュメントタイプと権限,
Document Unlocked,ドキュメントがロック解除されました,
Document cannot be used as a filter value,ドキュメントをフィルター値として使用することはできません,
Document follow is not enabled for this user.,このユーザーに対してドキュメントフォローは有効になっていません。,
Document has been cancelled,文書が取り消されました,
Document has been submitted,文書が提出されました,
Document is in draft state,ドキュメントは下書き状態です,
Document is only editable by users of role,この文書を編集できるのは次のロールのユーザーのみです,
Document is only editable by users with role,ドキュメントはロールを持つユーザーのみが編集可能です,
Document not Relinked,ドキュメントは再リンクされませんでした,
Document renamed from {0} to {1},ドキュメントの名前が {0} から {1} へ変更されました,
Document renaming from {0} to {1} has been queued,ドキュメントの名前変更 ({0} から {1} へ) がキューに追加されました,
Document type is required to create a dashboard chart,ダッシュボードチャートを作成するにはドキュメントタイプが必要です,
Document {0} Already Restored,ドキュメント {0} は既に復元されています,
Document {0} has been set to state {1} by {2},ドキュメント {0} は {2} によって状態 {1} に設定されました,
Documentation Link,ドキュメントリンク,
Documentation URL,ドキュメントURL,
Documents,ドキュメント,
Documents restored successfully,ドキュメントが正常に復元されました,
Documents that failed to restore,復元に失敗したドキュメント,
Documents that were already restored,既に復元されたドキュメント,
Domain,ドメイン,
Domain Name,ドメイン名,
Domain Settings,ドメイン設定,
Domain is required.,ドメインは必須です。,
Domains HTML,ドメイン HTML,
"Don't HTML Encode HTML tags like &lt;script&gt; or just characters like &lt; or &gt;, as they could be intentionally used in this field",このフィールドでは &lt;script&gt; のようなHTMLタグや &lt; または &gt; のような文字が意図的に使用される可能性があるため、HTMLエンコードしないでください,
Don't Import,インポートしない,
Don't Override Status,ステータスを上書きしない,
Don't Reserve Sales Order Qty on Sales Return,返品時に受注数量を引き当てない,
Don't Send Emails,メールを送信しない,
"Don't encode HTML tags like &lt;script&gt; or just characters like &lt; or &gt;, as they could be intentionally used in this field",このフィールドでは &lt;script&gt; のようなHTMLタグや &lt; または &gt; のような文字が意図的に使用される可能性があるため、HTMLエンコードしないでください,
Don't have an account?,アカウントをお持ちではありませんか？,
Done,完了,
Donut,ドーナツ,
Double click to edit label,ラベルを編集するにはダブルクリック,
Download,ダウンロード,
Download,ダウンロード,Export report
Download Backups,バックアップをダウンロード,
Download Data,データをダウンロード,
Download Files Backup,ファイルバックアップをダウンロード,
Download Link,ダウンロードリンク,
Download PDF,PDFをダウンロード,
Download Report,Downloadレポート,
Download Template,Downloadテンプレート,
Download Your Data,データをダウンロード,
Download as CSV,CSVとしてダウンロード,
Download vCard,vCardをダウンロード,
Download vCards,vCardをダウンロード,
Dr,借方,
Draft,下書き,
Drag,ドラッグ,
Drag & Drop a section here from another tab,別のタブからここにセクションをドラッグ＆ドロップ,
Drag and drop files here or upload from,ここにファイルをドラッグ＆ドロップするか、からアップロード,
Drag columns to set order. Column width is set in percentage. The total width should not be more than 100. Columns marked in red will be removed.,列をドラッグして順序を設定します。列幅はパーセンテージで設定されます。合計幅は100を超えないようにしてください。赤でマークされた列は削除されます。,
Drag elements from the sidebar to add. Drag them back to trash.,サイドバーから要素をドラッグして追加します。ゴミ箱に戻すにはドラッグします。,
Drag to add state,ドラッグして状態を追加,
Drop files here,ここにファイルをドロップ,
Dropdowns,ドロップダウン,
DuckDB Sync,DuckDB同期,
DuckDB Sync Item,DuckDB同期項目,
Due Date,支払期日,
Due Date Based On,支払期日基準,
Duplicate,複製,
Duplicate Entry,重複入力,
Duplicate Filter Name,Duplicate Filter名,
Duplicate Name,複製名,
Duplicate Workspace,ワークスペースを複製,
Duplicate current row,現在の行を複製,
Duplicate field,フィールドを複製,
Duplicate of {0} named as {1} is created successfully,{0} の複製を {1} という名前で作成しました,
Duplicate row,行を複製,
Duplicate rows,行を複製,
Duplicate {0} rows,{0}行を複製,
Duration,期間,
Duration (ms),期間 (ミリ秒),
Dynamic,動的,
Dynamic Filters,動的フィルター,
Dynamic Filters JSON,動的フィルターJSON,
Dynamic Filters Section,動的フィルターセクション,
Dynamic Link,動的リンク,
Dynamic Report Filters,動的レポートフィルター,
Dynamic Route,動的ルート,
Dynamic Template,Dynamicテンプレート,
ESC,ESC,
"Each document created in ERPNext can have a unique ID generated for it, using a prefix defined for it. Though each document has some prefix pre-configured, you can further customize it using tools like Naming Series Tool and Document Naming Rule.
","ERPNext で作成する文書には、あらかじめ定義した接頭辞を使って一意の ID を採番できます。各文書には既定の接頭辞が設定済みですが、命名シリーズツールや文書命名ルールを使ってさらに調整できます。
",
Edit,編集,
Edit,編集,Button in list view actions menu
Edit,編集,Button in web form
Edit,編集,Edit grid row
Edit Address in Form,フォームで住所を編集,
Edit Auto Email Report Settings,Edit Auto Email Report設定,
Edit Chart,チャートを編集,
Edit Custom Block,カスタムブロックを編集,
Edit Custom HTML,カスタムHTMLを編集,
Edit DocType,DocTypeを編集,
Edit DocType,DocTypeを編集,Button in list view menu
Edit Existing,既存を編集,
Edit Filter,フィルターを編集,
Edit Filters,フィルターを編集,
Edit Footer,フッターを編集,
Edit Format,フォーマットを編集,
Edit Full Form,完全なフォームを編集,
Edit HTML,HTMLを編集,
Edit Header,ヘッダーを編集,
Edit Heading,見出しを編集,
Edit Letter Head,レターヘッドを編集,
Edit Letter Head Footer,レターヘッドフッターを編集,
Edit Links,リンクを編集,
Edit Number Card,ナンバーカードを編集,
Edit Onboarding,オンボーディングを編集,
Edit Permissions,権限を編集,
Edit Print Format,印刷フォーマットを編集,
Edit Profile,プロフィールを編集,
Edit Properties,プロパティを編集,
Edit Quick List,Edit Quickリスト,
Edit Role Permissions,ロール権限を編集,
Edit Section,セクションを編集,
Edit Shortcut,ショートカットを編集,
Edit Sidebar,サイドバーを編集,
Edit Values,値を編集,
Edit Workspace,ワークスペースを編集,
Edit mode,編集モード,
Edit row,行を編集,
Edit the {0} Doctype,{0} DocTypeを編集,
Edit to add content,コンテンツを追加するために編集,
Edit your response,回答を編集,Button in web form
Edit your workflow visually using the Workflow Builder.,ワークフロービルダーを使用して、ワークフローを視覚的に編集します。,
Edit {0},{0}を編集,
Edit {0} rows,{0} 行を編集,
Editable Grid,編集可能なグリッド,
Editing Row,行を編集中,
Editing {0},{0}を編集中,
Eg. smsgateway.com/api/send_sms.cgi,例: smsgateway.com/api/send_sms.cgi,
Either key or IP flag is required.,key または IP フラグのいずれかが必要です。,
Element Selector,要素セレクター,
Email,メール,
Email Account,メールアカウント,
Email Account Disabled.,メールアカウントが無効です。,
Email Account Name,Email Account名,
Email Account added multiple times,メールアカウントが複数回追加されました,
Email Account not setup. Please create a new Email Account from Settings > Email Account,メールアカウントが設定されていません。設定 > メールアカウントから新しいメールアカウントを作成してください。,
Email Account setup please enter your password for:,メールアカウントの設定です。次のパスワードを入力してください:,
Email Account {0} Disabled,メールアカウント {0} は無効です,
Email Address,メールアドレス,
Email Address whose Google Contacts are to be synced.,Googleコンタクトを同期するメールアドレス。,
Email Addresses,メールアドレス,
Email Alert,メール通知,
Email Alert Recipient,メール通知の宛先,
Email By Document Field,文書のフィールドで宛先を決める,
Email By Role,ロールで宛先を決める,
Email Domain,メールドメイン,
Email Field,メールフィールド,
Email Fieldname,メールのフィールド名,
Email Flag Queue,メールフラグキュー,
Email Footer Address,メールフッターアドレス,
Email Group,メールグループ,
Email Group Member,メールグループメンバー,
Email Header,メールヘッダー,
Email ID,メールID,
Email IDs,メールID,
Email Id,メールID,
Email Inbox,メール受信トレイ,
Email Queue,メールキュー,
Email Queue Recipient,メールキュー受信者,
Email Queue flushing aborted due to too many failures.,多数の失敗により、メールキューのフラッシュが中止されました。,
Email Queue records.,メールキューレコード。,
Email Reply Help,メール返信ヘルプ,
Email Retry Limit,メール再試行制限,
Email Rule,メールルール,
Email Sent,メール送信済,
Email Sent At,メール送信日時,
Email Sent?,メール送信済,
Email Settings,メール設定,
Email Signature,メール署名,
Email Status,メールステータス,
Email Sync Option,メール同期オプション,
Email Template,メールテンプレート,
Email Threads on Assigned Document,割り当てられたドキュメントのメールスレッド,
Email To,宛先メール,
Email Unsubscribe,メール購読解除,
Email everyone for <b>{0}</b> notifications? This adds it to every user's email preferences. Users can still opt out individually afterwards.,<b>{0}</b> の通知を全員にメール送信しますか？ 全ユーザーのメール設定に追加されます。追加後も、ユーザーは個別に解除できます。,
Email has been marked as spam,メールはスパムとしてマークされました,
Email has been moved to trash,メールはゴミ箱に移動されました,
Email is mandatory to create User Email,ユーザーメールを作成するにはメールが必須です,
Email is required.,メールアドレスは必須です。,
Email me for these notification types,これらの通知タイプについてメールで通知する,
Email not sent to {0} (unsubscribed / disabled),{0} にメールは送信されませんでした (購読解除済み / 無効),
Email not verified with {0},{0} でメールが検証されていません,
Email queue is currently suspended. Resume to automatically send other emails.,メールキューは現在停止中です。他のメールを自動的に送信するには再開してください。,
Email sending undone,メール送信が取り消されました,
Email size {0:.2f} MB exceeds the maximum allowed size of {1:.2f} MB,メールサイズ {0:.2f} MB が最大許容サイズ {1:.2f} MB を超えています,
Email undo window is over. Cannot undo email.,メールの取り消し期間が終了しました。メールを取り消すことはできません。,
Emails,メール,
Emails Pulled,取得されたメール,
Emails are already being pulled from this account.,このアカウントから既にメールが取得されています。,
Emails are muted,メールはミュートされています,
Emails will be sent with next possible workflow actions,メールは次の可能なワークフローアクションで送信されます,
Embed code copied,埋め込みコードがコピーされました,
Empty alias is not allowed,空のエイリアスは許可されていません,
Empty column,空の列,
Empty string arguments are not allowed,空の文字列引数は許可されていません,
Enable,有効化,
Enable Action Confirmation,アクション確認を有効化,
Enable Address Autocompletion,住所の自動補完を有効化,
Enable Allow Auto Repeat for the doctype {0} in Customize Form,フォームのカスタマイズでドキュメントタイプ {0} の自動繰り返しを許可を有効化,
Enable Auto Reply,自動返信を有効化,
Enable Automatic Linking in Documents,ドキュメント内での自動リンクを有効化,
Enable Comments,コメントを有効化,
Enable Dynamic Client Registration,動的クライアント登録を有効化,
Enable Email Notifications,メール通知を有効化,
Enable Email Notifications for All Users,全ユーザーのメール通知を有効にする,
Enable Google API in Google Settings.,Google設定でGoogle APIを有効化します。,
Enable Google indexing,Googleインデックス登録を有効化,
Enable Incoming,受信を有効化,
Enable Onboarding,オンボーディングを有効化,
Enable Outgoing,送信を有効化,
Enable Password Policy,パスワードポリシーを有効化,
Enable Prepared Report,準備済みレポートを有効にする,
Enable Print Server,印刷サーバーを有効化,
Enable Push Notification Relay,プッシュ通知リレーを有効化,
Enable Rate Limit,レート制限を有効化,
Enable Raw Printing,生データ印刷を有効化,
Enable Report,有効化レポート,
Enable Scheduled Jobs,スケジュール済みジョブを有効化,
Enable Scheduler,スケジューラを有効化,
Enable Security,セキュリティを有効化,
Enable Snapshot Reports,スナップショットレポートを有効にする,
Enable Social Login,ソーシャルログインを有効化,
Enable Stock Reservation,在庫引当を有効にする,
Enable System Notification,システム通知を有効化,
Enable Tracking Page Views,ページビューの追跡を有効化,
Enable Two Factor Auth,二要素認証を有効化,
Enable Website Tracking,ウェブサイトのトラッキングを有効化,
Enable bulk edit for child table fields in Form view.,フォームビューで子テーブルフィールドの一括編集を有効にします。,
Enable bulk update of this field across child table rows.,子テーブルの行全体でこのフィールドの一括更新を有効にします。,
Enable developer mode to create a standard Print Template,標準の印刷テンプレートを作成するには、開発者モードを有効にしてください,
Enable developer mode to create a standard Web Template,Enable developer mode to create a standard Webテンプレート,
"Enable if on click
opens modal.","クリック時に
モーダルが開く場合に有効化します。",
Enable in-app website tracking,アプリ内ウェブサイト追跡を有効化,
Enable the notification type before emailing it to users.,ユーザーにメールで送信する前に、通知タイプを有効にしてください。,
Enabled,有効,
Enabled Scheduler,スケジューラが有効,
Enabled email inbox for user {0},ユーザー {0} のメール受信トレイが有効化されました,
Enables Calendar and Gantt views.,カレンダービューとガントビューを有効にします。,
Enabling auto reply on an incoming email account will send automated replies to all the synchronized emails. Do you wish to continue?,受信メールアカウントで自動返信を有効にすると、同期されたすべてのメールに自動返信が送信されます。続行しますか？,
Enabling email for {0} across all users in the background.,バックグラウンドで全ユーザーに対して{0}のメールを有効にしています。,
"Enabling this will register your site on a central relay server to send push notifications for all installed apps through Firebase Cloud Messaging. This server only stores user tokens and error logs, and no messages are saved.",これを有効にすると、Firebase Cloud Messaging を介してインストールされているすべてのアプリのプッシュ通知を送信するために、サイトが中央リレーサーバーに登録されます。このサーバーはユーザーのトークンとエラーログのみを保存し、メッセージは保存されません。,
Enabling this will submit documents in background,これを有効にすると、ドキュメントがバックグラウンドで提出されます,
Encrypt Backups,バックアップを暗号化,
Encryption key is in invalid format!,暗号化キーが無効な形式です！,
Encryption key is invalid! Please check site_config.json,暗号化キーが無効です！site_config.json を確認してください,
End,終了,
End Date,終了日,
End Date Field,終了日フィールド,
End Date cannot be before Start Date!,終了日は開始日より前にはできません！,
End Date cannot be today.,終了日は今日にすることはできません。,
Ended At,終了日時,
Endpoints,エンドポイント,
Ends on,終了日,
Energy Point,エナジーポイント,
Enqueued By,キューに追加者,
Enqueued creation of indexes,インデックスの作成をキューに追加しました,
Ensure the user and group search paths are correct.,ユーザーとグループの検索パスが正しいことを確認してください。,
Enter Client Id and Client Secret in Google Settings.,Google設定でクライアントIDとクライアントシークレットを入力してください。,
Enter Code displayed in OTP App.,OTPアプリに表示されているコードを入力してください。,
"Enter Email Recipient(s) in the To, CC, or BCC fields",To、CC、またはBCCフィールドにメール受信者を入力してください,
Enter Form Type,Enter Form種類,
Enter Value,金額,Title of prompt dialog
Enter a name for this {0},この {0} の名前を入力してください,
Enter at least one permission row,権限を1行以上入力してください,
"Enter default value fields (keys) and values. If you add multiple values for a field, the first one will be picked. These defaults are also used to set ""match"" permission rules. To see list of fields, go to ""Customize Form"".",デフォルト値フィールド（キー）と値を入力してください。フィールドに複数の値を追加した場合、最初の値が選択されます。これらのデフォルト値は、「一致」権限ルールを設定するためにも使用されます。フィールドのリストを表示するには、「フォームのカスタマイズ」に移動してください。,
Enter folder name,フォルダ名を入力,
"Enter list of Options, each on a new line.",オプションのリストを、各行に1つずつ入力してください。,
"Enter static url parameters here (Eg. sender=ERPNext, username=ERPNext, password=1234 etc.)","ここに静的URLパラメータを入力してください (例: sender=ERPNext, username=ERPNext, password=1234 など)",
Enter the fieldname of the currency field or a cached value (e.g. Company:company:default_currency).,通貨フィールドのフィールド名、またはキャッシュされた値 (例: Company:company:default_currency) を入力してください。,
Enter url parameter for message,メッセージ用のURLパラメータを入力,
Enter url parameter for receiver nos,受信者番号用のURLパラメータを入力,
Enter your password,パスワードを入力してください,
Entity Name,Entity名,
Entity Type,Entity種類,
Equals,等しい,
Error,エラー,
Error,エラー,Title of error message in web form
Error Log,エラーログ,
Error Logs,エラーログ,
Error Message,エラーメッセージ,
"Error connecting to QZ Tray Application...<br><br> You need to have QZ Tray application installed and running, to use the Raw Print feature.<br><br><a target=""_blank"" href=""https://qz.io/download/"">Click here to Download and install QZ Tray</a>.<br> <a target=""_blank"" href=""https://erpnext.com/docs/user/manual/en/setting-up/print/raw-printing"">Click here to learn more about Raw Printing</a>.","QZ Trayアプリケーションへの接続エラー...<br><br> 生データ印刷機能を使用するには、QZ Trayアプリケーションがインストールされ、実行されている必要があります。<br><br><a target=""_blank"" href=""https://qz.io/download/"">QZ Trayをダウンロードしてインストールするにはここをクリックしてください</a>。<br> <a target=""_blank"" href=""https://erpnext.com/docs/user/manual/en/setting-up/print/raw-printing"">生データ印刷の詳細についてはここをクリックしてください</a>。",
Error connecting via IMAP/POP3: {e},IMAP/POP3経由での接続エラー: {e},
Error connecting via SMTP: {e},SMTP経由での接続エラー: {e},
Error has occurred in {0},{0} でエラーが発生しました,
Error in Client Script,クライアントスクリプトのエラー,
Error in Client Script.,クライアントスクリプトでエラーが発生しました。,
Error in Header/Footer Script,ヘッダー/フッタースクリプトのエラー,
Error in Notification,通知のエラー,
Error in print format on line {0}: {1},印刷フォーマットのエラー {0} 行目: {1},
Error in {0}.get_list: {1},{0}.get_list でエラー: {1},
Error parsing nested filters: {0}. {1},ネストされたフィルターの解析エラー: {0}。{1},
"Error validating ""Ignore User Permissions""",「ユーザー権限を無視」の検証エラー,
Error while connecting to email account {0},メールアカウント {0} への接続中にエラーが発生しました,
Error while evaluating Notification {0}. Please fix your template.,通知 {0} の評価中にエラーが発生しました。テンプレートを修正してください。,
Error {0}: {1},エラー {0}: {1},
Error: Data missing in table {0},エラー: テーブル {0} にデータがありません,
Error: Value missing for {0}: {1},エラー: {0} の値がありません: {1},
Error: {0} Row #{1}: Value missing for: {2},エラー: {0} 行 #{1}: 値がありません: {2},
Errors,エラー,
Evaluate as Expression,式として評価,
Event,イベント,
Event Category,イベントカテゴリ,
Event Frequency,イベント頻度,
Event Notifications,イベント通知,
Event Participants,イベント参加者,
Event Reminders,イベントリマインダー,
Event Role,イベントのロール,
Event Synced with Google Calendar.,イベントがGoogleカレンダーと同期されました。,
Event Type,イベント種類,
Events,イベント,
Events in Today's Calendar,今日のカレンダーのイベント,
"Every form in ERPNext has a standard set of fields. If you need to capture some information, but there is no standard Field available for it, you can insert Custom Field for it.

Once custom fields are added, you can use them for reports and analytics charts as well.
","ERPNext の各フォームには標準の項目一式が用意されています。取得したい情報に対応する標準項目が無い場合は、カスタムフィールドを追加できます。

追加したカスタムフィールドは、レポートや分析チャートでも利用できます。
",
Everyone,全員,
"Ex: ""colors"": [""#d1d8dd"", ""#ff5858""]","例: ""colors"": [""#d1d8dd"", ""#ff5858""]",
Exact Copies,完全なコピー,
Example,例,
"Example: ""/desk""","例: ""/desk""",
Example: #Tree/Account,例: #Tree/Account,
Example: 00001,例: 00001,
Example: Setting this to 24:00 will log out a user if they are not active for 24:00 hours.,例: これを24:00に設定すると、ユーザーが24:00時間非アクティブの場合にログアウトされます。,
Example: {{ subject }},例: {{ subject }},
Examples:,例:,
Excel,Excel,
Excellent,優良,
Exception,例外,
Execute,実行,
Execute Console script,コンソールスクリプトを実行,
Executing Code,コード実行中,
Executing...,実行中...,
Execution Time: {0} sec,実行時間: {0} 秒,
Executive,役員,
Existing Gravatar URLs may still be stored on User and Contact records. Do you want to delete these URLs now?,ユーザー・連絡先のレコードに、既存の Gravatar URL が残っている可能性があります。これらの URL を今すぐ削除しますか？,
"Existing Gravatar URLs may still be stored on User, Contact, and Lead records. Do you want to delete these URLs now?",ユーザー・連絡先・リードのレコードに、既存の Gravatar URL が残っている可能性があります。これらの URL を今すぐ削除しますか？,
Existing Role,既存のロール,
Expand,展開する,
Expand,展開,Enlarge code field.
Expand All,すべて展開,
"Expected 'and' or 'or' operator, found: {0}",'and' または 'or' 演算子が必要です。見つかったもの: {0},
Experimental,実験的,
Expert,エキスパート,
Expiration date must be in the future,有効期限は将来の日付である必要があります,
Expiration time,有効期限,
Expire Notification On,通知の有効期限,
Expired,期限切れ,
Expires,有効期限,
Expires In,有効期限まで,
Expires On,有効期限,
Expiry time of QR Code Image Page,QRコード画像ページの有効期限,
Export,エクスポート,
Export,エクスポート,Button in list view actions menu
Export 1 record,1件のレコードをエクスポート,
Export Custom Permissions,カスタム権限をエクスポート,
Export Customizations,カスタマイズをエクスポート,
Export Data,データをエクスポート,
Export Errored Rows,エラーのある行をエクスポート,
Export From,エクスポート元,
Export Import Log,インポートログをエクスポート,
Export Report:,レポートを書き出し:,
Export Report: {0},レポートのエクスポート: {0},Export report
Export Type,エクスポート種類,
Export all matching rows?,一致するすべての行をエクスポートしますか？,
Export all {0} rows?,すべての {0} 行をエクスポートしますか？,
Export as zip,zipとしてエクスポート,
Export in Background,バックグラウンドでエクスポート,
Export not allowed. You need {0} role to export.,エクスポートは許可されていません。エクスポートするには {0} ロールが必要です。,
Export only customizations assigned to the selected module.<br><span class='text-muted'><strong>Note:</strong> You must set the <em>Module (for export)</em> field on Custom Field and Property Setter records before applying this filter.</span><p class='alert alert-warning'> <strong>Warning:</strong> Customizations from other modules will be excluded.</p>,選択したモジュールに割り当てられたカスタマイズのみをエクスポートします。<br><span class='text-muted'><strong>注:</strong> このフィルターを適用する前に、カスタムフィールドおよびプロパティセッターレコードの<em>モジュール (エクスポート用)</em> フィールドを設定する必要があります。</span><p class='alert alert-warning'> <strong>警告:</strong> 他のモジュールからのカスタマイズは除外されます。</p>,
Export the data without any header notes and column descriptions,ヘッダーノートと列の説明なしでデータをエクスポート,
Export without main header,メインヘッダーなしでエクスポート,
Export {0} records,{0} 件のレコードをエクスポート,
Exported permissions will be force-synced on every migrate overriding any other customization.,エクスポートされた権限は、移行のたびに強制的に同期され、他のカスタマイズを上書きします。,
Expose Recipients,受信者を公開,
Expression,式,
Expression (old style),式 (旧形式),
"Expression, Optional",式、オプション,
External,外部,
External Link,外部リンク,
Extra Parameters,追加パラメータ,
FAILURE,失敗,
Facebook,Facebook,
Facebook User ID,Facebook ユーザー ID,
Facebook Username,Facebook ユーザー名,
Fail,失敗,
Failed,失敗,
Failed Emails,失敗したメール,
Failed Job Count,失敗したジョブ数,
Failed Jobs,失敗したジョブ,
Failed Login Attempts,ログイン失敗回数,
Failed Logins (Last 30 days),ログイン失敗 (過去30日間),
Failed Transactions,失敗したトランザクション,
Failed to aquire lock: {}. Lock may be held by another process.,ロックの取得に失敗しました: {}。ロックは別のプロセスによって保持されている可能性があります。,
Failed to change password.,パスワードの変更に失敗しました。,
Failed to complete setup,セットアップの完了に失敗しました,
Failed to compute request body: {},リクエストボディの計算に失敗しました: {},
Failed to connect to server,サーバーへの接続に失敗しました,
"Failed to decode token, please provide a valid base64-encoded token.",トークンのデコードに失敗しました。有効なbase64エンコードされたトークンを指定してください。,
Failed to decrypt key {0},キー {0} の復号化に失敗しました,
Failed to delete communication,コミュニケーションの削除に失敗しました,
Failed to delete {0} documents: {1},{0} 件のドキュメントの削除に失敗しました: {1},
Failed to enable scheduler: {0},スケジューラーの有効化に失敗しました: {0},
Failed to evaluate conditions: {},条件の評価に失敗しました: {},
Failed to export python type hints,Python型ヒントのエクスポートに失敗しました,
Failed to generate names from the series,シリーズからの名前生成に失敗しました,
Failed to generate preview of series,シリーズのプレビュー生成に失敗しました,
Failed to get method for command {0} with {1},コマンド {0} と {1} のメソッド取得に失敗しました,
Failed to get method {0} with {1},メソッド {0} と {1} の取得に失敗しました,
"Failed to import virtual doctype {}, is controller file present?",仮想DocType {} のインポートに失敗しました。コントローラーファイルは存在しますか？,
Failed to optimize image: {0},画像の最適化に失敗しました: {0},
Failed to render message: {},メッセージのレンダリングに失敗しました: {},
Failed to render subject: {},件名のレンダリングに失敗しました: {},
Failed to request login to Frappe Cloud,Frappe Cloudへのログインリクエストに失敗しました,
Failed to retrieve the list of IMAP folders from the server. Please ensure the mailbox is accessible and the account has permission to list folders.,サーバーからIMAPフォルダーのリストを取得できませんでした。メールボックスがアクセス可能であり、アカウントにフォルダーをリストする権限があることを確認してください。,
Failed to send email with subject:,件名: のメール送信に失敗しました,
Failed to send notification email,通知メールの送信に失敗しました,
Failed to update global settings,グローバル設定の更新に失敗しました,
Failed while calling API {0},API {0} の呼び出し中に失敗しました,
Failing Scheduled Jobs (last 7 days),失敗したスケジュール済みジョブ (過去7日間),
Failure,失敗,
Failure Rate,失敗率,
FavIcon,ファビコン,
Fax,ファックス,
Feedback,フィードバック,
Feedback Request is already sent to user,フィードバック依頼はすでに送信済です,
Female,女性,
Fetch From,取得元,
Fetch Images,画像をフェッチ,
Fetch attached images from document,ドキュメントから添付画像をフェッチ,
Fetch on Save if Empty,空の場合に保存時にフェッチ,
Fetching default Global Search documents.,デフォルトのグローバル検索ドキュメントをフェッチしています。,
Fetching fields from {0}...,{0} からフィールドをフェッチ中...,
Field,フィールド,
"Field ""route"" is mandatory for Web Views",フィールド「route」はWebビューに必須です,
"Field ""title"" is mandatory if ""Website Search Field"" is set.",「ウェブサイト検索フィールド」が設定されている場合、フィールド「title」は必須です。,
"Field ""value"" is mandatory. Please specify value to be updated",フィールド「value」は必須です。更新する値を指定してください,
Field <code>{0}</code> not found in {1},フィールド <code>{0}</code> は {1} に見つかりません,
Field Description,フィールドの説明,
Field Missing,フィールドが見つかりません,
Field Name,フィールド名,
Field Orientation (Left-Right),フィールドの向き (左-右),
Field Orientation (Top-Down),フィールドの向き (上-下),
Field Template,フィールドテンプレート,
Field Type,フィールド種類,
Field not permitted in query,クエリで許可されていないフィールド,
"Field that represents the Workflow State of the transaction (if field is not present, a new hidden Custom Field will be created)",トランザクションのワークフローステータスを表すフィールド（フィールドが存在しない場合、新しい非表示のカスタムフィールドが作成されます）,
Field to Track,追跡するフィールド,
Field type cannot be changed for {0},{0}のフィールドタイプは変更できません,
Field {0} does not exist on {1},フィールド{0}は{1}に存在しません,
Field {0} is referring to non-existing doctype {1}.,フィールド{0}は存在しないDocType {1}を参照しています。,
Field {0} must be a virtual field to support virtual doctype.,仮想DocTypeをサポートするには、フィールド{0}は仮想フィールドである必要があります。,
Field {0} not found.,Field {0}が見つかりません,
Field {0} on document {1} is neither a Mobile number field nor a Customer or User link,ドキュメント{1}上のフィールド{0}は、携帯電話番号フィールドでも顧客またはユーザーリンクでもありません,
Fieldname,フィールド名,
Fieldname '{0}' conflicting with a {1} of the name {2} in {3},フィールド名「{0}」は、{3}内の名前{2}の{1}と競合しています,
Fieldname called {0} must exist to enable autonaming,自動命名を有効にするには、{0}というフィールド名が存在する必要があります,
Fieldname is limited to 64 characters ({0}),フィールド名は64文字に制限されています ({0}),
Fieldname not set for Custom Field,カスタムフィールドのフィールド名が設定されていません,
Fieldname which will be the DocType for this link field.,このリンクフィールドのDocTypeとなるフィールド名。,
Fieldname {0} appears multiple times,フィールド名{0}が複数回出現します,
Fieldname {0} cannot have special characters like {1},フィールド名{0}には{1}のような特殊文字を含めることはできません,
Fieldname {0} conflicting with meta object,フィールド名{0}はメタオブジェクトと競合しています,
Fieldname {0} is restricted,フィールド名{0}は制限されています,
Fields,フィールド,
Fields Multicheck,フィールドマルチチェック,
Fields `file_name` or `file_url` must be set for File,ファイルにはフィールド`file_name`または`file_url`が設定されている必要があります,
Fields must be a list or tuple when as_list is enabled,as_listが有効な場合、フィールドはリストまたはタプルである必要があります,
"Fields must be a string, list, tuple, pypika Field, or pypika Function",フィールドは文字列、リスト、タプル、pypika Field、またはpypika Functionである必要があります,
"Fields separated by comma (,) will be included in the ""Search By"" list of Search dialog box","コンマ (,) で区切られたフィールドは、検索ダイアログボックスの「検索条件」リストに含まれます",
Fieldtype,フィールドタイプ,
Fieldtype cannot be changed from {0} to {1},フィールドタイプを{0}から{1}に変更することはできません,
Fieldtype cannot be changed from {0} to {1} in row {2},{2}行目でフィールドタイプを{0}から{1}に変更することはできません,
File,ファイル,
"File ""{0}"" was skipped because of invalid file type",ファイル「{0}」は無効なファイルタイプのためスキップされました,
File '{0}' not found,File '{0}'が見つかりません,
File Information,ファイル情報,
File Manager,ファイルマネージャー,
File Name,ファイル名,
File Size,ファイルサイズ,
File Storage,ファイルストレージ,
File Type,ファイル種類,
File URL,ファイルURL,
File URL is required when copying an existing attachment.,既存の添付ファイルをコピーする場合、ファイルURLが必要です。,
File backup is ready,ファイルバックアップの準備ができました,
File name cannot have {0},ファイル名に{0}を含めることはできません,
File not attached,ファイルが添付されていません,
File size exceeded the maximum allowed size of {0} MB,ファイルサイズが最大許容サイズ{0} MBを超えました,
File too big,ファイルが大きすぎます,
File type of {0} is not allowed,{0}のファイルタイプは許可されていません,
File upload failed.,ファイルのアップロードに失敗しました。,
File {0} does not exist,ファイル{0}は存在しません,
Filename,ファイル名,
Files,ファイル,
Filter,フィルター,
Filter Area,フィルターエリア,
Filter Data,フィルターデータ,
Filter List,フィルターリスト,
Filter Meta,フィルターメタ,
Filter Name,フィルター名,
Filter Values,フィルター値,
Filter condition missing after operator: {0},演算子 {0} の後にフィルター条件が不足しています,
Filter fields have invalid backtick notation: {0},フィルターフィールドに無効なバッククォート表記があります: {0},
Filter...,フィルター...,
Filtered By,フィルター条件,
Filtered Records,フィルター済みレコード,
"Filtered by ""{0}""",「{0}」でフィルター済み,
Filtered by: {0}.,フィルター条件: {0}。,
Filters,フィルター,
Filters Configuration,フィルター設定,
Filters Display,フィルター表示,
Filters Editor,フィルターエディター,
Filters JSON,フィルターJSON,
Filters Section,フィルターセクション,
Filters saved,フィルターが保存されました,
"Filters will be accessible via <code>filters</code>. <br><br>Send output as <code>result = [result]</code>, or for old style <code>data = [columns], [result]</code>","フィルターは<code>filters</code>を介してアクセスできます。<br><br>出力は<code>result = [result]</code>として送信するか、古いスタイルでは<code>data = [columns], [result]</code>として送信してください。",
Filters {0},フィルター {0},
Filters:,フィルター:,
Find '{0}' in ...,'{0}' を次から探す ...,
Find {0} in {1},{1}で{0}を検索,
Fingerprint,フィンガープリント,
Fingerprint Stats,フィンガープリント統計,
Finished,完了済,
Finished At,終了日時,
First,最初,
First Day of the Week,週の最初の曜日,
First Name,First名,
First Seen,初回検出,
First Success Message,最初の成功メッセージ,
First Used On,初回使用日,
First data column must be blank.,最初のデータ列は空白である必要があります。,
First set the name and save the record.,まず名前を設定し、レコードを保存してください。,
Fiscal Year (requires ERPNext to be installed),会計年度 (ERPNextのインストールが必要です),
Fit,合わせる,
Flag,フラグ,
Float,浮動小数点,
Float Precision,浮動小数点精度,
Fold,折りたたみ,
Fold can not be at the end of the form,折りたたみはフォームの最後に配置できません,
Fold must come before a Section Break,折りたたみはセクション区切りの前に来る必要があります,
Folder,フォルダ,
Folder Name,フォルダ名,
Folder name should not include '/' (slash),フォルダー名に「/」（スラッシュ）を含めるべきではありません,
Folder {0} is not empty,フォルダー{0}は空ではありません,
Folio,フォリオ,
Follow,フォロー,
Followed by,に続く,
Following Report Filters have missing values:,以下のレポートフィルターには値が不足しています:,
Following document {0},以下のドキュメント{0},
Following documents are linked with {0},以下のドキュメントは{0}とリンクされています,
Following fields are missing:,以下のフィールドが不足しています:,
Following fields have invalid values:,以下のフィールドには無効な値があります:,
Following fields have missing values,以下のフィールドには値が不足しています,
Following fields have missing values:,以下のフィールドには値が不足しています:,
Following links are broken in the email content: {0},メール本文に次のリンク切れがあります: {0},
Font,フォント,
Font Properties,フォントプロパティ,
Font Size,フォントサイズ,
Fonts,フォント,
Footer,フッター,
"Footer ""Powered By""",フッター「Powered By」,
Footer Based On,フッターの基準,
Footer Content,フッターコンテンツ,
Footer Details,フッター詳細,
Footer HTML,フッターHTML,
Footer HTML set from attachment {0},フッターHTMLは添付ファイル{0}から設定されました,
Footer Image,フッター画像,
Footer Items,フッター項目,
Footer Logo,フッターロゴ,
Footer Script,フッタースクリプト,
Footer Template,フッターテンプレート,
Footer Template Values,フッターテンプレート値,
Footer might not be visible as {0} option is disabled</div>,{0}オプションが無効になっているため、フッターが表示されない可能性があります</div>,
Footer will display correctly only in PDF,フッターはPDFでのみ正しく表示されます,
For DocType,DocType用,
For DocType Link / DocType Action,DocTypeリンク / DocTypeアクション用,
For Document,ドキュメント用,
For Document Type,For Document種類,
For Example: {} Open,例: {} 開く,
"For Links, enter the DocType as range.
For Select, enter list of Options, each on a new line.","Link の場合は範囲として DocType を入力します。
Select の場合は選択肢を改行区切りで入力します。",
For User,ユーザー用,
For Value,値用,
"For a dynamic subject, use Jinja tags like this: <code>{{ doc.name }} Delivered</code>",動的な件名には、<code>{{ doc.name }} Delivered</code> のように Jinja タグを使用してください。,
"For comparison, use >5, <10 or =324.
For ranges, use 5:10 (for values between 5 & 10).","比較には >5、<10、または =324 を使用してください。
範囲には 5:10 (5から10までの値) を使用してください。",
"For comparison, use >5, <10 or =324. For ranges, use 5:10 (for values between 5 & 10).",比較には >5、<10、または =324 を使用してください。範囲には 5:10 (5から10までの値) を使用してください。,
For example:,例:,
"For example: If you want to include the document ID, use {0}",例: ドキュメントIDを含めたい場合は {0} を使用してください。,
For example: {} Open,例: {} 開く,
"For help see <a href=""https://frappeframework.com/docs/user/en/guides/portal-development/web-forms"" target=""_blank"" rel=""noopener noreferrer"">Client Script API and Examples</a>","ヘルプについては、<a href=""https://frappeframework.com/docs/user/en/guides/portal-development/web-forms"" target=""_blank"" rel=""noopener noreferrer"">クライアントスクリプトAPIと例</a>を参照してください。",
"For help see <a href=""https://frappeframework.com/docs/user/en/guides/portal-development/web-forms"" target=""_blank"">Client Script API and Examples</a>","ヘルプについては <a href=""https://frappeframework.com/docs/user/en/guides/portal-development/web-forms"" target=""_blank"">クライアントスクリプトAPIと例</a> を参照してください。",
"For more information, {0}.",詳細については、{0} を参照してください。,
"For multiple addresses, enter the address on different line. e.g. test@test.com ⏎ test1@test.com",複数のアドレスの場合は、アドレスを異なる行に入力してください。例: test@test.com ⏎ test1@test.com,
"For updating, you can update only selective columns.",更新の場合、選択した列のみを更新できます。,
For {0} at level {1} in {2} in row {3},行 {3} の {2} のレベル {1} の {0} について,
Force,強制,
Force Re-route to Default View,デフォルトビューへの再ルーティングを強制,
Force Stop job,ジョブの強制停止,
Force User to Reset Password,ユーザーにパスワードのリセットを強制,
Force Web Capture Mode for Uploads,アップロード時にWebキャプチャモードを強制,
Forgot Password?,パスワードをお忘れですか？,
Forgot password?,パスワードをお忘れですか？,
Form,フォーム,
Form Builder,フォームビルダー,
Form Dict,フォーム辞書,
Form Settings,Form設定,
Form Tour,フォームツアー,
Form Tour Step,フォームツアーステップ,
Form URL-Encoded,フォームURLエンコード,
Format,形式,
Format Data,データ形式,
Fortnightly,隔週,
Forum,フォーラム,
Forward,転送,
Forward Query Parameters,クエリパラメータを転送,
Forward To Email Address,転送先メールアドレス,
Fraction,端数,
Fraction Units,端数単位,
Framework,フレームワーク,
Frappe,Frappe,
Frappe Framework Version,Frappe Framework バージョン,
Frappe Light,Frappe Light,
Frappe Mail,Frappe Mail,
Frappe Mail OAuth Error,Frappe Mail OAuthエラー,
Frappe Mail Site,Frappe Mailサイト,
Frappe Support,Frappeサポート,
"Frappe no longer uses Gravatar because it can disclose hashed email addresses to a third-party service. To fully stop this behavior, existing Gravatar image URLs must be deleted.",Frappe は Gravatar の利用を取りやめました。ハッシュ化されたメールアドレスが第三者のサービスに渡る可能性があるためです。この動作を完全に止めるには、既存の Gravatar 画像 URL を削除する必要があります。,
Frappe page builder using components,コンポーネントを使用したFrappeページビルダー,
Free,無料,Image Cropper
Frequency,頻度,
Friday,金曜日,
From,から,
From,から,Email Sender
From Attach Field,添付フィールドから,
From Date,開始日,
From Date Field,開始日フィールド,
From Document Type,From Document種類,
From Field,フィールドから,
From Full Name,From Full名,
From User,ユーザーから,
From version,バージョンから,
Full,フル,
Full Name,Full名,
Full Page,フルページ,
Full Width,全幅,
Full name is required.,氏名は必須です。,
Function,関数,
Function Based On,基準となる関数,
Function {0} is not whitelisted.,関数 {0} はホワイトリストに登録されていません。,
Function {0} requires arguments but none were provided,関数 {0} は引数を必要としますが、何も提供されませんでした,
Further sub-groups can only be created under records marked as 'Group',さらなるサブグループは、「グループ」とマークされたレコードの下でのみ作成できます。,
Fw: {0},Fw: {0},
GCalendar Account,Google カレンダー アカウント,
GCalendar Settings,Google カレンダーの設定,
GET,GET,
GMail,GMail,
GNU Affero General Public License,GNU Affero General Public License,
GNU General Public License,GNU General Public License,
GSuite Settings,Google Workspace の設定,
Gantt,ガント,
Gantt View,ガントビュー,
Gender,性別,
Genderqueer,ジェンダー・クィア,
General,一般,
Generate Keys,キーを生成,
Generate New Report,Generate Newレポート,
Generate Random Password,ランダムパスワードを生成,
Generate Separate Documents For Each Assignee,各担当者ごとに個別のドキュメントを生成,
Generate Tracking URL,追跡URLを生成,
Geoapify,Geoapify,
Geolocation,位置情報,
Geolocation Settings,Geolocation設定,
Get Alerts for Today,今日の通知を取得,
Get Backup Encryption Key,バックアップ暗号化キーを取得,
Get Contacts,連絡先を取得,
Get Fields,フィールドを取得,
Get Header and Footer wkhtmltopdf variables,ヘッダーとフッターのwkhtmltopdf変数を取得,
Get Items,品目を取得,
Get OpenID Configuration,OpenID設定を取得,
Get PDF,PDFを取得,
Get Scrap Items,スクラップ品目を取得,
Get a preview of generated names with a series.,シリーズで生成された名前のプレビューを取得します。,
Get more insights with,さらに詳しい分析は,
Get notified when an email is received on any of the documents assigned to you.,割り当てられたドキュメントのいずれかでメールを受信したときに通知を受け取ります。,
Get your globally recognized avatar from Gravatar.com,Gravatar.com から世界的に認識されているアバターを取得します。,
Getting Scrap Items,スクラップ品目を取得しています,
Getting Started,はじめに,
Git Branch,Gitブランチ,
GitHub,GitHub,
Github User ID,GitHub ユーザー ID,
Github Username,GitHub ユーザー名,
Github flavoured markdown syntax,Githubフレーバーのマークダウン構文,
Global Search DocType,グローバル検索DocType,
Global Search Document Types Reset.,グローバル検索ドキュメントタイプがリセットされました。,
Global Search Settings,Global Search設定,
Global Shortcuts,グローバルショートカット,
Global Unsubscribe,グローバル購読解除,
Go,移動,
Go Back,戻る,
Go to Access Control section,アクセス制御セクションへ移動,
Go to Login Required field,ログイン必須フィールドへ移動,
Go to Notification Settings List,通知設定の一覧へ移動,
Go to Page,ページへ移動,
Go to Workflow,ワークフローへ移動,
Go to Workspace,ワークスペースへ移動,
Go to next record,次のレコードへ移動,
Go to previous record,前のレコードへ移動,
Go to the document,ドキュメントへ移動,
Go to this URL after completing the form,フォーム完了後、このURLへ移動,
Go to {0},{0}へ移動,
Go to {0} List,Go to {0}リスト,
Go to {0} Page,{0}ページへ移動,
Goal,目標,
Good,良好,
Google,Google,
Google Analytics ID,Google Analytics ID,
Google Analytics anonymise IP,Google Analytics IP匿名化,
Google Calendar,Googleカレンダー,
"Google Calendar - Could not create Calendar for {0}, error code {1}.",Googleカレンダー - {0}のGoogleカレンダーを作成できませんでした。エラーコード: {1}。,
"Google Calendar - Could not delete Event {0} from Google Calendar, error code {1}.",Googleカレンダー - Googleカレンダーからイベント{0}を削除できませんでした。エラーコード: {1}。,
"Google Calendar - Could not fetch event from Google Calendar, error code {0}.",Googleカレンダー - Googleカレンダーからイベントを取得できませんでした。エラーコード: {0}。,
"Google Calendar - Could not find Calendar for {0}, error code {1}.",Googleカレンダー - {0}のGoogleカレンダーが見つかりませんでした。エラーコード: {1}。,
"Google Calendar - Could not insert contact in Google Contacts {0}, error code {1}.",Googleカレンダー - Google連絡先{0}に連絡先を挿入できませんでした。エラーコード: {1}。,
"Google Calendar - Could not insert event in Google Calendar {0}, error code {1}.",Googleカレンダー - Googleカレンダー{0}にイベントを挿入できませんでした。エラーコード: {1}。,
"Google Calendar - Could not update Event {0} in Google Calendar, error code {1}.",Googleカレンダー - Googleカレンダー{0}のイベントを更新できませんでした。エラーコード: {1}。,
Google Calendar Event ID,GoogleカレンダーイベントID,
Google Calendar ID,GoogleカレンダーID,
Google Calendar has been configured.,Googleカレンダーが設定されました。,
Google Calender,Google カレンダー,
Google Contacts,Google連絡先,
"Google Contacts - Could not sync contacts from Google Contacts {0}, error code {1}.",Google連絡先 - Google連絡先{0}から連絡先を同期できませんでした。エラーコード: {1}。,
"Google Contacts - Could not update contact in Google Contacts {0}, error code {1}.",Google連絡先 - Google連絡先{0}の連絡先を更新できませんでした。エラーコード: {1}。,
Google Contacts Id,Google連絡先ID,
Google Drive,Googleドライブ,
Google Drive Picker,Googleドライブピッカー,
Google Drive Picker Enabled,Googleドライブピッカー有効,
Google Font,Googleフォント,
Google Maps Settings,Google マップの設定,
Google Meet Link,Google Meetリンク,
Google Services,Googleサービス,
Google Settings,Google設定,
Google Sheets URL is invalid or not publicly accessible.,GoogleスプレッドシートのURLが無効であるか、公開されていません。,
"Google Sheets URL must end with ""gid={number}"". Copy and paste the URL from the browser address bar and try again.",GoogleスプレッドシートのURLは「gid={number}」で終わる必要があります。ブラウザのアドレスバーからURLをコピーして貼り付け、もう一度お試しください。,
Google User ID,Google ユーザー ID,
Grant Type,Grant種類,
Graph,グラフ,
Gravatar URL deletion has been queued.,Gravatar URL の削除をキューに登録しました。,
Gravatar URLs will not be deleted.,Gravatar の URL は削除されません。,
Gray,グレー,
Great!,素晴らしい！,
Greater Than,より大きい,
Greater Than Or Equal To,以上,
Green,緑,
Grid Empty State,グリッド空状態,
Grid Page Length,グリッドページ長,
Grid Shortcuts,グリッドショートカット,
Group,グループ,
Group By,グループ化,
Group By Based On,基準によるグループ化,
Group By Type,Group By種類,
Group By field is required to create a dashboard chart,ダッシュボードチャートを作成するには、グループ化フィールドが必要です,
Group By must be a string,グループ化は文字列である必要があります,
Group Object Class,グループオブジェクトクラス,
Group your custom doctypes under modules,カスタムDocTypeをモジュールでグループ化します,
Grouped by <span style='font-weight:600;'>{0}</b>,<span style='font-weight:600;'>{0}</b>でグループ化,
Guests are not allowed to upload files for {0} Doctype,ゲストは {0} DocTypeのファイルをアップロードできません,
Guidelines and policies on vulnerability reporting. Defaults to `https://frappe.io/security`,脆弱性報告に関するガイドラインとポリシー。デフォルトは`https://frappe.io/security`,
HEAD,HEAD,
HERE,こちら,
HH:mm,HH:mm,
HH:mm:ss,HH:mm:ss,
HTML,HTML,
HTML Editor,HTMLエディタ,
HTML Message,HTMLメッセージ,
HTML Page,HTMLページ,
HTML for header section. Optional,ヘッダーセクションのHTML。オプション,
HTML with jinja support,Jinja対応HTML,
Half,半分,
Half Yearly,半期,
Half-yearly,半期ごと,
Handled Emails,処理済みメール,
Handlers,ハンドラー,
Has  Attachment,添付ファイルあり,
Has Attachments,添付ファイルあり,
Has Domain,ドメインあり,
Has Next Condition,次の条件あり,
Has Role,ロールあり,
Has Setup Wizard,セットアップウィザードあり,
Has Web View,ウェブビューあり,
Have Default Naming Series for Batch ID?,バッチ ID に既定の命名シリーズを使用しますか。,
Have an account? Login,アカウントをお持ちですか？ログイン,
Header,ヘッダー,
Header HTML,ヘッダーHTML,
Header HTML set from attachment {0},添付ファイル{0}から設定されたヘッダーHTML,
Header Icon,ヘッダーアイコン,
Header Script,ヘッダースクリプト,
Header and Breadcrumbs,ヘッダーとパンくずリスト,
"Header, Robots",ヘッダー、ロボット,
Header/Footer scripts can be used to add dynamic behaviours.,ヘッダー/フッタースクリプトは、動的な動作を追加するために使用できます。,
Headers,ヘッダー,
Headers must be a dictionary,ヘッダーは辞書である必要があります,
Heading,見出し,
Headline of the in-app notification. Falls back to Subject if left blank. Supports Jinja.,アプリ内通知の見出し。空白の場合、件名にフォールバックします。Jinjaをサポートしています。,
Health Report,ヘルスレポート,
Heatmap,ヒートマップ,
Hello,こんにちは,
"Hello,",こんにちは、,
Help,ヘルプ,
Help Article,ヘルプ記事,
Help Articles,ヘルプ記事,
Help Category,ヘルプカテゴリ,
Help Dropdown,ヘルプドロップダウン,
Help HTML,ヘルプHTML,
Help for User Permissions,ユーザー権限のヘルプ,
"Help: To link to another record in the system, use ""/desk/note/[Note Name]"" as the Link URL. (don't use ""http://"")",ヘルプ: システム内の別のレコードにリンクするには、リンクURLとして「/desk/note/[Note Name]」を使用してください。（「http://」は使用しないでください）,
Helpful,役立つ,
Helvetica,Helvetica,
Helvetica Neue,Helvetica Neue,
Here's your tracking URL,追跡URLはこちらです,
Hi {0},こんにちは、{0},
Hidden,非表示,
Hidden Fields,非表示フィールド,
Hidden columns include: <br> {0},非表示の列は次のとおりです。<br> {0},
Hidden columns include: {0},非表示の列: {0},
Hide,非表示,
Hide Block,ブロックを非表示,
Hide Border,枠線を非表示,
Hide Buttons,ボタンを非表示,
Hide Copy,コピーを非表示,
Hide Custom DocTypes and Reports,カスタムDocTypeとレポートを非表示,
Hide Days,日数を非表示,
Hide Descendants,子孫を非表示,
Hide Empty Read-Only Fields,空の読み取り専用フィールドを非表示,
Hide Error,エラーを非表示,
Hide Label,ラベルを非表示,
Hide Login,ログインを非表示,
Hide Preview,プレビューを非表示,
"Hide Previous, Next and Close button on highlight dialog.",ハイライトダイアログの「前へ」、「次へ」、「閉じる」ボタンを非表示にする。,
Hide Saved,保存済を隠す,
Hide Seconds,秒を非表示,
"Hide Sidebar, Menu, and Comments",サイドバー、メニュー、コメントを非表示,
Hide Standard Menu,標準メニューを非表示,
Hide Tags,タグを隠す,
Hide Weekends,週末を非表示,
Hide Workspace,ワークスペースを非表示,
Hide descendant records of <b>For Value</b>.,<b>対象値</b>の子孫レコードを非表示にする。,
Hide details,詳細を非表示,
Hide field in Report Builder,レポートビルダーでフィールドを隠す,
Hide field in Standard Print Format,標準印刷フォーマットでフィールドを隠す,
Hide footer,フッターを非表示,
Hide footer in auto email reports,自動メールレポートのフッターを非表示,
Hide footer signup,フッターのサインアップを非表示,
Hide navbar,ナビゲーションバーを非表示,
High,高,
Higher priority rule will be applied first,優先度の高いルールが最初に適用されます,
Highlight,ハイライト,
"Hint: Include symbols, numbers and capital letters in the password",ヒント: パスワードには記号、数字、大文字を含めてください,
Home,ホーム,
Home Page,ホームページ,
Home Settings,ホーム設定,
Home/Test Folder 1,ホーム/テストフォルダ1,
Home/Test Folder 1/Test Folder 3,ホーム/テストフォルダ1/テストフォルダ3,
Home/Test Folder 2,ホーム/テストフォルダ2,
Hourly,毎時,
Hourly Long,時間別（長）,
Hourly Maintenance,時間別メンテナンス,
Hourly rate limit for generating password reset links,パスワードリセットリンク生成の時間あたりのレート制限,
Hours,時間,Duration
"How should this currency be formatted? If not set, will use system defaults",この通貨はどのようにフォーマットされますか？設定されていない場合、システムデフォルトが使用されます,
Human-readable name intended for display to the end user.,エンドユーザーへの表示を意図した、人間が読める名前。,
"I guess you don't have access to any workspace yet, but you can create one just for yourself. Click on the <b>Create Workspace</b> button to create one.<br>",まだどのワークスペースにもアクセスできないようですが、ご自身専用のワークスペースを作成できます。<b>ワークスペースを作成</b>ボタンをクリックして作成してください。<br>,
ID,ID,
ID,ID,Label of name column in report
ID (name),ID (名前),
ID (name) of the entity whose property is to be set,プロパティを設定するエンティティのID (名前),
"IDs must contain only alphanumeric characters, not contain spaces, and should be unique.",IDは英数字のみを含み、スペースを含まず、一意である必要があります。,
IMAP Details,IMAP詳細,
IMAP Folder,IMAPフォルダ,
IMAP Folder Not Found,IMAPフォルダが見つかりません,
IMAP Folder Validation Failed,IMAPフォルダの検証に失敗しました,
IMAP Folder name cannot be empty.,IMAPフォルダ名を空にすることはできません。,
IP Address,IPアドレス,
Icon,アイコン,
Icon Image,アイコン画像,
Icon Style,アイコンスタイル,
Icon Type,アイコン種類,
Icon is not correctly configured please check the workspace sidebar to it,アイコンが正しく設定されていません。ワークスペースサイドバーで確認してください,
Icon will appear on the button,アイコンはボタンに表示されます,
Identity Details,Identity詳細,
Idx,インデックス,
"If Apply Strict User Permission is checked and User Permission is defined for a DocType for a User, then all the documents where value of the link is blank, will not be shown to that User",厳格なユーザー権限の適用がチェックされ、ユーザーのDocTypeにユーザー権限が定義されている場合、リンクの値が空白のすべてのドキュメントはそのユーザーに表示されません,
If Checked workflow status will not override status in list view,チェックされている場合、ワークフローステータスはリストビューのステータスを上書きしません,
If Owner,所有者の場合,
"If a Role does not have access at Level 0, then higher levels are meaningless.",ロールがレベル0でアクセス権を持たない場合、それより高いレベルは意味がありません。,
"If checked, <i>Prepared Report</i> will not be enabled automatically on slow runs.",チェックした場合、<i>準備済みレポート</i>は実行が遅い場合に自動的に有効になりません。,
"If checked, a confirmation will be required before performing workflow actions.",チェックされている場合、ワークフローアクションを実行する前に確認が必要です。,
"If checked, all other workflows become inactive.",チェックされている場合、他のすべてのワークフローは非アクティブになります。,
"If checked, negative numeric values of Currency, Quantity or Count would be shown as positive",チェックされている場合、通貨、数量、またはカウントの負の数値は正として表示されます,
"If checked, users will not see the Confirm Access dialog.",チェックされている場合、ユーザーはアクセス確認ダイアログを表示しません。,
"If disabled, this role will be removed from all users.",無効になっている場合、このロールはすべてのユーザーから削除されます。,
"If enabled,  user can login from any IP Address using Two Factor Auth, this can also be set for all users in System Settings",有効にすると、二要素認証を使って任意の IP アドレスからログインできます。システム設定ですべてのユーザーに対して設定することもできます。,
"If enabled, all responses on the web form will be submitted anonymously",有効になっている場合、ウェブフォーム上のすべての回答は匿名で提出されます,
"If enabled, all users can login from any IP Address using Two Factor Auth. This can also be set only for specific user(s) in User Page",有効にすると、すべてのユーザーが二要素認証を使って任意の IP アドレスからログインできます。ユーザーページで特定のユーザーにのみ設定することもできます,
"If enabled, changes to the document are tracked and shown in timeline",有効になっている場合、ドキュメントへの変更は追跡され、タイムラインに表示されます,
"If enabled, document views are tracked, this can happen multiple times",有効になっている場合、ドキュメントの閲覧が追跡されます。これは複数回発生する可能性があります,
"If enabled, only System Managers can upload public files. Other users can't see the checkbox <i>Is Private</i> in the upload dialog.",有効になっている場合、システムマネージャーのみが公開ファイルをアップロードできます。他のユーザーはアップロードダイアログで<i>プライベート</i>チェックボックスを表示できません。,
"If enabled, the document is marked as seen, the first time a user opens it",有効になっている場合、ユーザーが初めてドキュメントを開いたときに、そのドキュメントは閲覧済みとしてマークされます,
"If enabled, the notification will show up in the notifications dropdown on the top right corner of the navigation bar.",有効になっている場合、通知はナビゲーションバーの右上隅にある通知ドロップダウンに表示されます。,
"If enabled, the password strength will be enforced based on the Minimum Password Score value. A value of 1 being very weak and 4 being very strong.",有効になっている場合、パスワードの強度は最小パスワードスコア値に基づいて強制されます。値1は非常に弱いことを意味し、4は非常に強いことを意味します。,
"If enabled, the web form can only be used with a <i>Key</i> from a corresponding <b>Web Form Request</b>.",有効にすると、ウェブフォームは対応する<b>ウェブフォームリクエスト</b>からの<i>キー</i>でのみ使用できます。,
"If enabled, users who login from Restricted IP Address, won't be prompted for Two Factor Auth",有効にすると、制限付き IP アドレスからログインしたユーザーには二要素認証が求められません,
"If enabled, users will be notified every time they login. If not enabled, users will only be notified once.",有効になっている場合、ユーザーはログインするたびに通知されます。有効になっていない場合、ユーザーは一度だけ通知されます。,
"If left empty, the default workspace will be the last visited workspace",空のままにした場合、デフォルトのワークスペースは最後にアクセスしたワークスペースになります,
If non standard port (e.g. 587),非標準ポートの場合 (例: 587),
"If non standard port (e.g. 587). If on Google Cloud, try port 2525.",非標準ポートの場合 (例: 587)。Google Cloudをご利用の場合は、ポート2525をお試しください。,
"If non-standard port (e.g. POP3: 995/110, IMAP: 993/143)","非標準ポートの場合 (例: POP3: 995/110, IMAP: 993/143)",
"If not set, the currency precision will depend on number format",設定されていない場合、通貨の精度は数値フォーマットに依存します,
"If set, only user with these roles can access this chart. If not set, DocType or Report permissions will be used.",設定されている場合、これらのロールを持つユーザーのみがこのチャートにアクセスできます。設定されていない場合、DocTypeまたはレポートの権限が使用されます。,
"If the user enables the mask property for the phone number field, the value will be displayed in a masked format (e.g., 811XXXXXXX).",ユーザーが電話番号フィールドのマスクプロパティを有効にすると、値はマスクされた形式 (例: 811XXXXXXX) で表示されます。,
"If the user has access to Employee and Report is enabled, they can view Employee-based reports.",ユーザーが従業員へのアクセス権を持ち、レポートが有効になっている場合、従業員ベースのレポートを表示できます。,
"If the user has any role checked, then the user becomes a ""System User"". ""System User"" has access to the desktop",ユーザーがいずれかのロールにチェックを入れている場合、そのユーザーは「システムユーザー」になります。「システムユーザー」はデスクトップにアクセスできます,
"If these instructions where not helpful, please add in your suggestions on GitHub Issues.",これらの手順が役に立たなかった場合は、GitHub Issuesに提案を追加してください。,
"If this email is registered with us, a download link will be sent to it.",このメールアドレスが弊社に登録されている場合、ダウンロードリンクが送信されます。,
"If this email is registered with us, we have sent password reset instructions to it. Please check your inbox.",このメールアドレスが弊社に登録されている場合、パスワードリセット手順を送信しました。受信トレイをご確認ください。,
"If this was a mistake or you need access again, please reach out to your team.",これが間違いであった場合、または再度アクセスが必要な場合は、チームにご連絡ください。,
"If unchecked, the value will always be re-fetched on save.",チェックされていない場合、値は保存時に常に再取得されます。,
If user is the owner,ユーザーが所有者の場合,
"If you are updating, please select ""Overwrite"" else existing rows will not be deleted.",更新する場合は、「上書き」を選択してください。そうしないと、既存の行は削除されません。,
"If you are uploading new records, ""Naming Series"" becomes mandatory, if present.",新規レコードをアップロードする場合、「命名シリーズ」が存在すれば必須になります。,
"If you are uploading new records, leave the ""name"" (ID) column blank.",新規レコードをアップロードする場合は、「名前」(ID) 列を空白のままにしてください。,
"If you did not request a password reset, please ignore this email. Your password will remain unchanged.",パスワードのリセットを要求していない場合は、このメールを無視してください。パスワードは変更されません。,
"If you did not request this code, you can safely ignore this email.",このコードを要求していない場合は、このメールを無視して問題ありません。,
"If you didn't request this link, you can ignore this email. Someone may have entered your email address by mistake.",このリンクを要求していない場合は、このメールを無視してください。誰かが誤ってあなたのメールアドレスを入力した可能性があります。,
"If you have any questions, reach out to your system administrator.",ご不明な点がございましたら、システム管理者にお問い合わせください。,
"If you have recently restored the site, you may need to copy the site_config.json containing the original encryption key.",最近サイトを復元した場合、元の暗号化キーを含むsite_config.jsonをコピーする必要があるかもしれません。,
"If you just want to customize for your site, use {0} instead.",自分のサイト向けにカスタマイズするだけであれば、代わりに {0} を使用してください。,
"If you set this, this Item will come in a drop-down under the selected parent.",これを設定すると、この品目は選択された親の下のドロップダウンに表示されます。,
"If you think this is unauthorized, please change the Administrator password.",これが不正であると思われる場合は、管理者パスワードを変更してください。,
"If your CSV uses a different delimiter, add that character here, ensuring no spaces or additional characters are included.",CSVが異なる区切り文字を使用している場合は、ここにその文字を追加してください。スペースや追加の文字を含まないようにしてください。,
"If your data is in HTML, please copy paste the exact HTML code with the tags.",データがHTML形式の場合、タグを含む正確なHTMLコードをコピー＆ペーストしてください。,
Ignore User Permissions,ユーザー権限を無視,
Ignore XSS Filter,XSSフィルターを無視,
Ignore attachments over this size,このサイズを超える添付ファイルを無視,
Ignored Apps,無視されるアプリ,
Illegal Document Status for {0},{0}の不正なドキュメントステータス,
Illegal SQL Query,不正なSQLクエリ,
Illegal template,不正なテンプレート,
Image,画像,
Image Field,画像フィールド,
Image Height (px),画像の高さ (px),
Image Link,画像リンク,
Image View,画像ビュー,
Image Width (px),画像の幅 (px),
Image field must be a valid fieldname,画像フィールドは有効なフィールド名である必要があります,
Image field must be of type Attach Image,画像フィールドは「画像添付」タイプである必要があります,
Image link '{0}' is not valid,画像リンク「{0}」は無効です,
Image optimized,画像最適化済,
Image: Corrupted Data Stream,画像: データストリームが破損しています,
Images,画像,
Impersonate,代理操作,
Impersonate as {0},{0}として代理操作,
Impersonated by {0},{0}によって代理操作されました,
Impersonating {0},{0}として代理操作中,
Implement `clear_old_logs` method to enable auto error clearing.,エラーの自動クリアを有効にするには、`clear_old_logs` メソッドを実装してください。,
Implicit,暗黙的,
Import,インポート,
Import,インポート,Button in list view menu
Import Email From,メールのインポート元,
Import File,ファイルのインポート,
Import File Errors and Warnings,ファイルインポートのエラーと警告,
Import Log,インポートログ,
Import Log Preview,インポートログプレビュー,
Import Preview,インポートプレビュー,
Import Progress,インポートの進捗,
Import Subscribers,購読者のインポート,
Import Type,インポート種類,
Import Warnings,インポート警告,
Import Zip,ZIP を取り込む,
Import from Google Sheets,Googleスプレッドシートからインポート,
"Import template should be of type .csv, .xlsx or .xls",インポートテンプレートは.csv、.xlsx、または.xlsタイプである必要があります,
Import template should contain a Header and atleast one row.,インポートテンプレートにはヘッダーと少なくとも1行が含まれている必要があります。,
"Import timed out, please re-try.",インポートがタイムアウトしました。再試行してください。,
Importing {0} is not allowed.,{0}のインポートは許可されていません。,
Importing {0} of {1},{1}件中{0}件をインポート中,
"Importing {0} of {1}, {2}",{1}件中{0}件をインポート中、{2},
In,内,
In Days,日数,
"In ERPNext, you can add your Employees as Users, and give them restricted access. Tools like Role Permission and User Permission allow you to define rules which give restricted access to the user to masters and transactions.",ERPNext では、従業員をユーザーとして追加し、アクセス範囲を制限して利用させることができます。ロール権限やユーザーのアクセス許可といった機能を使い、マスタや取引に対するアクセスを制限するルールを定義できます。,
In Filter,フィルター内,
In Global Search,グローバル検索内,
In Grid View,グリッド表示で,
In List Filter,リストフィルター内,
In List View,リスト表示で,
In Minutes,分単位,
In Preview,プレビューで,
In Progress,進行中,
In Read Only Mode,読み取り専用モード,
In Reply To,返信元,
In Report Filter,レポートフィルタに表示,
In Standard Filter,標準フィルター内,
"In each module, you will find a host of single-click reports, ranging from financial statements to sales and purchase analytics and stock tracking reports. If a required new report is not available out-of-the-box, you can create custom reports in ERPNext by pulling values from the same multiple ERPNext tables.
","各モジュールには、財務諸表から販売・購買の分析、在庫の追跡まで、ワンクリックで実行できるレポートが多数用意されています。必要なレポートが標準で用意されていない場合は、複数の ERPNext のテーブルから値を取得してカスタムレポートを作成できます。
",
In points. Default is 9.,ポイント単位。デフォルトは9です。,
In seconds,秒単位,
"In {0}, {1} is required in every row.",{0} では、すべての行で {1} が必須です。,
"In {0}, {1} is required in row {2}.",{0} では、{2} 行目で {1} が必須です。,
"In {0}, {1} is required in rows {2}.",{0} では、行 {2} で {1} が必須です。,
"In {0}, {1} is required in {2} rows.",{0} では、{2} 行で {1} が必須です。,
Inactive,非アクティブ,
Inbox,受信トレイ,
Inbox User,受信トレイユーザー,
Inbox View,受信トレイ表示,
Include Disabled,無効なものを含める,
Include Name Field,名前フィールドを含める,
Include Search in Top Bar,トップバーに検索を含める,
Include Theme from Apps,アプリからテーマを含める,
Include Web View Link in Email,メールにウェブ表示リンクを含める,
Include filters,フィルターを含める,
Include hidden columns,非表示の列を含める,
Include indentation,インデントを含める,
"Include symbols, numbers and capital letters in the password",パスワードには記号、数字、大文字を含めてください,
Incoming,受信,
Incoming (POP/IMAP) Settings,Incoming (POP/IMAP)設定,
Incoming Emails (Last 7 days),受信メール (過去7日間),
Incoming Server,受信サーバー,
Incoming Settings,受信設定,
Incoming email account not correct,受信メールアカウントが正しくありません,
Incompatible Values,互換性のない値,
Incomplete Virtual Doctype Implementation,仮想DocTypeの実装が不完全です,
Incomplete login details,ログイン情報が不完全です,
Incorrect Configuration,設定が正しくありません,
Incorrect URL,URLが正しくありません,
Incorrect User or Password,ユーザー名またはパスワードが正しくありません,
Incorrect UserId or Password,ユーザー ID またはパスワードが正しくありません,
Incorrect Verification code,認証コードが正しくありません,
Incorrect value in row {0}:,行{0}の値が正しくありません:,
Incorrect value:,値が正しくありません:,
Indent,インデント,
Index,インデックス,
Index Web Pages for Search,検索用にウェブページをインデックス化,
Index created successfully on column {0} of doctype {1},DocType {1}の列{0}にインデックスが正常に作成されました,
Indexing authorization code,認証コードをインデックス化中,
Indexing refresh token,リフレッシュトークンをインデックス化中,
Indicator,インジケーター,
Indicator Color,インジケーターの色,
Indicator color,インジケーターの色,
Info,情報,
Info:,情報:,
Initial Sync Count,初期同期数,
InnoDB,InnoDB,
Input existing role name if you would like to extend it with access of another role.,別のロールのアクセス権で既存のロールを拡張したい場合は、ロール名を入力してください。,
Insert,挿入,
Insert Above,上に挿入,
Insert After,後に挿入,
Insert After cannot be set as {0},{0}として「後に挿入」を設定できません,
"Insert After field '{0}' mentioned in Custom Field '{1}', with label '{2}', does not exist",カスタムフィールド「{1}」で指定されたラベル「{2}」の「後に挿入」フィールド「{0}」が存在しません,
Insert Below,下に挿入,
Insert Column Before {0},{0}の前に列を挿入,
Insert Image in Markdown,Markdownに画像を挿入,
Insert New Records,新規レコードを挿入,
Insert Style,スタイルを挿入,
Install {0} from Marketplace,マーケットプレイスから{0}をインストール,
Installed Application,インストール済みアプリケーション,
Installed Applications,インストール済みアプリケーション,
Installed Apps,インストール済みアプリ,
Instructions,手順,
Instructions Emailed,手順をメールで送信しました,
Insufficient Permission Level for {0},{0}に対する権限レベルが不足しています,
Insufficient Permission for {0},{0}に対する権限が不足しています,
Insufficient Permissions for deleting Report,レポートを削除する権限がありません,
Insufficient Permissions for editing Report,レポートを編集する権限がありません,
Insufficient attachment limit,添付ファイルの制限が不足しています,
Int,整数,
Integration Request,連携リクエスト,
Integrations,連携,
Integrations can use this field to set email delivery status,連携機能はこのフィールドを使用してメール配信ステータスを設定できます,
Inter,インター,
Interests,関心事,
Intermediate,中級,
Internal Server Error,内部サーバーエラー,
Internal record of document shares,ドキュメント共有の内部記録,
Interval,間隔,
Intro,紹介,
Intro Video URL,紹介ビデオURL,
Introduce your company to the website visitor.,ウェブサイト訪問者に貴社を紹介します。,
Introduction,はじめに,
Introduction to Website,ウェブサイトの概要,
Introductory information for the Contact Us Page,お問い合わせページ用のはじめに情報,
Introspection URI,イントロスペクションURI,
Invalid,無効,
"Invalid ""depends_on"" expression","無効な""depends_on"" expression",
"Invalid ""depends_on"" expression set in filter {0}","無効な""depends_on"" expression set in filter {0}",
"Invalid ""mandatory_depends_on"" expression","無効な""mandatory_depends_on"" expression",
Invalid Action,無効なアクション,
Invalid CSV Format,無効なCSV Format,
Invalid Code. Please try again.,コードが無効です。もう一度お試しください。,
Invalid Condition: {},無効なCondition: {},
Invalid Credentials,無効なCredentials,
Invalid Credentials for Email Account: {0},無効なCredentials for Email Account: {0},
Invalid Date,無効なDate,
Invalid DocType,無効なDocType,
Invalid DocType: {0},無効なDocType: {0},
Invalid Doctype,無効なDoctype,
Invalid Email Account,メールアカウントが不正です,
Invalid Email.,無効なメールアドレスです。,
Invalid Fieldname,フィールド名が不正です,
Invalid File URL,ファイル URL が不正です,
Invalid Filter,無効なフィルター,
Invalid Filter Format for field {0} of type {1}. Try using filter icon on the field to set it correctly,無効なFilter Format for field {0} of type {1}. Try using filter icon on the field to set it correctly,
Invalid Filter Value,無効なFilter Value,
Invalid Home Page,無効なHome Page,
Invalid JSON,無効なJSON,
Invalid Link,無効なリンク,
"Invalid Link Filters for field {0}. Link Filters must be a list of filters, where each filter is a list with four values: doctype, fieldname, operator, and value.",フィールド{0}のリンクフィルターが無効です。リンクフィルターはフィルターのリストである必要があり、各フィルターはdoctype、fieldname、operator、valueの4つの値を持つリストである必要があります。,
Invalid Link Filters for field {0}. Link Filters must be valid JSON.,フィールド{0}のリンクフィルターが無効です。リンクフィルターは有効なJSONである必要があります。,
Invalid Login Token,無効なLogin Token,
Invalid Login. Try again.,無効なLogin. Try again,
Invalid Mail Server. Please rectify and try again.,無効なMail Server. Please rectify and try again,
Invalid Naming Series: {},無効なNaming Series: {},
Invalid Operation,操作が不正です,
Invalid Option,無効なOption,
Invalid Outgoing Mail Server or Port: {0},無効なOutgoing Mail Server or Port: {0},
Invalid Output Format,無効なOutput Format,
Invalid Override,無効な上書き,
Invalid Package Name,無効なパッケージ名,
Invalid Parameters.,パラメータが不正です。,
Invalid Password,無効なパスワード,
Invalid Phone Number,電話番号が不正です,
Invalid Request,無効なリクエスト,
Invalid Search Field {0},無効なSearch Field {0},
Invalid Table Fieldname,テーブルのフィールド名が不正です,
Invalid Transition,遷移が不正です,
Invalid URL,無効なURL,
Invalid User Name or Support Password. Please rectify and try again.,無効なUser Name or Support Password. Please rectify and try again,
Invalid Values,無効な値,
Invalid Web Form Request,無効なウェブフォームリクエスト,
Invalid Webhook Secret,Webhook シークレットが不正です,
Invalid action,無効なアクション,
Invalid aggregate function,集計関数が不正です,
Invalid alias format: {0}. Alias must be a simple identifier.,無効なalias format: {0}. Alias must be a simple identifier,
Invalid app,アプリが不正です,
Invalid argument format: {0}. Only quoted string literals or simple field names are allowed.,無効なargument format: {0}. Only quoted string literals or simple field names are allowed,
"Invalid argument type: {0}. Only strings, numbers, dicts, and None are allowed.","無効なargument type: {0}. Only strings, numbers, dicts, and None are allowed",
Invalid backup path,無効なバックアップパス,
"Invalid characters in fieldname: {0}. Only letters, numbers, and underscores are allowed.","無効なcharacters in fieldname: {0}. Only letters, numbers, and underscores are allowed",
Invalid column,無効なcolumn,
Invalid condition type in nested filters: {0},無効なcondition type in nested filters: {0},
"Invalid credentials, try again.",認証情報が無効です。もう一度お試しください。,
Invalid direction in Order By: {0}. Must be 'ASC' or 'DESC'.,無効なdirection in Order By: {0}. Must be 'ASC' or 'DESC',
Invalid docstatus,docstatus の値が不正です,
Invalid expression in Workflow Update Value: {0},無効なexpression in Workflow Update Value: {0},
Invalid expression set in filter {0},フィルター {0} に無効な式が設定されています,
Invalid expression set in filter {0} ({1}),無効なexpression set in filter {0} ({1}),
"Invalid field format for SELECT: {0}. Field names must be simple, backticked, table-qualified, aliased, or '*'.","無効なfield format for SELECT: {0}. Field names must be simple, backticked, table-qualified, aliased, or '*'",
"Invalid field format in {0}: {1}. Use 'field', 'link_field.field', or 'child_table.field'.","無効なfield format in {0}: {1}. Use 'field', 'link_field.field', or 'child_table.field'",
Invalid field name {0},無効なfield name {0},
Invalid field type: {0},無効なfield type: {0},
Invalid fieldname '{0}' in autoname,無効なfieldname '{0}' in autoname,
Invalid file path: {0},無効なfile path: {0},
Invalid filter condition: {0}. Expected a list or tuple.,無効なfilter condition: {0}. Expected a list or tuple,
Invalid filter field format: {0}. Use 'fieldname' or 'link_fieldname.target_fieldname'.,無効なfilter field format: {0}. Use 'fieldname' or 'link_fieldname.target_fieldname',
Invalid filter: {0},無効なfilter: {0},
Invalid format. Supported formats are {0},無効な形式です。サポートされている形式は{0}です,
"Invalid function argument type: {0}. Only strings, numbers, lists, and None are allowed.","無効なfunction argument type: {0}. Only strings, numbers, lists, and None are allowed",
Invalid input,入力が不正です,
Invalid json added in the custom options: {0},無効なjson added in the custom options: {0},
Invalid name type (integer) for varchar name column,varchar の name 列に対して、name の型（integer）が不正です,
Invalid naming series {}: dot (.) missing,無効なnaming series {}: dot (.) missing,
Invalid naming series {}: dot (.) missing before the numeric placeholders. Kindly use a format like <b>ABCD.#####</b>.,無効なnaming series {}: dot (.) missing before the numeric placeholders. Kindly use a format like <b>ABCD.#####</b>,
Invalid nested expression: dictionary must represent a function or operator,無効なnested expression: dictionary must represent a function or operator,
Invalid or corrupted content for import,無効なor corrupted content for import,
Invalid or expired key,無効または期限切れのキー,
Invalid redirect regex in row #{}: {},無効なredirect regex in row #{}: {},
Invalid request arguments,リクエストの引数が不正です,
Invalid request body,無効なrequest body,
Invalid role,ロールが不正です,
Invalid simple filter format: {0},無効なsimple filter format: {0},
Invalid start for filter condition: {0}. Expected a list or tuple.,無効なstart for filter condition: {0}. Expected a list or tuple,
Invalid template file for import,無効なtemplate file for import,
Invalid token state! Check if the token has been created by the OAuth user.,トークンの状態が不正です。トークンが OAuth ユーザーによって作成されたかを確認してください。,
Invalid username or password,無効なusername or password,
Invalid value specified for UUID: {},無効なvalue specified for UUID: {},
Invalid values for fields:,フィールドの値が無効です:,Error message in web form
Invalid wkhtmltopdf version,wkhtmltopdf のバージョンが不正です,
Invalid {0} condition,無効な{0} condition,
Invalid {0} dictionary format,無効な{0} dictionary format,
Inverse,逆,
Invitation already accepted,招待はすでに承認されています,
Invitation already exists,招待は既に存在します,
Invitation cancelled,招待がキャンセルされました,
Invitation cannot be cancelled,招待はキャンセルできません,
Invitation expired,招待の有効期限が切れました,
Invitation is cancelled,招待はキャンセルされました,
Invitation is expired,招待は期限切れです,
Invitation not found,招待が見つかりません,
Invitation resent,招待を再送しました,
Invitation to join {0} cancelled,{0}への招待はキャンセルされました,
Invitation to join {0} expired,{0}への招待は期限切れです,
Invite as User,ユーザーとして招待,
Invited By,招待者,
Is,である,
Is Active,有効,
Is Attachments Folder,添付ファイルフォルダである,
Is Calendar and Gantt,カレンダーとガントである,
Is Child Table,子テーブルである,
Is Complete,完了している,
Is Completed,完了済,
Is Current,現在の,
Is Custom,カスタムである,
Is Custom Field,カスタムフィールドである,
Is Default,デフォルトである,
Is Dynamic URL?,動的URLですか？,
Is Folder,フォルダである,
Is Global,グローバルである,
Is Group,グループである,
Is Hidden,非表示である,
Is Home Folder,ホームフォルダである,
Is Mandatory Field,必須フィールドである,
Is Optional State,オプションの状態である,
Is Primary,プライマリである,
Is Primary Address,主な住所である,
Is Primary Contact,主な連絡先である,
Is Primary Mobile,主な携帯電話である,
Is Primary Phone,主な電話である,
Is Private,プライベートである,
Is Public,公開である,
Is Published Field,公開フィールドである,
Is Published Field must be a valid fieldname,公開フィールドは有効なフィールド名である必要があります,
Is Query Report,クエリレポートかどうか,
Is Remote Request?,リモートリクエストですか？,
Is Scrap Item,スクラップ品目,
Is Setup Complete?,セットアップは完了していますか？,
Is Single,シングルである,
Is Skipped,スキップされた,
Is Spam,スパムである,
Is Standard,標準である,
Is Submittable,提出可能である,
Is System Generated,システム生成である,
Is Table,テーブルである,
Is Table Field,テーブルフィールドである,
Is Tree,ツリーである,
Is Unique,ユニークである,
Is Virtual,仮想である,
Is standard,標準である,
It is risky to delete this file: {0}. Please contact your System Manager.,このファイル {0} を削除するのは危険です。システムマネージャーに連絡してください。,
It is too late to undo this email. It is already being sent.,このメールを元に戻すには遅すぎます。すでに送信中です。,
Item Label,品目ラベル,
Item Type,品目種類,
Item cannot be added to its own descendants,品目を自身の後続に追加することはできません,
Items,品目,
JS,JS,
JS Message,JSメッセージ,
JSON,JSON,
JSON Request Body,JSONリクエストボディ,
JSON value must be an object,JSON値はオブジェクトである必要があります,
Jane Doe,ジェーン・ドウ,
JavaScript,JavaScript,
JavaScript Format: frappe.query_reports['REPORTNAME'] = {},JavaScript形式: frappe.query_reports['REPORTNAME'] = {},
Javascript,Javascript,
Javascript is disabled on your browser,お使いのブラウザでJavascriptが無効になっています,
Jinja,Jinja,
Job Card Scrap Item,ジョブカード スクラップ品目,
Job ID,ジョブID,
Job Id,ジョブID,
Job Info,ジョブ情報,
Job Name,ジョブ名,
Job Status,ジョブステータス,
Job Stopped Successfully,ジョブが正常に停止しました,
Job is in {0} state and can't be cancelled,ジョブは{0}状態であり、キャンセルできません,
Job is not running.,ジョブは実行されていません。,
Job stopped successfully,ジョブが正常に停止しました,
Join video conference with {0},{0}とビデオ会議に参加,
Jump to field,フィールドへジャンプ,
K,K,Number system
Kanban,カンバン,
Kanban Board,カンバンボード,
Kanban Board Column,カンバンボード列,
Kanban Board Name,Kanban Board名,
Kanban Settings,カンバン設定,Button in kanban view menu
Kanban View,カンバンビュー,
Keep Closed,閉じたままにする,
Keep Gravatar URLs,Gravatar の URL を残す,
Keep track of all update feeds,すべての更新フィードを追跡する,
Keeps track of all communications,すべてのコミュニケーションを追跡する,
Key,キー,
Key Required,キーは必須,
Key required,キーは必須,
Keyboard Shortcuts,キーボードショートカット,
Keycloak,Keycloak,
Kh,Kh,Number system
Knowledge Base,知識ベース,
Knowledge Base Contributor,知識ベース貢献者,
Knowledge Base Editor,知識ベース編集者,
L,L,Number system
LDAP Auth,LDAP認証,
LDAP Custom Settings,LDAP カスタム設定,
LDAP Email Field,LDAPメールフィールド,
LDAP First Name Field,LDAP名フィールド,
LDAP Group,LDAPグループ,
LDAP Group Field,LDAPグループフィールド,
LDAP Group Mapping,LDAPグループマッピング,
LDAP Group Mappings,LDAPグループマッピング,
LDAP Group Member attribute,LDAPグループメンバー属性,
LDAP Last Name Field,LDAP姓フィールド,
LDAP Middle Name Field,LDAPミドルネームフィールド,
LDAP Mobile Field,LDAP携帯電話フィールド,
LDAP Not Installed,LDAPがインストールされていません,
LDAP Phone Field,LDAP電話フィールド,
LDAP Search String,LDAP検索文字列,
"LDAP Search String must be enclosed in '()' and needs to contian the user placeholder {0}, eg sAMAccountName={0}",LDAP検索文字列は'()'で囲み、ユーザープレースホルダー{0}を含める必要があります。例: sAMAccountName={0},
LDAP Search and Paths,LDAP検索とパス,
LDAP Security,LDAPセキュリティ,
LDAP Server Settings,LDAP サーバー設定,
LDAP Server Url,LDAPサーバーURL,
LDAP Settings,LDAP設定,
LDAP User Creation and Mapping,LDAPユーザー作成とマッピング,
LDAP Username Field,LDAPユーザー名フィールド,
LDAP is not enabled.,LDAPは有効になっていません。,
LDAP search path for Groups,グループのLDAP検索パス,
LDAP search path for Users,ユーザーのLDAP検索パス,
LDAP settings incorrect. validation response was: {0},LDAP設定が正しくありません。検証応答: {0},
Label,ラベル,
Label Help,ラベルヘルプ,
Label and Type,Label and種類,
Label is mandatory,ラベルは必須です,
Landing Page,ランディングページ,
Landscape,横向き,
Language,言語,
Language Code,言語コード,
Language Name,言語名,
Last,最終,
Last 10 active users,過去10人のアクティブユーザー,
Last 14 Days,過去14日間,
Last 30 Days,過去30日間,
Last 6 Months,過去6ヶ月,
Last 7 Days,過去7日間,
Last 90 Days,過去90日間,
Last Active,最終アクティブ,
Last Edited By You,最終編集者: あなた,
Last Edited By {0},最終編集者: {0},
Last Execution,最終実行,
Last Heartbeat,最終ハートビート,
Last IP,最終IP,
Last Known Versions,最終既知バージョン,
Last Login,最終ログイン,
Last Modified Date,最終更新日,
Last Modified On,最終更新日時,
Last Month,先月,
Last Name,最終名,
Last Password Reset Date,最終パスワードリセット日,
Last Quarter,前四半期,
Last Received At,最終受信日時,
Last Reset Password Key Generated On,最終パスワードリセットキー生成日時,
Last Run,最終実行,
Last Seen,最終検出,
Last Sync On,最終同期日時,
Last Synced On,最終同期日時,
Last Updated,最終更新,
Last Updated By,最終更新者,
Last Updated On,最終更新日時,
Last User,最終ユーザー,
Last Week,先週,
Last Year,昨年,
Last synced {0},最終同期: {0},
Layout,レイアウト,
Layout Reset,レイアウトリセット,
"Layout will be reset to standard layout, are you sure you want to do this?",レイアウトが標準レイアウトにリセットされます。よろしいですか？,
Learn about Standard and Custom Print Formats,標準の印刷書式とカスタム印刷書式について学ぶ,
Learn about Web Pages,ウェブページについて学ぶ,
Learn how to add Custom Fields,カスタムフィールドの追加方法を見る,
Learn more,詳細を見る,
Learn more about Report Builders,レポートビルダーについて詳しく見る,
Learn more about creating new DocTypes,新しい DocType の作成について詳しく見る,
Leave blank to repeat always,常に繰り返す場合は空白のままにしてください,
Leave this conversation,この会話から退出する,
Ledger,元帳,
Left,左,
Left,左,alignment
Left Bottom,左下,
Left Center,左中央,
Left this conversation,この会話から退出しました,
Legal,法務,
Length,長さ,
Length of passed data array is greater than value of maximum allowed label points!,渡されたデータ配列の長さが、許可されている最大ラベルポイントの値を超えています！,
Length of {0} should be between 1 and 1000,{0}の長さは1から1000の間である必要があります,
Less,未満,
Less Than,より小さい,
Less Than Or Equal To,以下,
Let us continue with the onboarding,オンボーディングを続けましょう,
Let's Get Started,始めましょう,
Let's Set Up Your Website.,ウェブサイトを設定しましょう。,
Let's avoid repeated words and characters,繰り返し語句や文字を避けましょう,
Let's set up your account,アカウントを設定しましょう,
Let's setup your account.,アカウントを設定しましょう。,
Let's take you back to onboarding,オンボーディングに戻りましょう,
Letter,レター,
Letter Head,レターヘッド,
Letter Head Based On,レターヘッドの基準,
Letter Head Image,レターヘッド画像,
Letter Head Name,Letter Head名,
Letter Head Scripts,レターヘッドスクリプト,
Letter Head cannot be both disabled and default,レターヘッドは無効とデフォルトの両方に設定できません,
Letter Head in HTML,HTML形式のレターヘッド,
Level,レベル,
"Level 0 is for document level permissions, higher levels for field level permissions.",レベル0はドキュメントレベルの権限用、それより高いレベルはフィールドレベルの権限用です。,
Library,ライブラリ,
License,ライセンス,
License Type,ライセンス種類,
Light,ライト,
Light Blue,ライトブルー,
Light Color,明るい色,
Light Theme,ライトテーマ,
Like,いいね,
Liked,いいね済み,
Liked By,「いいね」したユーザー,
Liked by me,私が「いいね」しました,
Liked by {0} people,{0}人が「いいね」しました,
Likes,「いいね」,
Limit,制限,
Limit icon choices for all users.,全ユーザーが選べるアイコンを制限します。,
Limit must be a non-negative integer,制限は非負の整数である必要があります,
Line,行,
Link,リンク,
Link Cards,リンクカード,
Link Count,リンク数,
Link Details,リンク詳細,
Link DocType,リンクDocType,
Link Document Type,Link Document種類,
Link Expired,リンクの有効期限切れ,
Link Field Results Limit,リンクフィールド結果制限,
Link Fieldname,リンクフィールド名,
Link Filters,リンクフィルター,
Link Name,リンク名,
Link Title,リンクタイトル,
Link To,リンク先,
Link To in Row,行内のリンク先,
Link Type,リンク種類,
Link Type in Row,行内のリンクタイプ,
"Link for About Us Page is ""/about"".",会社概要ページのリンクは「/about」です。,
"Link that is the website home page. Standard Links (home, login, products, blog, about, contact)",ウェブサイトのホームページへのリンク。標準リンク（home、login、products、blog、about、contact）,
Link to the page you want to open. Leave blank if you want to make it a group parent.,開きたいページへのリンク。グループの親にする場合は空白のままにしてください。,
Linked,リンク済,
Linked with {0},{0}とリンク済み,
Links,リンク,
List,リスト,
List / Search Settings,List / Search設定,
List Columns,リスト列,
List Filter,リストフィルター,
List Settings,リスト設定,
List Settings,リスト設定,Button in list view menu
List View,リストビュー,
List View Settings,List View設定,
"List as [{""label"": _(""Jobs""), ""route"":""jobs""}]","[{""label"": _(""Jobs""), ""route"":""jobs""}]としてリスト表示",
"List of email addresses, separated by comma or new line.",カンマまたは改行で区切られたメールアドレスのリスト。,
List of patches executed,実行されたパッチのリスト,
List setting message,リスト設定メッセージ,
Lists,一覧,
Load Balancing,ロードバランシング,
Load More,さらに読み込む,
Load More Communications,さらにコミュニケーションを読み込む,Form timeline
Load more,さらに読み込む,
Loading,読み込み中,
Loading Filters...,フィルターを読み込み中...,
Loading Report,レポートを読み込んでいます,
Loading error stats...,エラー統計を読み込み中...,
Loading import file...,インポートファイルを読み込み中...,
Loading user profile,ユーザープロフィールを読み込んでいます,
Loading...,読み込み中...,
Location,場所,
Log,ログ,
Log API Requests,APIリクエストをログに記録,
Log Data,ログデータ,
Log DocType,ログDocType,
Log In To {0},{0}にログイン,
Log In to {0},{0}にログイン,
Log Index,ログインデックス,
Log Setting User,ログ設定ユーザー,
Log Settings,ログ設定,
Log in to access this page.,このページにアクセスするにはログインしてください。,
Log in to {0},{0}にログイン,
Log out,ログアウト,
Logged Out,ログアウトしました,
Login,ログイン,
Login Activity,ログインアクティビティ,
Login After,ログイン後,
Login Before,ログイン前,
Login Failed please try again,ログインに失敗しました。もう一度お試しください,
Login Id is required,Login Idは必須です,
Login Methods,ログイン方法,
Login Page,ログインページ,
Login Required,ログインが必要です,
Login To {0},{0}にログイン,
Login Verification Code from {},{}からのログイン認証コード,
Login and view in Browser,ログインしてブラウザで表示,
Login is required to see web form list view. Enable {0} to see list settings,ウェブフォームリストビューを表示するにはログインが必要です。リスト設定を表示するには{0}を有効にしてください,
Login link sent to your email,ログインリンクがメールに送信されました,
Login not allowed at this time,現在、ログインは許可されていません,
Login or a request key is required to see web form list view. Enable {0} to see list settings,ウェブフォームリストビューを表示するには、ログインまたはリクエストキーが必要です。リスト設定を表示するには{0}を有効にしてください,
Login required,ログインが必要です,
"Login session expired, refresh page to retry",ログインセッションの有効期限が切れました。ページを更新して再試行してください,
Login to comment,コメントするにはログインしてください,
Login to start a new discussion,新しいディスカッションを開始するにはログインしてください,
Login to view,表示するにはログインしてください,
Login to {0},{0}にログイン,
Login token required,ログイントークンが必要です,
Login with Email Link,メールリンクでログイン,
Login with Frappe Cloud,Frappe Cloudでログイン,
Login with LDAP,LDAPでログイン,
Login with email link,メールリンクでログイン,
Login with email link expiry (in minutes),メールリンクによるログインの有効期限（分）,
Login with password,パスワードでログイン,
Login with username and password is not allowed.,ユーザー名とパスワードでのログインは許可されていません。,
Login with {0},{0}でログイン,
Logo URI,ロゴURI,
Logo URL,ロゴURL,
Logout,ログアウト,
Logout All Sessions,全てのセッションをログアウト,
Logout All Sessions on Password Reset,パスワードリセット時に全てのセッションをログアウト,
Logout From All Devices After Changing Password,パスワード変更後に全てのデバイスからログアウト,
Logs,ログ,
Logs To Clear,クリアするログ,
Logs to Clear,クリアするログ,
Long Text,長文テキスト,
Looks like you didn't change the value,値を変更していないようです,
Looks like you haven’t added any third party apps.,サードパーティアプリを追加していないようです。,
Looks like you haven’t received any notifications.,通知を受信していないようです。,
Loving Frappe Framework?,Frappe Framework は気に入りましたか？,
Low,低,
M,M,Number system
MIT License,MITライセンス,
Madam,マダム,
Main Section,メインセクション,
Main Section (HTML),メインセクション (HTML),
Main Section (Markdown),メインセクション (Markdown),
Maintenance Manager,メンテナンスマネージャー,
Maintenance User,メンテナンスユーザー,
Major,メジャー,
"Make ""name"" searchable in Global Search",グローバル検索で「名前」を検索可能にする,
Make Attachment Public (by default),添付ファイルを公開する（デフォルト）,
Make Attachments Public by Default,添付ファイルをデフォルトで公開する,
Make sure to configure a Social Login Key before disabling to prevent lockout,ロックアウトを防ぐため、無効にする前にソーシャルログインキーを設定してください,
Make use of longer keyboard patterns,より長いキーボードパターンを使用する,
Make {0},{0}を作成,
Makes the page public,ページを公開します,
Male,男性,
Malformed Address Header,不正なアドレスヘッダー,
Manage 3rd party apps,サードパーティアプリを管理,
Manage Billing,請求を管理,
Mandatory,必須,
Mandatory Depends On,必須依存,
Mandatory Depends On (JS),必須依存 (JS),
Mandatory Information missing:,必須情報が不足しています:,
Mandatory field: set role for,必須フィールド: ロールを設定,
Mandatory field: {0},必須フィールド: {0},
Mandatory fields required:,必須フィールドが必要です:,Error message in web form
Mandatory:,必須:,
Map,マップ,
Map Columns,列をマッピング,
Map View,マップビュー,
Map columns from {0} to fields in {1},{0} の列を {1} のフィールドにマッピング,
Map route parameters into form variables. Example <code>/project/&lt;name&gt;</code>,ルートパラメータをフォーム変数にマッピングします。例 <code>/project/&lt;name&gt;</code>,
Mapping column {0} to field {1},列 {0} をフィールド {1} にマッピング中,
Margin Bottom,下マージン,
Margin Left,左マージン,
Margin Right,右マージン,
Margin Top,上マージン,
MariaDB Variables,MariaDB変数,
Mark all as read,すべて既読にする,
Mark as Read,既読にする,
Mark as Spam,スパムとしてマーク,
Mark as Unread,未読にする,
Markdown,マークダウン,
Markdown Editor,マークダウンエディタ,
Marked As Spam,スパムとしてマーク済,
Marketing Manager,マーケティングマネージャー,
Mask,マスク,
Master,マスタ,
Max 500 records at a time,一度に最大500レコード,
Max Attachments,最大添付ファイル数,
Max File Size (MB),最大ファイルサイズ (MB),
Max Height,最大高さ,
Max Length,最大長,
Max Report Rows,最大レポート行数,
Max Value,最大値,
Max Zip Extract Size (MB),Zip展開最大サイズ (MB),
Max attachment size,最大添付ファイルサイズ,
Max auto email report per user,ユーザーあたりの自動メールレポートの最大数,
Max signups allowed per hour,1時間あたりの最大サインアップ数,
Max width for type Currency is 100px in row {0},行 {0} の通貨タイプの最大幅は100pxです,
Maximum,最大,
Maximum Attachment Limit of {0} has been reached for {1} {2}.,{1} {2} の最大添付ファイル制限 {0} に達しました。,
Maximum attachment limit of {0} has been reached.,最大添付ファイル制限 {0} に達しました。,
Maximum total size a ZIP archive is allowed to expand to when extracted.,ZIPアーカイブが展開されたときに許容される最大合計サイズ。,
Maximum {0} rows allowed,最大 {0} 行まで許可,
Maybe,たぶん,
Me,自分,
Meaning of Different Permission Types,異なる権限タイプの意味,
Medium,中,
Meeting,会議,
Meets Condition?,条件を満たしますか？,
Members,メンバー,
Memory Usage,メモリ使用量,
Memory Usage in MB,メモリ使用量 (MB),
Mention,メンション,
Mentions,メンション,
Menu,メニュー,
Merge with existing,既存とマージ,
Merging is only possible between Group-to-Group or Leaf Node-to-Leaf Node,マージはグループ間またはリーフノード間でのみ可能です,
Message,メッセージ,
Message,メッセージ,Default title of the message dialog
Message Examples,メッセージ例,
Message ID,メッセージID,
Message Parameter,メッセージパラメータ,
Message Sent,メッセージ送信済,
Message Type,メッセージ種類,
Message clipped,メッセージがクリップされました,
Message from server: {0},サーバーからのメッセージ: {0},
Message not setup,メッセージが設定されていません,
Message to be displayed on successful completion,正常完了時に表示されるメッセージ,
Message-id,メッセージID,
Messages,メッセージ,
Meta,メタ,
Meta Description,メタディスクリプション,
Meta Image,メタ画像,
Meta Tags,メタタグ,
Meta Title,メタタイトル,
Meta description,メタディスクリプション,
Meta image,メタ画像,
Meta title,メタタイトル,
Meta title for SEO,SEO用メタタイトル,
Metadata,メタデータ,
Method,メソッド,
Method Not Allowed,許可されていないメソッド,
Method is required to create a number card,数値カードを作成するにはメソッドが必要です,
Mid Center,中央,
Middle Name,Middle名,
Middle Name (Optional),ミドルネーム (任意),
Milestone,マイルストーン,
Milestone Tracker,マイルストーントラッカー,
Minimum,最小,
Minimum Password Score,最小パスワードスコア,
Minor,マイナー,
Minutes,分,Duration
Minutes After,分後,
Minutes Before,分前,
Minutes Offset,分オフセット,
Misconfigured,設定ミス,
Miss,ミス,
Missing DocType,DocTypeが見つかりません,
Missing Field,フィールドが見つかりません,
Missing Fields,フィールドが見つかりません,
Missing Filters Required,必須フィルターが不足しています,
Missing Permission,権限が不足しています,
Missing Value,値が不足しています,
Missing Values Required,必須値が不足しています,
Mobile,モバイル,
Mobile No,携帯電話番号,
Mobile Number,携帯電話番号,
Modal Trigger,モダルトリガー,
Module,モジュール,
Module (for export),モジュール (エクスポート用),
Module Def,モジュール定義,
Module HTML,モジュールHTML,
Module Name,モジュール名,
Module Onboarding,モジュールオンボーディング,
Module Profile,モジュールプロファイル,
Module Profile Name,モジュールプロファイル名,
"Module changed to {0}. Files in the previous module were not moved and remain at {1}, remove or relocate them manually.",モジュールが{0}に変更されました。以前のモジュールのファイルは移動されず、{1}に残っています。手動で削除または再配置してください。,
Module onboarding progress reset,モジュールオンボーディングの進捗をリセット,
Module to Export,エクスポートするモジュール,
Module {} not found,Module {}が見つかりません,
Modules,モジュール,
Modules HTML,モジュールHTML,
Monday,月曜日,
"Monitor logs for errors, background jobs, communications, and user activity",エラー、バックグラウンドジョブ、通信、ユーザーアクティビティのログを監視します,
Monospace,等幅,
Month,月,
Monthly,月次,
Monthly Long,月次 (長),
Monthly Rank,月間順位,
More,詳細,
More Info,詳細情報,
More Information,詳細情報,
More Options,その他のオプション,
More articles on {0},{0}に関するその他の記事,
More content for the bottom of the page.,ページ下部の追加コンテンツ。,
Most Used,最も使用されている,
Most probably your password is too long.,パスワードが長すぎる可能性があります。,
Move,移動,
Move To,移動先,
Move To Trash,ゴミ箱へ移動,
Move current and all subsequent sections to a new tab,現在のセクションとそれに続くすべてのセクションを新しいタブに移動します,
Move cursor to above row,カーソルを上の行に移動,
Move cursor to below row,カーソルを下の行に移動,
Move cursor to next column,カーソルを次の列に移動,
Move cursor to previous column,カーソルを前の列に移動,
Move sections to new tab,セクションを新しいタブに移動,
Move to Row Number,行番号へ移動,
Move to next step when clicked inside highlighted area.,ハイライトされた領域内をクリックすると、次のステップに進みます。,
Mozilla doesn't support :has() so you can pass parent selector here as workaround,Mozillaは:has()をサポートしていないため、回避策としてここに親セレクタを渡すことができます,
Mr,氏,
Mrs,夫人,
Ms,女史,
Multiple Warehouse Accounts,複数の倉庫勘定,
Multiple root nodes not allowed.,複数のルートノードは許可されていません。,
Must be a publicly accessible Google Sheets URL,公開されているGoogleシートのURLである必要があります,
"Must be enclosed in '()' and include '{0}', which is a placeholder for the user/login name. i.e. (&(objectclass=user)(uid={0}))",'()'で囲み、ユーザー/ログイン名のプレースホルダーである'{0}'を含める必要があります。例: (&(objectclass=user)(uid={0})),
"Must be of type ""Attach Image""",「画像を添付」タイプである必要があります,
Must have report permission to access this report.,このレポートにアクセスするには、レポート権限が必要です。,
Must specify a Query to run,実行するクエリを指定する必要があります,
Mute Sounds,サウンドをミュート,
Mx,氏,
My Account,マイアカウント,
My Device,マイデバイス,
My Settings,自分の設定,
My Workspaces,マイワークスペース,
MyISAM,MyISAM,
N/A,該当なし,Number not available
NEVER,なし,
"NOTE: If you add states or transitions in the table, it will be reflected in the Workflow Builder but you will have to position them manually. Also Workflow Builder is currently in <b>BETA</b>.",注: テーブルに状態または遷移を追加すると、ワークフロービルダーに反映されますが、手動で配置する必要があります。また、ワークフロービルダーは現在<b>ベータ版</b>です。,
NOTE: This box is due for depreciation. Please re-setup LDAP to work with the newer settings,注: このボックスは非推奨となる予定です。新しい設定で動作するようにLDAPを再設定してください,
Name,名前,
Name (Doc Name),名前 (ドキュメント名),
"Name already taken, please set a new name",名前は既に使用されています。新しい名前を設定してください,
Name cannot contain special characters like {0},名前に{0}のような特殊文字を含めることはできません,
Name of the Document Type (DocType) you want this field to be linked to. e.g. Customer,このフィールドをリンクするドキュメントタイプ (DocType) の名前。例: 顧客,
Name of the new Print Format,新しい印刷フォーマットの名前,
Name of {0} cannot be {1},{0}の名前は{1}にできません,
Names and surnames by themselves are easy to guess.,名前と姓だけでは推測されやすいです。,
Naming,命名,
"Naming Options:
<ol><li><b>field:[fieldname]</b> - By Field</li><li><b>naming_series:</b> - By Naming Series (field called naming_series must be present)</li><li><b>Prompt</b> - Prompt user for a name</li><li><b>[series]</b> - Series by prefix (separated by a dot); for example PRE.#####</li>
<li><b>format:EXAMPLE-{MM}morewords{fieldname1}-{fieldname2}-{#####}</b> - Replace all braced words (fieldnames, date words (DD, MM, YY), series) with their value. Outside braces, any characters can be used.</li></ol>","命名オプション:
<ol><li><b>field:[fieldname]</b> - フィールドによる</li><li><b>naming_series:</b> - 命名シリーズによる (naming_seriesというフィールドが存在する必要があります)</li><li><b>Prompt</b> - ユーザーに名前を促す</li><li><b>[series]</b> - プレフィックスによるシリーズ (ドットで区切る)。例: PRE.#####</li>
<li><b>format:EXAMPLE-{MM}morewords{fieldname1}-{fieldname2}-{#####}</b> - すべての括弧内の単語 (フィールド名、日付の単語 (DD, MM, YY)、シリーズ) をその値に置き換えます。括弧の外では、任意の文字を使用できます。</li></ol>",
Naming Rule,命名ルール,
Naming Series,命名シリーズ,
Naming Series mandatory,命名シリーズは必須,
Naming Series updated,命名シリーズが更新されました,
Navbar,ナビゲーションバー,
Navbar Item,ナビゲーションバー項目,
Navbar Settings,Navbar設定,
Navbar Template,Navbarテンプレート,
Navbar Template Values,ナビゲーションバーテンプレート値,
Navigate list down,リストを下に移動,Description of a list view shortcut
Navigate list up,リストを上に移動,Description of a list view shortcut
Navigate to main content,メインコンテンツへ移動,
Navigation Buttons,ナビゲーションボタン,
Navigation Settings,ナビゲーション設定,
Need Help?,ヘルプが必要ですか？,
Need Workspace Manager role to edit private workspace of other users.,他のユーザーのプライベートワークスペースを編集するには、ワークスペースマネージャーのロールが必要です。,
Need Workspace Manager role to edit public workspaces.,パブリックワークスペースを編集するには、ワークスペースマネージャーのロールが必要です。,
Negative Value,負の値,
Nested filters must be provided as a list or tuple.,ネストされたフィルターはリストまたはタプルとして提供する必要があります。,
Nested set error. Please contact the Administrator.,ネストセットエラー。管理者にお問い合わせください。,
Network Printer Settings,ネットワークプリンター設定,
Never,しない,
New,新規,
New Activity,新規Activity,
New Address,新規Address,
New Chart,新規Chart,
New Contact,新規Contact,
New Custom Block,新規Custom Block,
New Custom Print Format,新規Custom Print Format,
New Document Form,新規文書フォーム,
New Document Shared {0},新規Document Shared {0},
New Email,新規メール,
New Email Account,新規Email Account,
New Event,新規イベント,
New Folder,新規フォルダ,
New Kanban Board,新規Kanban Board,
New Links,新規リンク,
New Mention on {0},新規Mention on {0},
New Message from Website Contact Page,新規Message from Website Contact Page,
New Name,新規名,
New Notification,新規Notification,
New Number Card,新規Number Card,
New Onboarding,新規Onboarding,
New Password,新規パスワード,
New Print Format Name,New Print Format名,
New Quick List,New Quickリスト,
New Report name,新規Report name,
New Role,新規ロール,
New Shortcut,新規ショートカット,
New Users (Last 30 days),新規ユーザー（直近 30 日）,
New Value,新規値,
New Workflow Name,新しいワークフロー名,
New Workspace,新規ワークスペース,
"New line separated list of allowed public client URLs (eg <code>https://frappe.io</code>), or <code>*</code> to accept all.
<br>
Public clients are restricted by default.","新規line separated list of allowed public client URLs (eg <code>https://frappe.io</code>), or <code>*</code> to accept all.
<br>
Public clients are restricted by default.",
New line separated list of scope values.,新規line separated list of scope values.,
"New lines separated list of strings representing ways to contact people responsible for this client, typically email addresses.","新規lines separated list of strings representing ways to contact people responsible for this client, typically email addresses.",
New password cannot be same as old password,新しいパスワードは、以前のパスワードと同じにはできません,
New password emailed,新しいパスワードをメールで送信しました,
New updates are available,新規updates are available,
New users will have to be manually registered by system managers.,新規ユーザーは、システム管理者が手動で登録する必要があります。,
New value to be set,新規value to be set,
New {0},新規{0},
New {0} Created,新規{0} Created,
New {0} {1} added to Dashboard {2},新規{0} {1} added to Dashboard {2},
New {0} {1} created,新規{0} {1} created,
New {0}: {1},新規{0}: {1},
New {} releases for the following apps are available,新規{} releases for the following apps are available,
Newly created user {0} has no roles enabled.,新規作成されたユーザー{0}には、有効なロールがありません。,
Newsletter Manager,ニュースレターマネージャー,
Next,次へ,
Next,次へ,Go to next slide
Next 14 Days,今後14日間,
Next 30 Days,今後30日間,
Next 6 Months,今後6ヶ月間,
Next 7 Days,今後7日間,
Next Action Email Template,Next Action Emailテンプレート,
Next Actions,次のアクション,
Next Actions HTML,次のアクションHTML,
Next Document,次のドキュメント,
Next Execution,次の実行,
Next Form Tour,次のフォームツアー,
Next Month,来月,
Next Quarter,次の四半期,
Next Schedule Date,次のスケジュール日,
Next Scheduled Date,次のスケジュール日,
Next State,次の状態,
Next Step Condition,次のステップ条件,
Next Sync Token,次の同期トークン,
Next Week,来週,
Next Year,来年,
Next actions,次のアクション,
Next on Click,クリックで次へ,
No,いいえ,
No,いいえ,Checkbox is not checked
No,いいえ,Dismiss confirmation dialog
No Active Sessions,アクティブなセッションなし,
No Copy,コピーなし,
No Data,データなし,
No Data to Show,表示するデータがありません,
No Data...,データなし...,
No Email Account,メールアカウントなし,
No Email Accounts Assigned,メールアカウントが割り当てられていません,
No Email field found in {0},{0}にメールフィールドが見つかりません,
No Emails,メールなし,
No Entry for the User {0} found within LDAP!,LDAP内にユーザー{0}のエントリが見つかりません！,
No Filters Set,フィルターが設定されていません,
No Google Calendar Event to sync.,同期するGoogleカレンダーイベントがありません。,
No IMAP folders were found on the server. Please verify the email account settings and ensure the mailbox contains folders.,サーバー上にIMAPフォルダーが見つかりませんでした。メールアカウント設定を確認し、メールボックスにフォルダーが含まれていることを確認してください。,
No Images,画像なし,
No Items Found,項目が見つかりません,
No LDAP User found for email: {0},メールアドレス{0}のLDAPユーザーが見つかりません,
No Label,ラベルなし,
No Letterhead,レターヘッドなし,
No Name Specified for {0},{0}の名前が指定されていません,
No New notifications,新しい通知はありません,
No Permissions Specified,権限が指定されていません,
No Permissions set for this criteria.,この条件に対する権限が設定されていません。,
No Permitted Charts,許可されたチャートなし,
No Permitted Charts on this Dashboard,このダッシュボードには許可されたチャートがありません,
No Preview,プレビューなし,
No Preview Available,プレビューはありません,
No Printer is Available.,プリンターが利用できません。,
No RQ Workers connected. Try restarting the bench.,RQワーカーが接続されていません。ベンチの再起動を試してください。,
No Results,結果なし,
No Results found,結果が見つかりません,
No Roles Specified,ロールが指定されていません,
No Select Field Found,選択フィールドが見つかりません,
No Suggestions,提案なし,
No Tags,タグなし,
No Upcoming Events,今後のイベントはありません,
No User Restrictions found.,ユーザー制限が見つかりません。,
No activities to show,表示する活動がありません,
No address added yet.,まだ住所は追加されていません。,
No alerts for today,今日の通知はありません,
No attachment found for the prepared report,準備されたレポートの添付ファイルが見つかりません,
No automatic optimization suggestions available.,自動最適化の提案はありません。,
No broken links found in the email content,メール本文にリンク切れはありませんでした,
No changes in document,ドキュメントに変更なし,
No changes made,変更なし,
No changes made because old and new name are the same.,古い名前と新しい名前が同じであるため、変更は行われませんでした。,
No changes made on the page,ページに変更はありません,
No changes to sync,同期する変更はありません,
No changes to update,更新する変更はありません,
No comments yet.,まだコメントはありません。,
No contacts added yet.,まだ連絡先は追加されていません。,
No contacts linked to document,ドキュメントにリンクされた連絡先はありません,
No currency fields in {0},{0}に通貨フィールドがありません,
No data to export,エクスポートするデータがありません,
No data to perform this action,このアクションを実行するためのデータがありません,
No default Address Template found. Please create a new one from Setup > Printing and Branding > Address Template.,デフォルトの住所テンプレートが見つかりません。セットアップ > 印刷とブランディング > 住所テンプレートから新しいものを作成してください。,
No documents found tagged with {0},{0}でタグ付けされたドキュメントは見つかりません,
No editable fields available for bulk edit.,一括編集に利用できる編集可能なフィールドはありません。,
No email account associated with the User. Please add an account under User > Email Inbox.,ユーザーに関連付けられたメールアカウントがありません。ユーザー > メール受信トレイでアカウントを追加してください。,
No email addresses to invite,招待するメールアドレスがありません,
No failed logs,失敗したログはありません,
"No fields found that can be used as a Kanban Column. Use the Customize Form to add a Custom Field of type ""Select"".",カンバン列として使用できるフィールドが見つかりません。「フォームのカスタマイズ」を使用して、「選択」タイプのカスタムフィールドを追加してください。,
No file attached,ファイルが添付されていません,
No filters found,filtersが見つかりません,
No filters selected,フィルターが選択されていません,
No further records,それ以上のレコードはありません,
No matching entries in the current results,現在の結果に一致するエントリはありません,
No matching records. Search something new,一致するレコードがありません。新しいものを検索してください,
No more items to display,表示する項目はこれ以上ありません,
No naming series defined,命名シリーズが定義されていません,
"No need for symbols, digits, or uppercase letters.",記号、数字、大文字は不要です。,
No new Google Contacts synced.,新しいGoogle連絡先は同期されませんでした。,
No new notifications,新しい通知はありません,
No of Columns,列数,
No of Requested SMS,要求されたSMSの数,
No of Rows (Max 500),行数 (最大500),
No of Sent SMS,送信されたSMSの数,
No other document types.,他のドキュメントタイプはありません。,
No permission for {0},{0}の権限がありません,
No permission to '{0}' {1},'{0}' {1}の権限がありません,"{0} = verb, {1} = object"
No permission to edit,編集する権限がありません,
No permission to read {0},{0}を読み取る権限がありません,
No permission to write / remove.,書き込みまたは削除の権限がありません。,
No permission to {0} {1} {2},{0} {1} {2}の権限がありません,
No pinned document types.,ピン留めされたドキュメントタイプはありません。,
No records deleted,レコードは削除されませんでした,
No records present in {0},{0}にレコードがありません,
No records tagged.,タグ付けされたレコードはありません。,
No records will be exported,レコードはエクスポートされません,
No rows,行なし,
No rows selected,行が選択されていません,
No subject,件名なし,
No template found at path: {0},パス: {0}にテンプレートが見つかりません,
No user has the role <strong>{0}</strong>,<strong>{0}</strong>のロールを持つユーザーはいません,
No values to show,表示する値がありません,
No {0},{0}なし,
No {0} Found,{0} が見つかりません,
No {0} found,{0}が見つかりません,
No {0} found with matching filters. Clear filters to see all {0}.,一致するフィルターを持つ{0}は見つかりませんでした。すべての{0}を表示するにはフィルターをクリアしてください。,
No {0} mail,{0}メールなし,
No.,番号,Title of the 'row number' column
Nomatim,Nomatim,
Non Negative,非負,
Non-Conforming,不適合,
None,なし,
None: End of Workflow,なし: ワークフローの終了,
Noop Source,Noopソース,
Normalized Copies,正規化されたコピー,
Normalized Query,正規化されたクエリ,
Not Allowed,許可されていません,
Not Ancestors Of,の祖先ではない,
Not Descendants Of,の子孫ではない,
Not Equals,等しくない,
Not Found,見つかりません,
Not Helpful,役に立たない,
Not In,含まれない,
Not Like,似ていない,
Not Linked to any record,いずれのレコードにもリンクされていません,
Not Nullable,NULL不可,
Not Permitted,許可されていません,
Not Permitted to read {0},{0}を読み取ることは許可されていません,
Not Published,未公開,
Not Saved,未保存,
Not Seen,未閲覧,
Not Sent,未送信,
Not Set,未設定,
Not Set,未設定,Field value is not set
Not Used,未使用,
Not a valid Comma Separated Value (CSV File),有効なカンマ区切り値 (CSVファイル) ではありません,
Not a valid LDAP user,LDAP ユーザーとして正しくありません,
Not a valid User Image.,有効なユーザー画像ではありません。,
Not a valid Workflow Action,有効なワークフローアクションではありません,
Not active,無効,
Not allowed for {0}: {1},{0} に対して許可されていません: {1},
"Not allowed to attach {0} document, please enable Allow Print For {0} in Print Settings","Not allowed to attach {0} document, please enable Allow Print For {0} in Print設定",
Not allowed to create custom Virtual DocType.,カスタム仮想DocTypeの作成は許可されていません。,
Not allowed to print cancelled documents,キャンセルされたドキュメントの印刷は許可されていません,
Not allowed to print draft documents,下書きドキュメントの印刷は許可されていません,
Not allowed via controller permission check,コントローラー権限チェックにより許可されていません,
Not configured,未設定,
Not found,見つかりません,
Not in Developer Mode,開発者モードではありません,
Not in Developer Mode! Set in site_config.json or make 'Custom' DocType.,開発者モードではありません！site_config.jsonで設定するか、「カスタム」DocTypeを作成してください。,
Not permitted,許可されていません,
Not permitted to view {0},{0} の閲覧は許可されていません,
Not permitted. {0}.,許可されていません。{0}。,
Note,メモ,
Note Seen By,メモ閲覧者,
Note:,注記:,
Note: Changing the Page Name will break previous URL to this page.,注記: ページ名を変更すると、このページへの以前のURLが無効になります。,
Note: Etc timezones have their signs reversed.,注記: Etcタイムゾーンは符号が反転しています。,
"Note: For best results,  images must be of the same size and width must be greater than height.",注記: 最適な結果を得るには、画像は同じサイズで、幅は高さより大きくする必要があります。,
Note: Multiple sessions will be allowed in case of mobile device,注: モバイルデバイスの場合、複数のセッションが許可されます,
Note: Other permission rules may also apply,注記: 他の権限ルールも適用される場合があります,
Note: This will be shared with user.,注記: これはユーザーと共有されます。,
Note: Your request for account deletion will be fulfilled within {0} hours.,注記: お客様のアカウント削除リクエストは、{0}時間以内に処理されます。,
Notes:,メモ:,
Nothing New,新しいものはありません,
Nothing left to redo,やり直すものはありません,
Nothing left to undo,元に戻すものはありません,
Nothing to show,表示するものがありません,
Nothing to update,更新するものはありません,
Notification,通知,
Notification Log,通知ログ,
Notification Message,通知メッセージ,
Notification Recipient,通知受信者,
Notification Settings,Notification設定,
Notification Subscribed Document,通知購読済みドキュメント,
Notification Title,通知タイトル,
Notification Type,通知タイプ,
Notification Type Preference,通知タイプ設定,
Notification sent to,通知送信先,
Notification: customer {0} has no Mobile number set,通知: 顧客 {0} の携帯電話番号が設定されていません,
Notification: document {0} has no {1} number set (field: {2}),通知: ドキュメント {0} の {1} 番号が設定されていません (フィールド: {2}),
Notification: user {0} has no Mobile number set,通知: ユーザー {0} の携帯電話番号が設定されていません,
Notifications,通知,
Notifications Disabled,通知無効,
Notifications and bulk mails will be sent from this outgoing server.,通知および一括メールは、この送信サーバーから送信されます。,
Notify Users On Every Login,ログインごとにユーザーに通知,
Notify by Email,メールで通知,
Notify by email,メールで通知,
Notify if unreplied,未返信の場合に通知,
Notify if unreplied for (in mins),未返信の場合に通知 (分),
Notify users with a popup when they log in,ログイン時にポップアップでユーザーに通知,
Now,現在,
Number,番号,
Number Card,数値カード,
Number Card Link,数値カードリンク,
Number Card Name,ナンバーカード名,
Number Cards,数値カード,
Number Format,数値形式,
Number of Backups,バックアップ数,
Number of Events,イベント数,
Number of Groups,グループ数,
Number of Queries,クエリ数,
"Number of attachment fields are more than {}, limit updated to {}.",添付ファイルフィールドの数が{}を超えています。制限は{}に更新されました。,
Number of backups must be greater than zero.,バックアップ数はゼロより大きい必要があります。,
Number of columns for a field in a Grid (Total Columns in a grid should be less than 11),グリッド内のフィールドの列数 (グリッドの合計列数は11未満である必要があります),
Number of columns for a field in a List View or a Grid (Total Columns should be less than 11),リストビューまたはグリッド内のフィールドの列数 (合計列数は11未満である必要があります),
Number of days after which the document Web View link shared on email will be expired,メールで共有されたドキュメントのWebビューリンクが期限切れになるまでの日数,
Number of keys,キーの数,
Number of onsite backups,オンサイトバックアップ数,
OAuth,OAuth,
OAuth Authorization Code,OAuth認証コード,
OAuth Bearer Token,OAuthベアラートークン,
OAuth Client,OAuthクライアント,
OAuth Client ID,OAuthクライアントID,
OAuth Client Role,OAuthクライアントロール,
OAuth Error,OAuthエラー,
OAuth Provider,OAuthプロバイダー,
OAuth Provider Settings,OAuth プロバイダー設定,
OAuth Scope,OAuthスコープ,
OAuth Settings,OAuth設定,
"OAuth has been enabled but not authorised. Please use ""Authorise API Access"" button to do the same.",OAuthは有効になっていますが、承認されていません。「APIアクセスを承認」ボタンを使用して承認してください。,
OPTIONS,オプション,
OR,または,
OTP App,OTPアプリ,
OTP Issuer Name,OTP Issuer名,
OTP SMS Template,OTP SMSテンプレート,
OTP SMS Template must contain <code>{0}</code> placeholder to insert the OTP.,OTP SMSテンプレートには、OTPを挿入するための<code>{0}</code>プレースホルダーを含める必要があります。,
OTP Secret Reset - {0},OTPシークレットリセット - {0},
OTP Secret has been reset. Re-registration will be required on next login.,OTPシークレットがリセットされました。次回のログイン時に再登録が必要になります。,
OTP placeholder should be defined as <code>{{ otp }}</code> ,OTPプレースホルダーは <code>{{ otp }}</code> として定義してください ,
OTP setup using OTP App was not completed. Please contact Administrator.,OTPアプリを使用したOTPセットアップが完了していません。管理者にお問い合わせください。,
Occurrences,発生回数,
Occurrences (last 30 days),発生回数 (過去30日間),
Off,オフ,
Office,オフィス,
Office 365,Office 365,
Official Documentation,公式ドキュメント,
Offset X,オフセットX,
Offset Y,オフセットY,
Offset must be a non-negative integer,オフセットは非負の整数である必要があります,
Old Password,古いパスワード,
Old and new fieldnames are same.,古いフィールド名と新しいフィールド名が同じです。,
Older backups will be automatically deleted,古いバックアップは自動的に削除されます,
Oldest Unscheduled Job,最も古い未スケジュールジョブ,
On Hold,保留中,
On Payment Authorization,支払い承認時,
On Payment Charge Processed,支払い請求処理時,
On Payment Failed,支払い失敗時,
On Payment Mandate Acquisition Processed,支払い委任取得処理時,
On Payment Mandate Charge Processed,支払い委任請求処理時,
On Payment Paid,支払い完了時,
"On checking this option, URL will be treated like a jinja template string",このオプションをチェックすると、URLはJinjaテンプレート文字列として扱われます,
On or After,以降,
On or Before,以前,
"On {0}, {1} wrote:",{0}に、{1}が書きました:,
Onboard,オンボード,
Onboarding Name,オンボーディング名,
Onboarding Permission,入社手続き権限,
Onboarding Status,入社手続きステータス,
Onboarding Step,入社手続きステップ,
Onboarding Step Map,入社手続きステップマップ,
Onboarding complete,入社手続き完了,
"Once submitted, submittable documents cannot be changed. They can only be Cancelled and Amended.",提出された提出可能なドキュメントは変更できません。キャンセルおよび修正のみ可能です。,
"Once you have set this, the users will only be able access documents (eg. Blog Post) where the link exists (eg. Blogger).",これを設定すると、ユーザーはリンクが存在するドキュメント（例: ブログ投稿）のみにアクセスできるようになります（例: ブロガー）。,
One Last Step,最後のステップ,
One Time Password (OTP) Registration Code from {},{}からのワンタイムパスワード（OTP）登録コード,
One of,いずれか,
One of the child page with name {0} already exist in {1} Section. Please update the name of the child page first before moving,名前が {0} の子ページが {1} セクションにすでに存在します。移動する前に、子ページの名前を変更してください,
Only 200 inserts allowed in one request,1つのリクエストで許可される挿入は200件のみです,
Only Administrator can delete Email Queue,管理者のみがメールキューを削除できます,
Only Administrator can edit,管理者のみが編集できます,
Only Administrator can save a standard report. Please rename and save.,管理者のみが標準レポートを保存できます。名前を変更して保存してください。,
Only Administrator is allowed to use Recorder,管理者のみがレコーダーを使用できます,
Only Allow Edit For,編集を許可する対象,
Only CSV and Excel formats are supported for export,エクスポートにはCSVおよびExcel形式のみがサポートされています,
Only Custom Modules can be renamed.,カスタムモジュールのみ名前変更が可能です。,
Only Options allowed for Data field are:,データフィールドで許可されるオプションは次のとおりです:,
Only Send Records Updated in Last X Hours,過去X時間以内に更新されたレコードのみを送信,
Only System Managers can make this file public.,システムマネージャーのみがこのファイルを公開できます。,
Only Workspace Manager can edit public workspaces,ワークスペースマネージャーのみが公開ワークスペースを編集できます,
Only Workspace Manager can sort or edit this page,このページの並べ替えと編集は、ワークスペース管理者のみ行えます,
Only allow System Managers to upload public files,システムマネージャーのみが公開ファイルをアップロードできるようにする,
Only allowed to export customizations in developer mode,開発者モードでのみカスタマイズのエクスポートが許可されています,
Only draft documents can be discarded,下書きドキュメントのみ破棄できます,
Only for,～のみ,
Only mandatory fields are necessary for new records. You can delete non-mandatory columns if you wish.,新規レコードには必須フィールドのみが必要です。必要に応じて、必須ではない列を削除できます。,
Only one {0} can be set as primary.,{0}は1つのみをプライマリとして設定できます。,
Only pending invitations can be resent,保留中の招待のみ再送信できます,
Only reports of type Report Builder can be deleted,レポートビルダータイプのレポートのみ削除できます,
Only reports of type Report Builder can be edited,レポートビルダータイプのレポートのみ編集できます,
Only standard DocTypes are allowed to be customized from Customize Form.,標準のDocTypeのみ、フォームのカスタマイズからカスタマイズできます。,
Only the Administrator can delete a standard DocType.,管理者のみが標準のDocTypeを削除できます。,
Only the assignee can complete this to-do.,担当者のみがこのTo-Doを完了できます。,
Only {0} emailed reports are allowed per user.,ユーザーごとに{0}件のメールレポートのみが許可されています。,
Oops! Something went wrong.,おっと！何か問題が発生しました。,
Open,未処理,
Open,開く,Access
Open Awesomebar,Awesomebarを開く,
Open Communication,コミュニケーションを開く,
Open Document,ドキュメントを開く,
Open Documents,ドキュメントを開く,
Open Frappe CRM,Frappe CRMを開く,
Open Frappe Helpdesk,Frappe Helpdeskを開く,
Open Global Search,グローバル検索を開く,
Open Link,リンクを開く,
Open Reference Document,参照ドキュメントを開く,
Open Source applications for the web.,ウェブ向けのオープンソースアプリケーション。,
Open Translation,翻訳を開く,
Open URL in a New Tab,URLを新しいタブで開く,
Open a dialog with mandatory fields to create a new record quickly. There must be at least one mandatory field to show in dialog.,必須フィールドを含むダイアログを開き、新しいレコードを素早く作成します。ダイアログに表示するには、少なくとも1つの必須フィールドが必要です。,
Open console,コンソールを開く,
Open in a new tab,新しいタブで開く,
Open list item,リスト項目を開く,Description of a list view shortcut
Open reference document,参照ドキュメントを開く,
Open your authentication app on your mobile phone.,携帯電話で認証アプリを開いてください。,
Open {0},{0}を開く,
OpenID Configuration,OpenID設定,
OpenID Configuration fetched successfully!,OpenID設定が正常に取得されました！,
OpenLDAP,OpenLDAP,
Opened,開封済,
Operation,操作,
Operator must be one of {0},演算子は{0}のいずれかである必要があります,
Operator {0} requires exactly 2 arguments (left and right operands),演算子{0}には、正確に2つの引数（左オペランドと右オペランド）が必要です,
Optimize,最適化,
Optimizing image...,画像を最適化中...,
Option 1,オプション1,
Option 2,オプション2,
Option 3,オプション3,
Option {0} for field {1} is not a child table,フィールド{1}のオプション{0}は子テーブルではありません,
Optional body of the in-app notification. Supports Jinja.,アプリ内通知のオプションの本文。Jinjaをサポートしています。,
Optional: Always send to these ids. Each Email Address on a new row,オプション: これらのIDに常に送信します。各メールアドレスを新しい行に記述してください,
Optional: The alert will be sent if this expression is true,オプション: この式が真の場合、アラートが送信されます,
"Optionally, set the number of digits in the series using dot (.) followed by hashes (#). For example, '.####' means that the series will have four digits. Default is five digits.",オプションで、ドット(.)の後にハッシュ(#)を使用してシリーズの桁数を設定します。例えば、'.####'はシリーズが4桁になることを意味します。デフォルトは5桁です。,
Options,オプション,
Options 'Dynamic Link' type of field must point to another Link Field with options as 'DocType',オプションの「動的リンク」タイプのフィールドは、「DocType」をオプションとする別のリンクフィールドを指している必要があります,
Options Help,オプションヘルプ,
Options for Rating field can range from 3 to 10,評価フィールドのオプションは3から10の範囲で指定できます,
Options for select. Each option on a new line.,選択肢のオプション。各オプションを新しい行に記述してください。,
Options for {0} must be set before setting the default value.,{0}のオプションは、デフォルト値を設定する前に設定する必要があります。,
Options is required for field {0} of type {1},タイプ{1}のフィールド{0}にはオプションが必要です,
Options not set for link field {0},リンクフィールド{0}のオプションが設定されていません,
Or copy and paste this link:,またはこのリンクをコピーして貼り付けてください:,
Orange,オレンジ,
Order,注文,
Order By must be a string,Order Byは文字列である必要があります,
"Ordered timeline of document lifecycle methods and doc_events handlers that ran during this request, attributed to the app(s) that hook them.",このリクエスト中に実行されたドキュメントライフサイクルメソッドとdoc_eventsハンドラの順序付けられたタイムラインで、それらをフックするアプリに帰属します。,
Org History,組織履歴,
Org History Heading,組織履歴見出し,
Orientation,向き,
Original,元の,
Original Value,元の値,
Other,その他,
Outgoing,送信,
Outgoing (SMTP) Settings,送信（SMTP）設定,
Outgoing Emails (Last 7 days),送信メール（過去7日間）,
Outgoing Server,送信サーバー,
Outgoing Settings,送信設定,
Outgoing email account not correct,送信メールアカウントが正しくありません,
Outlook.com,Outlook.com,
Output,出力,
Over Picking Allowance,超過ピッキング許容率,
Overview,概要,
PATCH,PATCH,
PDF,PDF,
PDF Generation in Progress,PDF生成中,
PDF Generator,PDFジェネレーター,
PDF Page Height (in mm),PDFページ高さ（mm）,
PDF Page Size,PDFページサイズ,
PDF Page Width (in mm),PDFページ幅（mm）,
PDF Settings,PDF設定,
PDF generation failed,PDF生成に失敗しました,
PDF generation failed because of broken image links,画像リンクが壊れているため、PDF生成に失敗しました,
PDF generation may not work as expected.,PDF生成が期待通りに動作しない可能性があります。,
"PDF printing via ""Raw Print"" is not supported.",「Raw Print」によるPDF印刷はサポートされていません。,
PID,PID,
POP3 OAuth authentication failed for Email Account {0},メールアカウント {0} のPOP3 OAuth認証に失敗しました,
POST,POST,
PUT,PUT,
Package,パッケージ,
Package Import,パッケージインポート,
Package Name,パッケージ名,
Package Release,パッケージリリース,
Package contains disallowed path entry,パッケージに許可されていないパスエントリが含まれています,
Packages,パッケージ,
"Packages are lightweight apps (collection of Module Defs) that can be created, imported, or released right from the UI",パッケージは、UIから直接作成、インポート、またはリリースできる軽量なアプリ（モジュール定義のコレクション）です,
Page,ページ,
Page Break,改ページ,
Page Builder,ページビルダー,
Page Building Blocks,ページ構成ブロック,
Page HTML,ページHTML,
Page Height (in mm),ページ高さ (mm),
Page Margins,ページ余白,
Page Name,ページ名,
Page Number,ページ番号,
Page Role,ページのロール,
Page Route,ページルート,
Page Saved Successfully,ページを保存しました,
Page Settings,ページ設定,
Page Shortcuts,ページショートカット,
Page Size,ページサイズ,
Page Title,ページタイトル,
Page Width (in mm),ページ幅 (mm),
Page has expired!,ページが期限切れです！,
Page height and width cannot be zero,ページの高さと幅はゼロにできません,
Page not found,ページが見つかりません,
"Page to show on the website
","ウェブサイトに表示するページ
",
Page with title {0} already exist.,タイトルが {0} のページはすでに存在します。,
Page {0} of {1},{1} ページ中 {0} ページ,
Parameter,パラメータ,
Parent,親,
Parent DocType,親DocType,
Parent Document Type,親文書の種類,
Parent Document Type is required to create a number card,数値カードを作成するには、親ドキュメントタイプが必要です,
Parent Element Selector,親要素セレクタ,
Parent Field,親フィールド,
Parent Field (Tree),親フィールド (ツリー),
Parent Field must be a valid fieldname,親フィールドは有効なフィールド名である必要があります,
Parent Icon,親アイコン,
Parent Label,親ラベル,
Parent Missing,親が見つかりません,
Parent Page,親ページ,
Parent Table,親テーブル,
Parent document type is required to create a dashboard chart,ダッシュボードチャートを作成するには、親ドキュメントタイプが必要です,
Parent is the name of the document to which the data will get added to.,親は、データが追加されるドキュメントの名前です。,
Parent-to-child or child-to-different-child grouping is not allowed.,親から子、または子から異なる子へのグループ化は許可されていません。,
Parentfield not specified in {0}: {1},{0}: {1} で親フィールドが指定されていません,
"Parenttype, Parent and Parentfield are required to insert a child record",子レコードを挿入するには、Parenttype、Parent、およびParentfieldが必要です,
Partial,一部,
Partial Success,部分的な成功,
Partially Sent,部分的に送信済,
Participants,参加者,
Pass,合格,
Passive,パッシブ,
Password,パスワード,
Password Reset,パスワードリセット,
Password Reset Link Generation Limit,パスワードリセットリンク生成制限,
Password cannot be filtered,パスワードはフィルタリングできません,
Password changed successfully.,パスワードが正常に変更されました。,
Password for Base DN,ベースDNのパスワード,
Password is required or select Awaiting Password,パスワードが必要です。または「パスワード待ち」を選択してください,
Password is required.,パスワードは必須です。,
Password is valid. 👍,パスワードは有効です。👍,
Password missing in Email Account,メールアカウントにパスワードがありません,
Password not found for {0} {1} {2},{0} {1} {2} のパスワードが見つかりません,
Password requirements not met,パスワード要件が満たされていません,
Password set,パスワード設定済,
Password size exceeded the maximum allowed size,パスワードサイズが最大許容サイズを超えました,
Password size exceeded the maximum allowed size.,パスワードサイズが最大許容サイズを超えました。,
Passwords do not match,パスワードが一致しません,
Passwords do not match!,パスワードが一致しません！,
Paste,貼り付け,
Patch,パッチ,
Patch Log,パッチログ,
Patch type {} not found in patches.txt,patches.txt にパッチタイプ {} が見つかりません,
Path,パス,
Path to CA Certs File,CA証明書ファイルへのパス,
Path to Server Certificate,サーバー証明書へのパス,
Path to private Key File,秘密鍵ファイルへのパス,
Path {0} is not within module {1},パス {0} はモジュール {1} 内にありません,
Path {0} it not a valid path,パス {0} は有効なパスではありません,
Payload Count,ペイロード数,
Payment Complete,支払完了,
Peak Memory Usage,ピークメモリ使用量,
Pending,保留中,
Pending Approval,承認保留中,
Pending Emails,保留中のメール,
Pending Jobs,保留中のジョブ,
Pending Verification,検証保留中,
Percent,パーセント,
Percentage,パーセンテージ,
Period,期間,
Perm Level,権限レベル,
Permanent,永続,
Permanently Cancel {0}?,{0} を完全にキャンセルしますか？,
Permanently Discard {0}?,{0} を完全に破棄しますか？,
Permanently Submit {0}?,{0} を完全に提出しますか？,
Permanently delete {0}?,{0} を完全に削除しますか？,
Permission,権限,
Permission Error,権限エラー,
Permission Inspector,権限インスペクター,
Permission Level,権限レベル,
Permission Levels,権限レベル,
Permission Log,権限ログ,
Permission Manager,権限マネージャー,
Permission Query,権限クエリ,
Permission Rules,権限ルール,
Permission Type,権限種類,
Permission Type '{0}' is reserved. Please choose another name.,権限タイプ '{0}' は予約されています。別の名前を選択してください。,
Permission already set,権限はすでに設定されています,
Permissions,権限,
Permissions Error,権限エラー,
Permissions Settings,権限の設定,
Permissions Updated,権限を更新しました,
Permissions are automatically applied to Standard Reports and searches.,権限は、標準レポートおよび検索に自動的に適用されます。,
"Permissions are set on Roles and Document Types (called DocTypes) by setting rights like Read, Write, Create, Delete, Submit, Cancel, Amend, Report, Import, Export, Print, Email and Set User Permissions.",権限は、ロールとドキュメントタイプ（DocType と呼ばれる）に対して、読み取り、書き込み、作成、削除、提出、キャンセル、修正、レポート、インポート、エクスポート、印刷、メール、ユーザー権限の設定などの権限を設定することで設定されます。,
Permissions at higher levels are Field Level permissions. All Fields have a Permission Level set against them and the rules defined at that permissions apply to the field. This is useful in case you want to hide or make certain field read-only for certain Roles.,上位レベルの権限はフィールドレベルの権限です。すべてのフィールドには権限レベルが設定されており、その権限で定義されたルールがフィールドに適用されます。これは、特定のロールに対して特定のフィールドを非表示にしたり、読み取り専用にしたりする場合に役立ちます。,
"Permissions at level 0 are Document Level permissions, i.e. they are primary for access to the document.",レベル0の権限はドキュメントレベルの権限であり、ドキュメントへのアクセスにおいて主要なものです。,
Permissions get applied on Users based on what Roles they are assigned.,権限は、ユーザーに割り当てられたロールに基づいてユーザーに適用されます。,
Permitted Documents For User,ユーザーに許可されたドキュメント,
Permitted Roles,許可されたロール,
Personal,個人,
Personal Data Deletion Request,個人データ削除リクエスト,
Personal Data Deletion Step,個人データ削除ステップ,
Personal Data Download Request,個人データダウンロードリクエスト,
Phone,電話番号,
Phone No.,電話番号,
Phone Number {0} set in field {1} is not valid.,フィールド {1} に設定された電話番号 {0} は無効です。,
Pick Columns,列を選択,
Pie,円グラフ,
Pin,ピン留め,
Pincode,郵便番号,
Pink,ピンク,
Pinned,ピン留め済み,
Placeholder,プレースホルダー,
Plain Text,プレーンテキスト,
Plant,工場,
Please Authorize OAuth for Email Account {0},メールアカウント {0} のOAuthを承認してください。,
Please Authorize OAuth for Email Account {},メールアカウント {} のOAuthを承認してください。,
Please Duplicate this Website Theme to customize.,カスタマイズするには、このウェブサイトテーマを複製してください。,
Please Install the ldap3 library via pip to use ldap functionality.,LDAP機能を使用するには、pip経由でldap3ライブラリをインストールしてください。,
Please Set Chart,チャートを設定してください,
Please Update SMS Settings,Please Update SMS設定,
Please add a subject to your email,メールに件名を追加してください,
Please add a valid comment.,有効なコメントを追加してください。,
Please add at least one naming series.,少なくとも1つの命名シリーズを追加してください。,
Please adjust filters to include some data,データを含めるようにフィルターを調整してください,
Please ask your administrator to verify your sign-up,管理者にサインアップの確認を依頼してください,
Please attach a file first.,まずファイルを添付してください。,
Please attach an image file to set HTML for Footer.,フッターのHTMLを設定するには、画像ファイルを添付してください。,
Please attach an image file to set HTML for Letter Head.,レターヘッドのHTMLを設定するには、画像ファイルを添付してください。,
Please attach the package,パッケージを添付してください,
Please check the filter values set for Dashboard Chart: {},ダッシュボードチャート {} に設定されているフィルター値を確認してください。,
"Please check the value of ""Fetch From"" set for field {0}",フィールド {0} に設定されている「取得元」の値を確認してください。,
Please check your email for verification,確認のため、メールをご確認ください,
Please check your email login credentials.,メールログイン資格情報を確認してください。,
Please check your email.,メールをご確認ください。,
Please check your registered email address for instructions on how to proceed. Do not close this window as you will have to return to it.,手順については、登録済みのメールアドレスをご確認ください。このウィンドウは閉じないでください。後で戻る必要があります。,
Please click Edit on the Workspace for best results,最良の結果を得るには、ワークスペースで「編集」をクリックしてください,
"Please click on 'Export Errored Rows', fix the errors and import again.",「エラー行をエクスポート」をクリックし、エラーを修正して再度インポートしてください。,
Please click on the following link and follow the instructions on the page. {0},以下のリンクをクリックし、ページの手順に従ってください。{0},
Please click on the following link to set your new password,新しいパスワードを設定するには、以下のリンクをクリックしてください,
Please confirm your action to {0} this document.,このドキュメントを {0} するアクションを確認してください。,
Please contact your system manager to install correct version.,正しいバージョンをインストールするには、システム管理者に連絡してください。,
Please create Card first,まずカードを作成してください,
Please create chart first,まずチャートを作成してください,
Please delete the field from {0} or add the required doctype.,{0} からフィールドを削除するか、必要なDocTypeを追加してください。,
Please do not change the template headings.,テンプレートの見出しは変更しないでください。,
Please duplicate this to make changes,変更を加えるには、これを複製してください,
Please enable atleast one Social Login Key or LDAP or Login With Email Link before disabling username/password based login.,ユーザー名/パスワードベースのログインを無効にする前に、少なくとも1つのソーシャルログインキー、LDAP、またはメールリンクでのログインを有効にしてください。,
Please enable pop-ups,ポップアップを有効にしてください,
Please enable pop-ups in your browser,ブラウザでポップアップを有効にしてください,
Please enable {} before continuing.,続行する前に {} を有効にしてください。,
Please ensure that your profile has an email address,プロフィールにメールアドレスが設定されていることを確認してください,
Please enter Access Token URL,Access Token URLを入力してください,
Please enter Authorize URL,Authorize URLを入力してください,
Please enter Base URL,Base URLを入力してください,
Please enter Client ID before social login is enabled,Client ID before social login is enabledを入力してください,
Please enter Client Secret before social login is enabled,Client Secret before social login is enabledを入力してください,
Please enter OpenID Configuration URL,OpenID Configuration URLを入力してください,
Please enter Redirect URL,Redirect URLを入力してください,
Please enter a valid email address.,有効なメールアドレスを入力してください。,
Please enter a valid email.,有効なメールアドレスを入力してください。,
Please enter both your email and message so that we can get back to you. Thanks!,折り返しご連絡できるよう、メールアドレスとメッセージの両方をご入力ください。,
Please enter the password,the passwordを入力してください,
Please enter the password for: <b>{0}</b>,<b>{0}</b> のパスワードを入力してください,Email Account
Please enter valid mobile nos,valid mobile nosを入力してください,
"Please enter your email, we'll send you password reset link",メールアドレスを入力してください。パスワードリセットリンクをお送りします,
Please enter your new password.,新しいパスワードを入力してください。,
Please enter your old password.,現在のパスワードを入力してください。,
Please fill the following mandatory fields before saving:,保存する前に、以下の必須フィールドを入力してください：,
Please find attached {0}: {1},{0}: {1} を添付しました,
Please login to post a comment.,コメントを投稿するにはログインしてください。,
Please make sure the Reference Communication Docs are not circularly linked.,参照通信ドキュメントが循環的にリンクされていないことを確認してください。,
Please refresh to get the latest document.,最新のドキュメントを取得するには、更新してください。,
Please remove the printer mapping in Printer Settings and try again.,プリンター設定でプリンターマッピングを削除し、もう一度お試しください。,
Please save before attaching.,添付する前に保存してください。,
Please save the document before assignment,割り当てる前にドキュメントを保存してください,
Please save the document before removing assignment,割り当てを削除する前にドキュメントを保存してください,
Please save the form before previewing the message,メッセージをプレビューする前にフォームを保存してください,
Please save the report first,まずレポートを保存してください,
Please save to edit the template.,テンプレートを編集するには保存してください。,
Please select DocType first,DocType firstを選択してください,
Please select Document Type first.,まずドキュメントタイプを選択してください。,
Please select Entity Type first,Entity Type firstを選択してください,
Please select Minimum Password Score,Minimum Password Scoreを選択してください,
Please select X and Y fields,X 軸と Y 軸の項目を選択してください,
Please select a DocType in options before setting filters,フィルターを設定する前に、オプションで DocType を選択してください,
Please select a country code for field {1}.,a country code for field {1}を選択してください,
Please select a file first.,先にファイルを選択してください。,
Please select a file or url,a file or urlを選択してください,
Please select a transaction.,取引を選択してください。,
Please select a valid Purchase Order that has Service Items.,サービス品目を含む有効な発注書を選択してください。,
Please select a valid csv file with data,a valid csv file with dataを選択してください,
Please select a valid date filter,a valid date filterを選択してください,
Please select applicable Doctypes,applicable Doctypesを選択してください,
Please select atleast 1 column from {0} to sort/group,atleast 1 column from {0} to sort/groupを選択してください,
Please select prefix first,prefix firstを選択してください,
Please select the Document Type.,the Document Typeを選択してください,
Please select the LDAP Directory being used,使用している LDAP ディレクトリを選択してください,
Please select {0},{0}を選択してください,
Please set Email Address,メールアドレスを設定してください,
Please set a printer mapping for this print format in the Printer Settings,Please set a printer mapping for this print format in the Printer設定,
Please set filters,フィルターを設定してください,
Please set filters value in Report Filter table.,レポートフィルターテーブルでフィルター値を設定してください。,
Please set script URL on Gsuite Settings,Google Workspace の設定でスクリプト URL を設定してください,
Please set the document name,ドキュメント名を設定してください,
Please set the following documents in this Dashboard as standard first.,このダッシュボードの以下のドキュメントをまず標準として設定してください。,
Please set the series to be used.,使用するシリーズを設定してください。,
"Please setup SMS before setting it as an authentication method, via SMS Settings","Please setup SMS before setting it as an authentication method, via SMS設定",
Please setup a message first,まずメッセージを設定してください,
Please setup default outgoing Email Account from Settings > Email Account,設定 > メールアカウント からデフォルトの送信メールアカウントを設定してください,
Please setup default outgoing Email Account from Tools > Email Account,ツール > メールアカウント からデフォルトの送信メールアカウントを設定してください,
Please specify,指定してください,
Please specify a valid parent DocType for {0},{0} の有効な親DocTypeを指定してください,
Please specify at least 10 minutes due to the trigger cadence of the scheduler,スケジューラのトリガー周期のため、少なくとも10分を指定してください,
Please specify the field from which to attach files,ファイルを添付するフィールドを指定してください,
Please specify the minutes offset,分オフセットを指定してください,
Please specify user,ユーザーを指定してください,
Please specify which date field must be checked,どの日付フィールドを確認する必要があるか指定してください,
Please specify which datetime field must be checked,どの日時フィールドを確認する必要があるか指定してください,
Please specify which value field must be checked,どの値フィールドを確認する必要があるか指定してください,
Please try again,もう一度お試しください,
Please update your security settings from desk.,デスクからセキュリティ設定を更新してください。,
Please update {} before continuing.,続行する前に {} を更新してください。,
Please use a valid LDAP search filter,有効なLDAP検索フィルターを使用してください,
Please use following links to download file backup.,ファイルバックアップをダウンロードするには、以下のリンクを使用してください。,
Please visit https://frappecloud.com/docs/sites/migrate-an-existing-site#encryption-key for more information.,詳細については、https://frappecloud.com/docs/sites/migrate-an-existing-site#encryption-key をご覧ください。,
Policy,ポリシー,
Policy URI,ポリシーURI,
Polling,ポーリング,
Poor!,悪い！,
Popover Element,ポップオーバー要素,
Popover or Modal Description,ポップオーバーまたはモーダルの説明,
Port,ポート,
Portal,ポータル,
Portal Menu,ポータルメニュー,
Portal Menu Item,ポータルメニュー項目,
Portal Settings,ポータル設定,
Portrait,縦向き,
Position,位置,
Post,投稿,
"Post it here, our mentors will help you out.",ここに投稿してください。私たちのメンターがお手伝いします。,
Postal,郵便,
Postal Code,郵便番号,
Posting Timestamp,投稿タイムスタンプ,
Precision,精度,
Precision ({0}) for {1} cannot be greater than its length ({2}).,{1}の精度({0})は、その長さ({2})より大きくすることはできません。,
Precision should be between 1 and 6,精度は1から6の間である必要があります,
Predictable substitutions like '@' instead of 'a' don't help very much.,「a」の代わりに「@」のような予測可能な置換は、あまり役に立ちません。,
Prefer not to say,言いたくない,
Preferred Billing Address,優先請求先住所,
Preferred Language,優先言語,
Preferred Shipping Address,優先配送先住所,
Prefix,接頭辞,
Prepared Report,準備済レポート,
Prepared Report Analytics,準備済みレポート分析,
Prepared Report User,準備済みレポートユーザー,
Prepared report render failed,準備済みレポートのレンダリングに失敗しました,
Preparing Report,Preparingレポート,
Prepend the template to the email message,テンプレートをメールメッセージの先頭に追加する,
Press Alt Key to trigger additional shortcuts in Menu and Sidebar,Altキーを押して、メニューとサイドバーで追加のショートカットをトリガーします,
Press Enter to save,Enterキーを押して保存,
Preview,プレビュー,
Preview HTML,HTMLプレビュー,
Preview Message,メッセージプレビュー,
Preview Mode,プレビューモード,
Preview of generated names,生成された名前のプレビュー,
Preview on {0},{0}でプレビュー,
Preview type,プレビュータイプ,
Preview:,プレビュー:,
Previous,前,
Previous,前へ,Go to previous slide
Previous Document,前のドキュメント,
Previous Submission,前の提出,
Primary,メイン,
Primary Address,主要住所,
Primary Color,プライマリカラー,
Primary Contact,主要連絡先,
Primary Email,主要メールアドレス,
Primary Mobile,主要携帯電話,
Primary Phone,主要電話,
Primary key of doctype {0} can not be changed as there are existing values.,doctype {0}の主キーは、既存の値があるため変更できません。,
Print,印刷,
Print,印刷,Button in list view actions menu
Print Documents,ドキュメントを印刷,
Print Format,印刷フォーマット,
Print Format Builder,印刷フォーマットビルダー,
Print Format Builder Beta,印刷フォーマットビルダー ベータ,
Print Format Error,印刷フォーマットエラー,
Print Format Field Template,印刷書式の項目テンプレート,
Print Format For,印刷フォーマット対象,
Print Format Help,印刷フォーマットヘルプ,
Print Format Type,Print Format種類,
Print Format not found,印刷書式が見つかりません,
Print Format {0} is disabled,印刷フォーマット{0}は無効です,
Print Formats allow you can define looks for documents when printed or converted to PDF. You can also create a custom Print Format using drag-and-drop tools.,印刷書式では、文書を印刷または PDF 出力したときの体裁を定義できます。ドラッグ＆ドロップのツールを使って、独自の印刷書式を作成することもできます。,
Print Heading,印刷見出し,
Print Hide,印刷時に非表示,
Print Hide If No Value,値がない場合は印刷時に非表示,
Print Language,印刷言語,
Print Sent to the printer!,印刷がプリンターに送信されました！,
Print Server,印刷サーバー,
Print Settings,印刷設定,
Print Style,印刷スタイル,
Print Style Name,Print Style名,
Print Style Preview,印刷スタイルプレビュー,
Print Width,印刷幅,
"Print Width of the field, if the field is a column in a table",フィールドがテーブルの列である場合の、そのフィールドの印刷幅,
Print document,ドキュメントを印刷,
Print with letterhead,レターヘッド付きで印刷,
Printer,プリンター,
Printer Mapping,プリンターマッピング,
Printer Name,Printer名,
Printer Settings,Printer設定,
Printer mapping not set.,プリンターマッピングが設定されていません。,
Printing,印刷中,
Printing failed,印刷に失敗しました,
Priority,優先度,
Private,プライベート,
Private Files (MB),プライベートファイル (MB),
Private Files Backup:,プライベートファイルのバックアップ:,
ProTip: Add <code>Reference: {{ reference_doctype }} {{ reference_name }}</code> to send document reference,ヒント: ドキュメント参照を送信するには、<code>Reference: {{ reference_doctype }} {{ reference_name }}</code> を追加します,
Proceed,続行,
Proceed Anyway,とにかく続行,
Processing,処理中,
Processing...,処理中...,
Prof,教授,
Profile,プロフィール,
Profile Picture,プロフィール写真,
Profile updated successfully.,プロフィールが正常に更新されました。,
Progress,進捗,
Project,プロジェクト,
Property,プロパティ,
Property Depends On,プロパティ依存,
Property Setter,プロパティセッター,
Property Setter overrides a standard DocType or Field property,プロパティセッターは、標準のDocTypeまたはフィールドプロパティを上書きします,
Property Type,プロパティ種類,
Protect Attached Files,添付ファイルを保護,
Protected File,保護されたファイル,
"Provide a list of allowed Doctypes for file uploads. Each line should contain one allowed Doctype. If unset, uploads to all doctypes are allowed. Example: <br>User<br>Item<br>Quotation",ファイルアップロードが許可されているDocTypeのリストを提供してください。各行には1つの許可されたDocTypeを含める必要があります。設定されていない場合、すべてのDocTypeへのアップロードが許可されます。例：<br>User<br>Item<br>Quotation,
"Provide a list of allowed file extensions for file uploads. Each line should contain one allowed file type. If unset, all file extensions are allowed. Example: <br>CSV<br>JPG<br>PNG",ファイルアップロードで許可されるファイル拡張子のリストを指定します。各行には1つの許可されるファイルタイプを含める必要があります。設定されていない場合、すべてのファイル拡張子が許可されます。例: <br>CSV<br>JPG<br>PNG,
Provider,プロバイダ,
Provider Name,プロバイダ名,
Public,公開,
Public Files (MB),公開ファイル (MB),
Public Files Backup:,公開ファイルのバックアップ:,
Public Policy URL must start with https://,公開ポリシーURLはhttps://で始まる必要があります,
Publish,公開,
Published,公開済,
Published Web Forms,公開済みのWebフォーム,
Published Web Pages,公開済みのWebページ,
Publishing Dates,公開日,
Pull Emails,メールを取り込む,
Pull from Google Calendar,Googleカレンダーから取り込む,
Pull from Google Contacts,Google連絡先から取り込む,
Pulled from Google Calendar,Googleカレンダーから取り込まれました,
Pulled from Google Contacts,Google連絡先から取り込まれました,
Pulling emails...,メールを取り込み中...,
Purchase Manager,購買マネージャー,
Purchase Master Manager,購買マスターマネージャー,
Purchase User,購買ユーザー,
Purple,紫,
Push Notification,プッシュ通知,
Push Notification Settings,プッシュ通知設定,
Push Notifications,プッシュ通知,
Push to Google Calendar,Googleカレンダーにプッシュする,
Push to Google Contacts,Google連絡先にプッシュする,
Put on Hold,保留にする,
Python,Python,
QR Code,QRコード,
QR Code for Login Verification,ログイン認証用QRコード,
QZ Tray Failed:,QZ Tray失敗:,
QZ Tray Failed: ,QZ Tray でエラーが発生しました: ,
Quarterly,四半期ごと,
Queries,クエリ,
Query,クエリ,
Query / Script,クエリ / スクリプト,
Query Options,クエリオプション,
Query Parameters,クエリパラメータ,
Query Report,クエリレポート,
Query analysis complete. Check suggested indexes.,クエリ分析が完了しました。推奨されるインデックスを確認してください。,
Query must be of SELECT or read-only WITH type.,クエリは SELECT または読み取り専用の WITH タイプである必要があります。,
Queue,キュー,
Queue Overloaded,キューが過負荷です,
Queue Status,キューのステータス,
Queue Type(s),キューの種類,
Queue in Background (BETA),バックグラウンドでキュー処理 (ベータ版),
Queue should be one of {0},キューは {0} のいずれかである必要があります,
Queue(s),キュー,
Queued,キュー待ち,
Queued At,キュー登録日時,
Queued By,キュー登録者,
Queued for Submission. You can track the progress over {0}.,提出のためにキューに入れられました。{0}で進捗を追跡できます。,
Queued for backup. You will receive an email with the download link,バックアップのためにキューに登録されました。ダウンロードリンクを含むメールが届きます。,
Queued {0} emails,{0} 件のメールをキューに登録しました,
Queues,キュー,
Queuing emails...,メールをキューに登録しています...,
Queuing {0} for Submission,{0} を提出のためにキューに登録しています,
Quick Entry,クイック入力,
Quick Help for Setting Permissions,権限設定のクイックヘルプ,
Quick List Filter,クイックリストフィルター,
Quick Lists,クイックリスト,
Quoting must be between 0 and 3,クォーティングは0から3の間である必要があります,
RAW Information Log,RAW情報ログ,
RQ Job,RQジョブ,
RQ Worker,RQワーカー,
Random,ランダム,
Range,範囲,
Rank,順位,
Rate Limiting,レート制限,
Rate limit for email link login,メールリンクログインのレート制限,
Rating,評価,
Raw Commands,生コマンド,
Raw Email,生メール,
Raw HTML can be used only with Email Templates having 'Use HTML' checked. Proceeding with plain text email.,生HTMLは、「HTMLを使用」がチェックされているメールテンプレートでのみ使用できます。プレーンテキストメールで続行します。,
"Raw HTML emails are rendered as complete Jinja templates. Otherwise, emails are wrapped in the standard.html email template, which inserts brand_logo, header and footer.",生HTMLメールは完全なJinjaテンプレートとしてレンダリングされます。それ以外の場合、メールはbrand_logo、ヘッダー、フッターを挿入するstandard.htmlメールテンプレートでラップされます。,
Raw Method,生メソッド,
Raw Printing,生印刷,
Raw Printing Setting,生印刷設定,
Raw Printing Settings,Raw 印刷設定,
Re-Run in Console,コンソールで再実行,
Re:,件名：,
Re: {0},件名：{0},
Read,読み取り,
Read Only,読み取り専用,
Read Only Depends On,読み取り専用の依存関係,
Read Only Depends On (JS),読み取り専用の依存関係 (JS),
Read Only Mode,読み取り専用モード,
Read by Recipient,受信者による既読,
Read by Recipient On,受信者による既読日時,
Read mode,読み取りモード,
Read the documentation to know more,詳細についてはドキュメントをお読みください,
Read-Only queries are allowed,読み取り専用クエリが許可されています,
Readme,リードミー,
Realtime (SocketIO),リアルタイム (SocketIO),
Reason,理由,
Rebuild,再構築,
Rebuild Tree,ツリーの再構築,
Rebuilding of tree is not supported for {},{} のツリーの再構築はサポートされていません,
Receive an email for notifications of these types. Remove a type to stop its emails (in-app notifications are unaffected).,これらの種類の通知についてメールを受け取ります。メールを停止するには種類を削除してください（アプリ内通知には影響しません）。,
Received,受信済,
Received an invalid token type.,無効なトークンタイプを受け取りました。,
Receiver By Document Field,ドキュメントフィールドによる受信者,
Receiver By Role,ロールによる受信者,
Receiver Parameter,受信者パラメータ,
Recent years are easy to guess.,最近の年は推測しやすいです。,
Recents,最近使った項目,
Recipient,受信者,
Recipient & Status,受信者とステータス,
Recipient Account Field,受信者勘定科目フィールド,
Recipient Unsubscribed,受信者が購読解除しました,
Recipients,受信者,
Recorder,レコーダー,
Recorder Event,レコーダーイベント,
Recorder Query,レコーダークエリ,
Recorder Suggested Index,レコーダー推奨インデックス,
Records for following doctypes will be filtered,以下のDocTypeのレコードがフィルタリングされます,
Recursive Fetch From,再帰的に取得元,
Red,赤,
Redact Message After Send,送信後にメッセージを編集,
Redirect HTTP Status,リダイレクトHTTPステータス,
Redirect To Path,パスへリダイレクト,
Redirect URI,リダイレクトURI,
Redirect URI Bound To Auth Code,認証コードにバインドされたリダイレクトURI,
Redirect URIs,リダイレクトURI,
Redirect URL,リダイレクトURL,
Redirect to the selected app after login,ログイン後、選択したアプリにリダイレクトします,
Redirect to this URL after successful confirmation.,確認成功後、このURLにリダイレクトします。,
Redirects,リダイレクト,
Redis cache server not running. Please contact Administrator / Tech support,Redisキャッシュサーバーが実行されていません。管理者/技術サポートにご連絡ください。,
Redo,やり直し,
Redo last action,最後のアクションをやり直す,
Ref DocType,参照DocType,
Referance Doctype and Dashboard Name both can't be used at the same time.,参照DocTypeとダッシュボード名は同時に使用できません。,
Reference,参照,
Reference Date,参照日付,
Reference Datetime,参照日時,
Reference Doc,参照ドキュメント,
Reference DocName,参照ドキュメント名,
Reference DocType,参照DocType,
Reference DocType and Reference Name are required,参照DocTypeと参照名は必須です,
Reference Docname,参照ドキュメント名,
Reference Doctype,参照DocType,
Reference Document,参照ドキュメント,
Reference Document Name,Reference Document名,
Reference Document Type,Reference Document種類,
Reference Name,参照名,
Reference Owner,参照所有者,
Reference Report,参照レポート,
Reference Type,参照種類,
Reference name,参照名,
Reference: {0} {1},参照: {0} {1},
References,参照,
Referrer,リファラー,
Refresh,更新,
Refresh All,すべて更新,
Refresh Google Sheet,Googleシートを更新,
Refresh List,更新リスト,
Refresh Print Preview,印刷プレビューを更新,
Refresh Token,リフレッシュトークン,
Refreshing,更新中,Document count in list view
Refreshing...,更新中...,
Registered but disabled,登録済みですが無効です,
Registration Details Emailed.,登録情報をメールで送信しました。,
Rejected,却下,
Rejected malformed encoded address header with synthesized '@': {0},合成された「@」を含む不正な形式のエンコード済みアドレスヘッダーが拒否されました: {0},
Relay Server URL missing,リレーサーバーのURLがありません,
Relay Settings,リレー設定,
Release,リリース,
Release Notes,リリースノート,
Relink,再リンク,
Relink Communication,コミュニケーションを再リンク,
Relinked,再リンク済み,
Reload,再読み込み,
Reload File,ファイルを再読み込み,
Reload List,再読み込みリスト,
Reload Report,再読み込みレポート,
Remember Last Selected Value,最後に選択された値を記憶する,
Remind At,リマインド時刻,
Remind Me,リマインドする,
Remind Me In,～後にリマインドする,
Reminder,リマインダー,
Reminder cannot be created in past.,過去にリマインダーを作成することはできません。,
Reminder set at {0},リマインダーは{0}に設定されました,
Remove,削除,
Remove Failed Jobs,失敗したジョブを削除,
Remove Field,フィールドを削除,
Remove Filter,フィルターを削除,
Remove Section,セクションを削除,
Remove all customizations?,すべてのカスタマイズを削除しますか？,
Remove all fields in the column,列内のすべてのフィールドを削除,
Remove column,列を削除,
Remove field,フィールドを削除,
Remove last column,最後の列を削除,
Remove page break,改ページを削除,
Remove section,セクションを削除,
Remove tab,タブを削除,
Removed,削除済,
Removed Icons,削除済みアイコン,
Rename,名前変更,
Rename Fieldname,フィールド名の名前変更,
Rename {0},{0}の名前変更,
"Renamed files and replaced code in controllers, please check!",ファイル名を変更し、コントローラー内のコードを置換しました。確認してください！,
Render labels to the left and values to the right in this section,このセクションでは、ラベルを左に、値を右に表示します,
Reopen,再オープン,
Repeat,繰り返し,
Repeat Header and Footer,ヘッダーとフッターを繰り返す,
Repeat On,繰り返し日,
Repeat Till,繰り返し終了日,
Repeat on Day,繰り返し日,
Repeat on Days,繰り返し日,
Repeat on Last Day of the Month,月の最終日に繰り返す,
Repeat this Event,このイベントを繰り返す,
"Repeats like ""aaa"" are easy to guess",「aaa」のような繰り返しは推測されやすいです,
"Repeats like ""abcabcabc"" are only slightly harder to guess than ""abc""",「abcabcabc」のような繰り返しは、「abc」よりもわずかに推測されにくいだけです,
Repeats {0},繰り返し {0},
"Replace the message body with a placeholder once the email has been sent, so that sensitive content like password reset links is not retained in the queue.",メール送信後、メッセージ本文をプレースホルダーに置き換えることで、パスワードリセットリンクなどの機密性の高いコンテンツがキューに残らないようにします。,
Replicate,複製,
Replicating...,レプリケーション中...,
Replication completed.,レプリケーションが完了しました。,
Replied,返信済,
Reply,返信,
Reply All,全員に返信,
Reply To Address,返信先アドレス,
Reply To email is required,返信先メールアドレスは必須です,
Reply-To Addresses,返信先アドレス,
Report,レポート,
Report Builder,レポートビルダー,
Report Column,レポート列,
Report Description,レポート説明,
Report Document Error,レポートドキュメントエラー,
Report Filter,レポートフィルター,
Report Filters,レポートフィルター,
Report Hide,レポートを非表示,
Report Information,レポート情報,
Report Manager,レポートマネージャー,
Report Name,レポート名,
"Report Name, Report Field and Fucntion are required to create a number card",数値カードを作成するには、レポート名、レポートフィールド、および関数が必須です,
Report Ref DocType,レポート参照DocType,
Report Reference Doctype,レポート参照Doctype,
Report Type,レポート種類,
Report View,レポート表示,
Report bug,バグを報告,
Report cannot be set for Single types,シングルタイプにはレポートを設定できません,
"Report has no data, please modify the filters or change the Report Name","Report has no data, please modify the filters or change the Report名",
"Report has no numeric fields, please change the Report Name","Report has no numeric fields, please change the Report名",
"Report initiated, click to view status",レポートが開始されました。ステータスを表示するにはクリックしてください,
Report limit reached,レポート制限に達しました,
Report this issue,この問題を報告する,
Report timed out.,レポートがタイムアウトしました。,
Report updated successfully,レポートが正常に更新されました,
Report was not saved (there were errors),レポートは保存されませんでした (エラーがありました),
Report with more than 10 columns looks better in Landscape mode.,10列を超えるレポートは、横向きモードでより見栄えがします。,
Report {0},レポート {0},
Report {0} deleted,レポート {0} が削除されました,
Report {0} is disabled,レポート {0} は無効です,
Report {0} saved,レポート {0} が保存されました,
Report:,レポート:,
Reports,レポート,
Reports & Masters,レポートとマスター,
Reports already in Queue,レポートはすでにキューにあります,
Represents a User in the system.,システム内のユーザーを表します。,
Represents the states allowed in one document and role assigned to change the state.,1つのドキュメントで許可される状態と、その状態を変更するために割り当てられたロールを表します。,
Request Body,リクエストボディ,
Request Data,リクエストデータ,
Request Description,リクエスト説明,
Request Headers,リクエストヘッダー,
Request ID,リクエストID,
Request Limit,リクエスト制限,
Request Method,リクエストメソッド,
Request Structure,リクエスト構造,
Request Timed Out,リクエストがタイムアウトしました,
Request Timeout,リクエストタイムアウト,
Request URL,リクエストURL,
Request for Account Deletion,アカウント削除のリクエスト,
Request to your server failed.,サーバーへのリクエストが失敗しました。,
Requested Numbers,要求された番号,
Require Trusted Certificate,信頼された証明書を要求する,
"Requires any valid fdn path. i.e. ou=groups,dc=example,dc=com","有効なfdnパスが必要です。例: ou=groups,dc=example,dc=com",
"Requires any valid fdn path. i.e. ou=users,dc=example,dc=com","有効なfdnパスが必要です。例: ou=users,dc=example,dc=com",
Res: {0},結果: {0},
Resend,再送,
Reset,リセット,
Reset All,すべてリセット,
Reset All Customizations,すべてのカスタマイズをリセット,
Reset Changes,変更をリセット,
Reset Chart,チャートをリセット,
Reset Dashboard Customizations,ダッシュボードのカスタマイズをリセット,
Reset Fields,フィールドをリセット,
Reset LDAP Password,LDAPパスワードをリセット,
Reset Layout,レイアウトをリセット,
Reset OTP Secret,OTPシークレットをリセット,
Reset Password,パスワードをリセット,
Reset Password Key,パスワードリセットキー,
Reset Password Link Expiry Duration,パスワードリセットリンクの有効期限,
Reset Password Template,パスワード再設定テンプレート,
Reset Permissions for {0}?,{0}の権限をリセットしますか？,
Reset To Default,デフォルトにリセット,
Reset sorting,ソートをリセット,
Reset to default,デフォルトにリセット,
Reset to defaults,デフォルトにリセット,
Reset your password,パスワードをリセット,
Resource,リソース,
Resource Documentation,リソースドキュメント,
Resource Name,リソース名,
Resource Policy URI,リソースポリシーURI,
Resource TOS URI,リソースTOS URI,
Response,レスポンス,
Response Headers,レスポンスヘッダー,
Response Type,レスポンス種類,
Rest of the day,残りの日,
Restore,復元,
Restore Original Permissions,元の権限を復元,
Restore to default settings?,デフォルト設定に復元しますか？,
Restored,復元済,
Restoring Deleted Document,削除されたドキュメントを復元中,
Restrict IP,IPを制限,
Restrict Removal,削除を制限,
Restrict To Domain,ドメインに制限,
Restrict to Domain,ドメインに制限,
Restrict user from this IP address only. Multiple IP addresses can be added by separating with commas. Also accepts partial IP addresses like (111.111.111),このIPアドレスからのみユーザーを制限します。複数のIPアドレスはカンマで区切って追加できます。(111.111.111)のような部分的なIPアドレスも受け入れます。,
Restrictions,制限,Title of message showing restrictions in list view
Result,結果,
Resume Sending,送信を再開,
Retry,再試行,
Retry Sending,送信を再試行,
Return to the Verification screen and enter the code displayed by your authentication app,確認画面に戻り、認証アプリに表示されているコードを入力してください,
Reverting length to {0} for '{1}' in '{2}'. Setting the length as {3} will cause truncation of data.,'{2}'の'{1}'の長さを{0}に戻しています。長さを{3}に設定するとデータが切り捨てられます。,
Revocation URI,失効URI,
Revoke,失効,
Revoked,失効済,
Rich Text,リッチテキスト,
Right,右,
Right,右,alignment
Right Bottom,右下,
Right Center,右中央,
Robots.txt,Robots.txt,
Role,ロール,
Role 'All' will be given to all system + website users.,ロール「すべて」は、すべてのシステムユーザーとウェブサイトユーザーに付与されます。,
Role 'Desk User' will be given to all system users.,ロール「デスクユーザー」は、すべてのシステムユーザーに付与されます。,
Role Name,ロール名,
Role Permission for Page and Report,Role Permission for Page andレポート,
Role Permissions,ロールの権限,
Role Permissions Manager,ロール権限マネージャー,
Role Permissions Manager,ロール権限マネージャー,Button in list view menu
Role Profile,ロールプロファイル,
Role Profiles,ロールプロファイル,
Role Replication,ロールのレプリケーション,
Role and Level,ロールとレベル,
Role exists,ロールは既に存在します,
Role has been set as per the user type {0},ユーザータイプ {0} に従ってロールが設定されました,
Roles,ロール,
Roles & Permissions,ロールと権限,
Roles Assigned,割り当てられたロール,
Roles HTML,ロールHTML,
Roles Html,ロールHTML,
Roles Permission,ロール権限,
Roles can be set for users from their User page.,ロールはユーザーのユーザーページから設定できます。,
Root {0} cannot be deleted,ルート {0} は削除できません,
Round Robin,ラウンドロビン,
Rounding Method,丸め方法,
Route,ルート,
Route History,ルート履歴,
Route Options,ルートオプション,
Route Redirects,ルートリダイレクト,
"Route: Example ""/desk""","ルート: 例 ""/desk""",
Row,行,
Row #,行番号,
Row # {0}: Non administrator user can not set the role {1} to the custom doctype,行番号 {0}: 管理者以外のユーザーは、カスタムDocTypeにロール {1} を設定できません,
Row #{0}:,行 #{0}:,
Row #{}: Fieldname is required,Row #{}: Fieldnameは必須です,
Row Format,行フォーマット,
Row Indexes,行インデックス,
Row Name,行名,
Row Number,行番号,
Row Values Changed,行の値が変更されました,
Row {0},行 {0},
Row {0}: Not allowed to disable Mandatory for standard fields,行 {0}: 標準フィールドの必須を無効にすることはできません,
Row {0}: Not allowed to enable Allow on Submit for standard fields,行 {0}: 標準フィールドの提出時に許可を有効にすることはできません,
Rows Added,追加された行,
Rows Removed,削除された行,
Rows Threshold for Grid Search,グリッド検索の行しきい値,
Rule,ルール,
Rule Conditions,ルール条件,
"Rule for this doctype, role, permlevel and if-owner combination already exists.",この DocType・ロール・権限レベル・所有者条件の組み合わせのルールは、既に存在します。,
Rules,ルール,
Rules defining transition of state in the workflow.,ワークフローにおける状態遷移を定義するルール。,
Rules for configuring series,シリーズ設定のルール,
"Rules for how states are transitions, like next state and which role is allowed to change state etc.",次の状態やどのロールが状態変更を許可されるかなど、状態がどのように遷移するかに関するルール。,
Rules with higher priority number will be applied first.,優先度が高いルールが最初に適用されます。,
Run Jobs only Daily if Inactive For (Days),(日数)間非アクティブの場合のみジョブを毎日実行,
Run scheduled jobs only if checked,チェックされている場合のみスケジュールされたジョブを実行,
Runtime in Minutes,実行時間 (分),
Runtime in Seconds,実行時間 (秒),
S3 Backup has been queued. You can track the progress <a href='/app/rq-job/{0}' target='_blank'>here</a>.,S3 バックアップをキューに登録しました。進捗は <a href='/app/rq-job/{0}' target='_blank'>こちら</a> で確認できます。,
SMS,SMS,
SMS Gateway URL,SMSゲートウェイURL,
SMS Log,SMSログ,
SMS Parameter,SMSパラメータ,
SMS Settings,SMS設定,
SMS sent successfully,SMSが正常に送信されました,
SMS was not sent. Please contact Administrator.,SMSは送信されませんでした。管理者にお問い合わせください。,
SMTP Server is required,SMTP サーバーは必須です,
SQL,SQL,
"SQL Conditions. Example: {""status"" : ""open"", ""priority"" : ""medium""}","SQL条件。例: {""status"" : ""open"", ""priority"" : ""medium""}",
SQL Explain,SQL実行計画,
SQL Output,SQL出力,
SQL Queries,SQLクエリ,
SQL functions are not allowed as strings in SELECT: {0}. Use dict syntax like {{'COUNT': '*'}} instead.,SELECT句でSQL関数を文字列として使用することはできません: {0}。代わりに{{'COUNT': '*'}}のような辞書構文を使用してください。,
SSL/TLS Mode,SSL/TLSモード,
SUCCESS,成功,
"SUCCESS,FAILURE","成功,失敗",
"SUCCESS,FAILURE,DELAY","成功,失敗,遅延",
SWATCHES,スウォッチ,
Sales Manager,営業マネージャー,
Sales Master Manager,販売マスタマネージャー,
Sales User,営業ユーザー,
"Sales without complexity, lock-in and per-user costs. Try it for free!",複雑さ、ロックイン、ユーザーごとのコストなしで販売。無料で試す！,
Salesforce,Salesforce,
Salutation,敬称,
Same Field is entered more than once,同じフィールドが複数回入力されています,
Sample,サンプル,
Saturday,土曜日,
Save,保存,
Save Anyway,とにかく保存,
Save As,名前を付けて保存,
Save Customizations,カスタマイズを保存,
Save Report,保存レポート,
Save filters,フィルターを保存,
Save on Completion,完了時に保存,
Save the document.,ドキュメントを保存します。,
Saved,保存済,
Saved Filters,保存済みフィルター,
Saving,保存中,
Saving,保存中,Freeze message while saving a document
Saving Changes...,変更を保存中...,
Saving Customization...,カスタマイズを保存中...,
Saving Sidebar,サイドバーを保存中,
Saving this will export this document as well as the steps linked here as json.,これを保存すると、このドキュメントとここにリンクされている手順がJSONとしてエクスポートされます。,
Saving...,保存中...,
Scan,スキャン,
Scan QRCode,QRコードをスキャン,
Scan the QR Code and enter the resulting code displayed.,QRコードをスキャンし、表示された結果のコードを入力してください。,
Schedule,スケジュール,
Schedule Newsletter,ニュースレターを予約,
Schedule Send At,送信日時をスケジュール,
Schedule sending,送信を予約,
Scheduled,スケジュール済,
Scheduled Against,スケジュール対象,
Scheduled Job,スケジュール済みジョブ,
Scheduled Job Log,スケジュール済みジョブログ,
Scheduled Job Type,Scheduled Job種類,
Scheduled Jobs Logs,スケジュール済みジョブログ,
Scheduled execution for script {0} has updated,スクリプト {0} のスケジュール実行が更新されました,
Scheduled to send,送信予定,
Scheduler,スケジューラ,
Scheduler Event,スケジューラーイベント,
Scheduler Inactive,スケジューラー無効,
Scheduler Status,スケジューラーステータス,
Scheduler can not be re-enabled when maintenance mode is active.,メンテナンスモードがアクティブな場合、スケジューラーを再度有効にすることはできません。,
Scheduler is inactive. Cannot import data.,スケジューラーが無効です。データをインポートできません。,
Scheduler: Active,スケジューラー: 有効,
Scheduler: Inactive,スケジューラー: 無効,
Scope,スコープ,
Scopes,スコープ,
Scopes Supported,サポートされているスコープ,
Scrap & Process Loss,スクラップと工程ロス,
Scrap Cost Per Qty,数量あたりスクラップ費用,
Scrap Item Code,スクラップ品目コード,
Scrap Item Name,スクラップ品目名,
Script,スクリプト,
Script Manager,スクリプトマネージャー,
Script Report,スクリプトレポート,
Script Type,スクリプト種類,
Script to attach to all web pages.,すべてのウェブページに添付するスクリプト。,
Scripting,スクリプト,
Scripting / Style,スクリプト / スタイル,
Scripts,スクリプト,
Search,検索,
Search Bar,検索バー,
Search Fields,検索フィールド,
Search Priorities,検索優先度,
Search Results,検索結果,
Search by filename or extension,ファイル名または拡張子で検索,
Search field {0} is not valid,検索フィールド {0} は無効です,
Search fields,検索フィールド,
Search fields updated.,検索フィールドが更新されました。,
Search fieldtypes...,フィールドタイプを検索...,
Search for anything,何でも検索,
Search for countries...,国を検索...,
Search for icons...,アイコンを検索...,
Search for {0},{0} を検索,
Search or type a command,検索またはコマンドを入力,
Search or type a command ({0}),検索、またはコマンドを入力（{0}）,
Search properties...,プロパティを検索...,
Search results for,検索結果,
Search the docs (Press / to focus),ドキュメントを検索 (スラッシュキーを押してフォーカス),
Search...,検索...,
Searching ...,検索中...,
Seconds,秒,Duration
Section,セクション,
Section Break,セクション区切り,
Section Heading,セクション見出し,
Section ID,セクションID,
Section Title,セクションタイトル,
Section must have at least one column,セクションには少なくとも1つの列が必要です,
Security Alert: Your account is being impersonated,セキュリティアラート: あなたのアカウントがなりすましされています,
Security Alert: Your password has been changed.,セキュリティアラート: パスワードが変更されました。,
Security Error: The Path provided is not safe.,セキュリティエラー: 提供されたパスは安全ではありません。,
Security Settings,セキュリティ設定,
Security Settings Contact,セキュリティ設定連絡先,
Security Settings Language,セキュリティ設定言語,
Security.txt,Security.txt,
Security.txt will be served only under HTTPS.,Security.txt は HTTPS の下でのみ提供されます。,
Security.txt will expire soon!,Security.txt の有効期限が間もなく切れます！,
See all Activity,すべてのアクティビティを見る,
See on Website,ウェブサイトで見る,
See previous responses,以前の応答を見る,Button in web form
See the document at {0},ドキュメントを {0} で見る,
Seen,閲覧済,
Seen By,閲覧者,
Seen By Table,閲覧者テーブル,
Segregate Serial / Batch Bundle,シリアル・バッチバンドルを分割,
Select,選択,
Select All,すべて選択,
Select Attachments,添付ファイルを選択,
Select Child Table,子テーブルを選択,
Select Column,列を選択,
Select Columns,列を選択,
Select Country,国を選択,
Select Currency,通貨を選択,
Select Dashboard,ダッシュボードを選択,
Select Date Range,日付範囲を選択,
Select DocType,DocTypeを選択,
Select Doctype,DocTypeを選択,
Select Document Type,Select Document種類,
Select Document Type or Role to start.,開始するにはドキュメントタイプまたはロールを選択してください。,
Select Document Types to set which User Permissions are used to limit access.,アクセスを制限するために使用されるユーザー権限を設定するドキュメントタイプを選択してください。,
Select Field,フィールドを選択,
Select Field...,フィールドを選択...,
Select Fields,フィールドを選択,
Select Fields (Up to {0}),フィールドを選択 (最大 {0} 件),
Select Fields To Insert,挿入するフィールドを選択,
Select Fields To Update,更新するフィールドを選択,
Select Filters,フィルターを選択,
Select Google Calendar to which event should be synced.,イベントを同期するGoogleカレンダーを選択してください。,
Select Google Contacts to which contact should be synced.,連絡先を同期するGoogle連絡先を選択してください。,
Select Group By...,グループ化を選択...,
Select Kanban,カンバンを選択,
Select Language,言語を選択,
Select List View,リストビューを選択,
Select Mandatory,必須を選択,
Select Module,モジュールを選択,
Select Network Printer,ネットワークプリンターを選択,
Select Page,ページを選択,
Select Print Format,印刷フォーマットを選択,
Select Print Format to Edit,編集する印刷フォーマットを選択,
Select Report,選択レポート,
Select Table Columns for {0},{0}のテーブル列を選択,
Select Time Zone,タイムゾーンを選択,
Select Transaction,伝票を選択,
Select User,ユーザーを選択,
Select User or DocType to start.,はじめにユーザーまたは DocType を選択してください。,
Select Workflow,ワークフローを選択,
Select Workspace,ワークスペースを選択,
Select a Brand Image first.,まずブランド画像を選択してください。,
Select a DocType to make a new format,新しいフォーマットを作成するためにDocTypeを選択してください,
Select a field to edit its properties.,プロパティを編集するフィールドを選択してください。,
Select a group {0} first.,まずグループ{0}を選択してください。,
Select a valid Sender Field for creating documents from Email,メールからドキュメントを作成するための有効な送信者フィールドを選択してください,
Select a valid Subject field for creating documents from Email,メールからドキュメントを作成するための有効な件名フィールドを選択してください,
Select an Image,画像を選択,
Select an existing format to edit or start a new format.,既存のフォーマットを編集するか、新しいフォーマットを開始してください。,
Select an image of approx width 150px with a transparent background for best results.,最良の結果を得るために、幅約150pxで透明な背景を持つ画像を選択してください。,
Select atleast 1 record for printing,印刷のために少なくとも1つのレコードを選択してください,
Select atleast 2 actions,少なくとも2つのアクションを選択してください,
Select list item,リスト項目を選択,Description of a list view shortcut
Select multiple list items,複数のリスト項目を選択,Description of a list view shortcut
Select or drag across time slots to create a new event.,タイムスロットを選択またはドラッグして、新しいイベントを作成します。,
Select records for assignment,割り当てのためにレコードを選択,
Select records for removing assignment,割り当てを解除するためにレコードを選択,
Select the label after which you want to insert new field.,新しいフィールドを挿入したいラベルを選択してください。,
Select two versions to view the diff.,差分を表示するために2つのバージョンを選択してください。,
Select which delivery events should trigger a delivery status notification (DSN) from the SMTP server.,SMTPサーバーから配信ステータス通知（DSN）をトリガーする配信イベントを選択してください。,
Select {0},{0}を選択,
Self approval is not allowed,自己承認は許可されていません,
Send,送信,
Send,送信,Send Email
Send <b>at the earliest</b> this number of minutes before or after the reference datetime. The actual sending may be delayed by up to 5 minutes due to the scheduler's trigger cadence.,参照日時より前または後に、この分数で<b>最も早く</b>送信します。スケジューラのトリガー周期により、実際の送信は最大5分遅れる場合があります。,
Send Acknowledgement Email,確認メールを送信,
Send After,送信後,
Send Alert On,アラート送信条件,
Send As Email,メールとして送信,
Send As Raw HTML,生のHTMLとして送信,
Send Email Alert,メールアラートを送信,
Send Email On State,ステータス変更時にメールを送信,
Send Email Print Attachments as PDF (Recommended),印刷添付ファイルをPDFとしてメール送信 (推奨),
Send Email To Creator,作成者にメールを送信,
Send Link,リンクを送信,
Send Me A Copy of Outgoing Emails,送信メールのコピーを送信,
Send Notification to,通知を送信先,
Send Notifications For Documents Followed By Me,自分がフォローしているドキュメントの通知を送信,
Send Notifications For Email Threads,メールスレッドの通知を送信,
Send Now,今すぐ送信,
Send Print as PDF,印刷をPDFとして送信,
Send Read Receipt,閲覧通知を送信,
Send System Notification,システム通知を送信,
Send Test Email,テストメールを送信,
Send To All Assignees,すべての担当者に送信,
Send Welcome Email,ウェルカムメールを送信,
Send a test email,テストメールを送信,
Send again,再送信,
Send alert if date matches this field's value,日付がこのフィールドの値と一致する場合にアラートを送信,
Send alert if datetime matches this field's value,日時がこのフィールドの値と一致する場合にアラートを送信,
Send alert if this field's value changes,このフィールドの値が変更された場合にアラートを送信,
Send an acknowledgement email to the email address entered in the contact form.,連絡フォームに入力されたメールアドレスに確認メールを送信します。,
Send an email reminder in the morning,朝にメールリマインダーを送信,
Send days before or after the reference date,参照日の前または後に日数を送信,
Send document web view link in email,文書のウェブ表示リンクをメールで送る,
Send email when document transitions to the state.,ドキュメントがこのステータスに移行したときにメールを送信します。,
Send enquiries to this email address,このメールアドレスに問い合わせを送信,
Send login link,ログインリンクを送信,
Send me a copy,コピーを送信,
Send now,今すぐ送信,
Send only if there is any data,データがある場合のみ送信,
Send unsubscribe message in email,メールで購読解除メッセージを送信,
Sender,送信者,
Sender Email,送信者メール,
Sender Email Field,送信者メールフィールド,
Sender Field should have Email in options,送信者フィールドはオプションにメールを含める必要があります,
Sender Name,送信者名,
Sender Name Field,送信者名フィールド,
Sendgrid,Sendgrid,
Sending,送信中,
Sending emails,メールを送信しています,
Sent,送信済,
Sent Folder Name,送信済みフォルダ名,
Sent On,送信日時,
Sent Read Receipt,閲覧通知を送信済,
Sent To,送信先,
Sent or Received,送信または受信,
Sent/Received Email,送受信メール,
Separator,区切り文字,
Sequence,シーケンス,
Sequence Id,シーケンスID,
Serial & Batch Item Settings,シリアル・バッチ品目の設定,
Series,シリーズ,
Series List for this Transaction,この伝票のシリーズリスト,
Series Updated for {},{}のシリーズが更新されました,
Series counter for {} updated to {} successfully,{}のシリーズカウンターが{}に正常に更新されました,
Series {0} already used in {1},シリーズ{0}は{1}で既に使用されています,
Server Action,サーバーアクション,
Server Error,サーバーエラー,
Server IP,サーバーIP,
Server Script,サーバースクリプト,
Server Scripts are disabled. Please enable server scripts from bench configuration.,サーバースクリプトは無効になっています。ベンチ設定からサーバースクリプトを有効にしてください。,
Server Scripts feature is not available on this site.,サーバースクリプト機能はこのサイトでは利用できません。,
Server error during upload. The file might be corrupted.,アップロード中にサーバーエラーが発生しました。ファイルが破損している可能性があります。,
Server failed to process this request because of a concurrent conflicting request. Please try again.,同時実行の競合するリクエストのため、サーバーはこのリクエストの処理に失敗しました。もう一度お試しください。,
Server is busy. Please try again in a few seconds.,サーバーがビジー状態です。数秒後にもう一度お試しください。,
Server was too busy to process this request. Please try again.,サーバーはビジーすぎてこのリクエストを処理できませんでした。もう一度お試しください。,
Service,サービス,
Session Created,セッション作成済,
Session Default,セッションデフォルト,
Session Default Settings,Session Default設定,
Session Defaults,セッションのデフォルト,
Session Defaults Saved,セッションのデフォルトが保存されました,
Session Expired,セッションの有効期限切れ,
Session Expiry (idle timeout),セッションの有効期限 (アイドルタイムアウト),
Session Expiry must be in format {0},セッションの有効期限は{0}の形式である必要があります,
Sessions,セッション,
Set,設定,
Set,設定,Field value is set
Set Banner from Image,画像からバナーを設定,
Set Chart,チャートを設定,
"Set Default Options for all charts on this Dashboard (Ex: ""colors"": [""#d1d8dd"", ""#ff5858""])","このダッシュボード上のすべてのチャートのデフォルトオプションを設定 (例: ""colors"": [""#d1d8dd"", ""#ff5858""])",
Set Dynamic Filters,動的フィルターを設定,
Set Filters,フィルターを設定,
Set Filters for {0},{0} のフィルターを設定,
Set Level,レベルを設定,
Set Naming Series options on your transactions.,トランザクションの命名シリーズオプションを設定します。,
Set New Password,新しいパスワードを設定,
Set Number of Backups,バックアップ数を設定,
Set Operating Cost / Scrap Items From Sub-assemblies,サブアセンブリから稼働費用・スクラップ品目を設定,
Set Password,パスワードを設定,
Set Permissions,権限を設定,
Set Permissions per User,ユーザーごとに権限を設定,
Set Properties,プロパティを設定,
Set Property After Alert,アラート後にプロパティを設定,
Set Quantity,数量を設定,
Set Role For,ロールを設定,
Set User Permissions,ユーザー権限を設定,
Set Value,値を設定,
Set all private,すべて非公開に設定,
Set all public,すべて公開に設定,
Set as Default,デフォルトとして設定,
Set as Default Theme,デフォルトテーマとして設定,
Set by user,ユーザーが設定,
Set dynamic filter values in JavaScript for the required fields here.,必須フィールドの動的フィルター値をJavaScriptでここに設定します。,
Set non-standard precision for a Float or Currency field,浮動小数点または通貨フィールドの非標準精度を設定,
"Set non-standard precision for a Float, Currency or Percent field",浮動小数点、通貨、またはパーセントフィールドの非標準精度を設定,
Set only once,1回のみ設定,
Set size in MB,サイズをMBで設定,
"Set the filters here. For example:
<pre class=""small text-muted""><code>
[{
	fieldname: ""company"",
	label: __(""Company""),
	fieldtype: ""Link"",
	options: ""Company"",
	default: frappe.defaults.get_user_default(""Company""),
	reqd: 1
},
{
	fieldname: ""account"",
	label: __(""Account""),
	fieldtype: ""Link"",
	options: ""Account"",
	reqd: 1
}]
</code></pre>","ここにフィルターを設定します。例:
<pre class=""small text-muted""><code>
[{
	fieldname: ""company"",
	label: __(""Company""),
	fieldtype: ""Link"",
	options: ""Company"",
	default: frappe.defaults.get_user_default(""Company""),
	reqd: 1
},
{
	fieldname: ""account"",
	label: __(""Account""),
	fieldtype: ""Link"",
	options: ""Account"",
	reqd: 1
}]
</code></pre>",
"Set the path to a whitelisted function that will return the data for the number card in the format:

<pre class=""small text-muted""><code>
{
	""value"": value,
	""fieldtype"": ""Currency"",
	""route_options"": {""from_date"": ""2023-05-23""},
	""route"": [""query-report"", ""Permitted Documents For User""]
}</code></pre>","ナンバーカードのデータを返すホワイトリスト登録済み関数へのパスを設定します。フォーマット：

<pre class=""small text-muted""><code>
{
	""value"": value,
	""fieldtype"": ""Currency"",
	""route_options"": {""from_date"": ""2023-05-23""},
	""route"": [""query-report"", ""Permitted Documents For User""]
}</code></pre>",
Setting,設定,
Setting this Address Template as default as there is no other default,他にデフォルトがないため、この住所テンプレートをデフォルトとして設定しています,
Setting up Global Search documents.,グローバル検索ドキュメントを設定しています。,
Setting up your system,システムのセットアップ,
Settings,設定,
Settings Dropdown,設定ドロップダウン,
Settings for Contact Us Page,お問い合わせページの設定,
Settings for the About Us Page,会社概要ページの設定,
Settings...,設定……,
Setup,セットアップ,
Setup > Customize Form,セットアップ > フォームをカスタマイズ,
Setup > User,セットアップ > ユーザー,
Setup > User Permissions,セットアップ > ユーザー権限,
Setup > User Permissions Manager,設定 > ユーザー権限マネージャ,
Setup Auto Email,自動メール設定,
Setup Complete,セットアップ完了,
Setup Email Alert based on various criteria.,さまざまな条件でメール通知を設定します。,
Setup Series for transactions,トランザクションのシリーズを設定,
Setup failed,セットアップ失敗,
Share,共有,
Share With,共有先,
Share this document with,このドキュメントを共有,
Share {0} with,{0} を共有,
Shared,共有済,
Shared with the following Users with Read access:{0},以下の読み取りアクセス権を持つユーザーと共有されています:{0},
Shipping,配送,
Shipping Address,配送先住所,
Shop,ショップ,
Short keyboard patterns are easy to guess,短いキーボードパターンは推測されやすい,
Shortcuts,ショートカット,
Show,表示,
Show Absolute Datetime in Timeline,タイムラインに絶対日時を表示,
Show Absolute Values,絶対値を表示,
Show All,すべて表示,
Show Arrow,矢印を表示,
Show Auth Server Metadata,認証サーバーメタデータを表示,
Show Barcode Field in Stock Transactions,在庫取引でバーコード欄を表示する,
Show Calendar,カレンダーを表示,
Show Currency Symbol on Right Side,通貨記号を右側に表示,
Show Dashboard,ダッシュボードを表示,
Show Description on Click,クリック時に説明を表示,
Show Document,ドキュメントを表示,
Show Error,エラーを表示,
Show External Link Warning,外部リンク警告を表示,
Show Fieldname (click to copy on clipboard),フィールド名を表示 (クリックしてクリップボードにコピー),
Show First Document Tour,最初のドキュメントツアーを表示,
Show Form Tour,フォームツアーを表示,
Show Full Error and Allow Reporting of Issues to the Developer,完全なエラーを表示し、開発者への問題報告を許可,
Show Full Form?,完全なフォームを表示しますか？,
Show Full Number,完全な数値を表示,
Show Labels,ラベルを表示,
Show Language Picker,言語選択を表示,
Show Line Breaks after Sections,セクション後に改行を表示,
Show Links,リンクを表示,
Show Only Failed Logs,失敗したログのみ表示,
Show Pay Button in Purchase Order Portal,発注ポータルに支払ボタンを表示する,
Show Percentage Stats,パーセンテージ統計を表示,
Show Permissions,権限を表示,
Show Preview,プレビューを表示,
Show Preview Popup,プレビューポップアップを表示,
Show Print First,先に印刷を表示する,
Show Processlist,プロセスリストを表示,
Show Protected Resource Metadata,保護されたリソースのメタデータを表示,
Show Related Errors,関連エラーを表示,
Show Report,表示レポート,
Show Saved,保存済を表示,
Show Section Headings,セクション見出しを表示,
Show Sidebar,サイドバーを表示,
Show Similar Errors,類似のエラーを表示,
Show Social Login Key as Authorization Server,ソーシャルログインキーを認証サーバーとして表示,
Show Tags,タグを表示,
Show Title,タイトルを表示,
Show Title in Link Fields,リンクフィールドにタイトルを表示,
Show Totals,合計を表示,
Show Tour,ツアーを表示,
Show Traceback,トレースバックを表示,
Show User Permissions,ユーザー権限を表示,
Show Values over Chart,チャート上に値を表示,
Show Warnings,警告を表示,
Show Weekends,週末を表示,
Show account deletion link in My Account page,マイアカウントページにアカウント削除リンクを表示,
Show all Versions,すべてのバージョンを表示,
Show all activity,すべてのアクティビティを表示,
Show as cc,CCとして表示,
Show attachments,添付ファイルを表示,
Show footer on login,ログイン時にフッターを表示,
Show full form instead of a quick entry modal,クイック入力モーダルの代わりに完全なフォームを表示,
Show in Module Section,モジュールセクションに表示,
Show in Resource Metadata,リソースメタデータに表示,
Show in filter,フィルターに表示,
Show keyboard shortcuts,キーボードショートカットを表示,
Show link to document,ドキュメントへのリンクを表示,
Show list,リストを表示,
Show more,さらに表示,
Show more details,詳細を表示,
Show on Timeline,タイムラインに表示,
Show percentage difference according to this time interval,この時間間隔に応じたパーセンテージ差を表示,
Show sidebar,サイドバーを表示,
"Show title in browser window as ""Prefix - title""",ブラウザウィンドウのタイトルを「プレフィックス - タイトル」として表示,
Show {0} List,{0}リストを表示,
Showing only Numeric fields from Report,Showing only Numeric fields fromレポート,
Showing only first {0} rows out of {1},{1}行中、最初の{0}行のみを表示しています,
Sidebar,サイドバー,
Sidebar Item Group,サイドバー項目グループ,
Sidebar Item Group Link,サイドバー項目グループリンク,
Sidebar Items,サイドバー項目,
Sidebar Settings,Sidebar設定,
Sidebar and Comments,サイドバーとコメント,
Sign In,サインイン,
Sign Out,サインアウト,
Sign Up,サインアップ,
Sign Up and Confirmation,サインアップと確認,
Sign Up is disabled,サインアップは無効です,
Sign up,サインアップ,
Sign ups,サインアップ,
Signature,署名,
Signup Disabled,サインアップ無効,
Signups have been disabled for this website.,このウェブサイトではサインアップが無効になっています。,
"Simple Python Expression, Example: <code class=""language-python"">status == ""Invalid""</code>","シンプルなPython式、例: <code class=""language-python"">status == ""Invalid""</code>",
"Simple Python Expression, Example: <code class=""language-python"">status == 'Open' and issue_type == 'Bug'</code>","シンプルなPython式、例: <code class=""language-python"">status == 'Open' and issue_type == 'Bug'</code>",
"Simple Python Expression, Example: <code class=""language-python"">status in (""Closed"", ""Cancelled"")</code>","シンプルなPython式、例: <code class=""language-python"">status in (""Closed"", ""Cancelled"")</code>",
Simultaneous Sessions,同時セッション,
Single DocTypes cannot be customized.,単一のDocTypeはカスタマイズできません。,
Single Types have only one record no tables associated. Values are stored in tabSingles,単一タイプは1つのレコードのみを持ち、テーブルは関連付けられていません。値はtabSinglesに保存されます。,
Site,サイト,
"Site is running in read only mode for maintenance or site update, this action can not be performed right now. Please try again later.",サイトはメンテナンスまたはサイト更新のため読み取り専用モードで実行されており、このアクションは現在実行できません。後でもう一度お試しください。,
Size,サイズ,
Size (MB),サイズ (MB),
Size exceeds the maximum allowed file size.,サイズが許可されている最大ファイルサイズを超えています。,
Skip,スキップ,
Skip All,すべてスキップ,
Skip Authorization,認証をスキップ,
Skip Step,ステップをスキップ,
Skipped,スキップ済,
Skipping Duplicate Column {0},重複する列 {0} をスキップしています,
Skipping Untitled Column,無題の列をスキップしています,
Skipping column {0},列 {0} をスキップしています,
Skipping fixture syncing for doctype {0} from file {1},ファイル {1} からのDocType {0} のフィクスチャ同期をスキップしています,
"Skipping {0} of {1}, {2}",{1}のうち{0}、{2}をスキップしています,
Skype,Skype,
Slack,Slack,
Slack Channel,Slackチャンネル,
Slack Webhook Error,Slack Webhookエラー,
Slack Webhook URL,Slack Webhook URL,
Slideshow,スライドショー,
Slideshow Items,スライドショー項目,
Slideshow Name,Slideshow名,
Slideshow like display for the website,ウェブサイト用のスライドショーのような表示,
Slug,スラッグ,
Small Text,小テキスト,
Smallest Currency Fraction Value,最小通貨単位値,
Smallest circulating fraction unit (coin). For e.g. 1 cent for USD and it should be entered as 0.01,最小流通単位（硬貨）。例: USDの場合は1セントで、0.01と入力する必要があります,
Snapshot Report,スナップショットレポート,
Snapshot Reports,スナップショットレポート,
Snippet and more variables:  {0},スニペットとその他の変数: {0},
Social Link Settings,Social Link設定,
Social Link Type,Social Link種類,
Social Login Key,ソーシャルログインキー,
Social Login Provider,ソーシャルログインプロバイダー,
Social Logins,ソーシャルログイン,
SocketIO Ping Check,SocketIO pingチェック,
SocketIO Transport Mode,SocketIOトランスポートモード,
Soft-Bounced,ソフトバウンス,
Software ID,ソフトウェアID,
Software Version,ソフトウェアバージョン,
Solid,実線,
Some columns might get cut off when printing to PDF. Try to keep number of columns under 10.,PDFに印刷する際、一部の列が途切れる可能性があります。列数を10未満に保つようにしてください。,
"Some mailboxes require a different Sent Folder Name e.g. ""INBOX.Sent""",一部のメールボックスでは、送信済みフォルダ名が異なる場合があります（例: 「INBOX.Sent」）。,
Some of the features might not work in your browser. Please update your browser to the latest version.,一部の機能はブラウザで動作しない可能性があります。ブラウザを最新バージョンに更新してください。,
Something went wrong,問題が発生しました,
Something went wrong during the token generation. Click on {0} to generate a new one.,トークン生成中に問題が発生しました。新しいトークンを生成するには{0}をクリックしてください。,
Something went wrong.,問題が発生しました。,
Sorry! I could not find what you were looking for.,申し訳ありません！お探しのものが見つかりませんでした。,
Sorry! You are not permitted to view this page.,申し訳ありません！このページを表示する権限がありません。,
Sort Ascending,昇順で並べ替え,
Sort Descending,降順で並べ替え,
Sort Field,ソートフィールド,
Sort Options,ソートオプション,
Sort Order,ソート順,
Sort field {0} must be a valid fieldname,ソートフィールド {0} は有効なフィールド名である必要があります,
Source,ソース,
Source Code,ソースコード,
Source Name,ソース名,
Source Text,ソーステキスト,
Spacer,スペーサー,
Spam,スパム,
SparkPost,SparkPost,
Spawns actions in a background job,バックグラウンドジョブでアクションを生成します,
Special Characters are not allowed,特殊文字は許可されていません,
"Special Characters except '-', '#', '.', '/', '{{' and '}}' not allowed in naming series {0}",命名シリーズ {0} では、「-」「#」「.」「/」「{{」「}}」以外の特殊文字は使用できません,
"Specify a custom timeout, default timeout is 1500 seconds",カスタムタイムアウトを指定してください。デフォルトのタイムアウトは1500秒です,
"Specify the domains or origins that are permitted to embed this form. Enter one domain per line (e.g., https://example.com). If no domains are specified, the form can only be embedded on the same origin.",このフォームを埋め込むことが許可されているドメインまたはオリジンを指定してください。1行に1つのドメインを入力します（例: https://example.com）。ドメインが指定されていない場合、フォームは同じオリジンにのみ埋め込むことができます。,
Splash Image,スプラッシュ画像,
Sr,連番,
Sr No.,連番,
Stack Trace,スタックトレース,
Standard,標準,
Standard DocType can not be deleted.,標準DocTypeは削除できません。,
"Standard DocType cannot have default print format, use Customize Form",標準DocTypeはデフォルトの印刷フォーマットを持つことはできません。フォームのカスタマイズを使用してください。,
Standard Not Set,標準未設定,
Standard Permissions,標準権限,
Standard Print Format cannot be updated,標準印刷フォーマットは更新できません,
Standard Print Style cannot be changed. Please duplicate to edit.,標準印刷スタイルは変更できません。編集するには複製してください。,
Standard Reports cannot be deleted,標準レポートは削除できません,
Standard Reports cannot be edited,標準レポートは編集できません,
Standard Sidebar Menu,標準サイドバーメニュー,
"Standard Web Forms can not be modified, duplicate the Web Form instead.",標準ウェブフォームは変更できません。代わりにウェブフォームを複製してください。,
Standard reports can only be created in developer mode.,標準レポートは開発者モードでのみ作成できます。,
Standard rich text editor with controls,コントロール付き標準リッチテキストエディタ,
Standard roles cannot be disabled,標準ロールは無効にできません,
Standard roles cannot be renamed,標準ロールは名前変更できません,
Standard user type {0} can not be deleted.,標準ユーザータイプ {0} は削除できません。,
Star us on GitHub,GitHub でスターを付ける,
Start,開始,
Start Date,開始日,
Start Date Field,開始日フィールド,
Start Import,インポート開始,
Start Recording,録画開始,
Start Time,開始時刻,
Start a new discussion,新しいディスカッションを開始,
Start entering data below this line,この行の下からデータの入力を開始,
Start new Format,新規フォーマットを開始,
StartTLS,StartTLS,
Started,開始済,
Started At,開始日時,
Starting Frappe ...,Frappe を起動中...,
Starts on,開始日,
State,状態,
State Properties,状態プロパティ,
State/Province,都道府県,
States,状態,
Static Parameters,静的パラメータ,
Statistics,統計,
Stats,統計,
Stats Time Interval,統計時間間隔,
Status,ステータス,
Status Updated,ステータス更新済,
Status Updated. The email will be picked up in the next scheduled run.,ステータスが更新されました。メールは次回のスケジュール実行時に処理されます。,
Status: {0},ステータス: {0},
Step,ステップ,
Steps,ステップ,
Steps to verify your login,ログインを確認する手順,
Sticky,固定,
Stock Transactions Settings,在庫取引の設定,
Stock UOM Quantity,在庫単位数量,
Stop,停止,
Stopped,停止済,
Storage Usage (MB),ストレージ使用量 (MB),
Storage Usage By Table,テーブル別ストレージ使用量,
Store Attached PDF Document,添付PDFドキュメントを保存,
Store the API secret securely. It won't be displayed again.,APIシークレットを安全に保管してください。再度表示されることはありません。,
Stores the JSON of last known versions of various installed apps. It is used to show release notes.,インストールされている様々なアプリの最新バージョンのJSONを保存します。リリースノートを表示するために使用されます。,
Stores the datetime when the last reset password key was generated.,最後にパスワードリセットキーが生成された日時を保存します。,
Straight rows of keys are easy to guess,キーの直線的な並びは推測されやすいです,
Strip EXIF tags from uploaded images,アップロードされた画像からEXIFタグを削除,
Strong,強力,
Style,スタイル,
Style Settings,スタイル設定,
"Style represents the button color: Success - Green, Danger - Red, Inverse - Black, Primary - Dark Blue, Info - Light Blue, Warning - Orange",スタイルはボタンの色を表します: 成功 - 緑、危険 - 赤、反転 - 黒、プライマリ - 濃い青、情報 - 水色、警告 - オレンジ,
Stylesheet,スタイルシート,
"Sub-currency. For e.g. ""Cent""",補助通貨。例: 「セント」,
Sub-domain provided by erpnext.com,erpnext.com によって提供されるサブドメイン,
Subcontract BOM,外注部品表,
Subdomain,サブドメイン,
Subject,件名,
Subject Field,件名フィールド,
"Subject Field type should be Data, Text, Long Text, Small Text, Text Editor",件名フィールドのタイプはデータ、テキスト、長文テキスト、短文テキスト、テキストエディタである必要があります,
Submission Queue,提出キュー,
Submit,提出,
Submit,提出,Button in list view actions menu
Submit,提出,Button in web form
Submit,提出,Primary action in dialog
Submit,提出,Primary action of prompt dialog
Submit,提出,Submit password for Email Account
Submit After Import,インポート後に提出,
Submit an Issue,問題を提出,
Submit another response,別の回答を提出,Button in web form
Submit button label,提出ボタンのラベル,
Submit on Creation,作成時に提出,
Submit this document to complete this step.,このステップを完了するためにこのドキュメントを提出してください。,
Submit this document to confirm,確認するためにこのドキュメントを提出してください,
Submit {0} documents?,{0} 件のドキュメントを提出しますか？,Title of confirmation dialog
Submitted,提出済,
Submitted Document cannot be converted back to draft. Transition row {0},提出済ドキュメントは下書きに戻すことはできません。トランジション行 {0},
Submitted document cannot be converted back to draft while transitioning from <b>{0} State</b> to <b>{1} State</b>,<b>{0} 状態</b>から<b>{1} 状態</b>への移行中に、提出済ドキュメントを下書きに戻すことはできません,
Submitting,提出中,Freeze message while submitting a document
Submitting {0},{0} を提出中,
Subsidiary,子会社,
Subtle,控えめ,
Success,成功,
Success Action,成功アクション,
Success URI,成功URI,
Success URL,成功URL,
Success message,成功メッセージ,
Success title,成功タイトル,
Successful Job Count,成功したジョブ数,
Successful Transactions,成功したトランザクション,
Successful: {0} to {1},成功: {0} から {1},
Successfully Updated,正常に更新されました,
Successfully imported {0},{0} を正常にインポートしました,
Successfully imported {0} out of {1} records.,{1} 件中 {0} 件のレコードを正常にインポートしました。,
Successfully reset onboarding status for all users.,すべてのユーザーのオンボーディングステータスを正常にリセットしました。,
Successfully signed out,正常にサインアウトしました,
Successfully updated translations,翻訳を正常に更新しました,
Successfully updated {0},{0} を正常に更新しました,
Successfully updated {0} out of {1} records.,{1} 件中 {0} 件のレコードを正常に更新しました。,
Successfully {0} 1 record.,1 件を{0}しました。,
"Successfully {0} {1} record out of {2}. Click on Export Errored Rows, fix the errors and import again.",{2} 件中 {1} 件を{0}しました。「エラー行をエクスポート」を押し、エラーを修正して再度取り込んでください。,
"Successfully {0} {1} records out of {2}. Click on Export Errored Rows, fix the errors and import again.",{2} 件中 {1} 件を{0}しました。「エラー行をエクスポート」を押し、エラーを修正して再度取り込んでください。,
Successfully {0} {1} records.,{1} 件を{0}しました。,
Suggest Optimizations,最適化を提案,
Suggested Indexes,推奨インデックス,
Suggested Username: {0},推奨ユーザー名: {0},
Sum,合計,
Sum of {0},{0} の合計,
Summary,サマリー,
Sunday,日曜日,
"Support without complexity, lock-in and per-user costs. Try it for free!",複雑さ、ロックイン、ユーザーごとのコストなしでサポート。無料で試してみてください！,
Supported Variables:,サポートされている変数:,
Suspend Sending,送信を一時停止,
Switch Camera,カメラ切り替え,
Switch Theme,テーマ切り替え,
Switch To Desk,デスクに切り替え,
Switch theme,テーマを切り替える,
Switch to CRM,CRMに切り替える,
Switch to Frappe CRM,Frappe CRM に切り替え,
Switch to Frappe CRM for smarter sales,より賢い営業活動へ、Frappe CRM に切り替える,
Switch to Helpdesk,ヘルプデスクに切り替え,
Switching Camera,カメラ切り替え中,
Symbol,記号,
Sync,同期,
Sync Calendar,カレンダー同期,
Sync Contacts,連絡先同期,
Sync Data,データを同期,
Sync In Batches,バッチで同期,
Sync Timeout (Seconds),同期タイムアウト（秒）,
Sync events from Google as public,Googleからのイベントを公開として同期,
Sync on Migrate,移行時に同期,
"Sync token was invalid and has been reset, Retry syncing.",同期トークンが無効なためリセットされました。同期を再試行してください。,
Sync with Google Calendar,Googleカレンダーと同期,
Sync with Google Contacts,Google連絡先と同期,
Sync {0} Fields,{0}フィールドを同期,
Synced,同期済み,
Synced Fields,同期済みフィールド,
Syncing,同期中,
Syncing {0} of {1},{1}件中{0}件を同期中,
Syntax Error,構文エラー,
Syntax error in Jinja template,Jinja テンプレートの構文エラー,
System,システム,
System Console,システムコンソール,
System Generated Fields can not be renamed,システム生成フィールドは名前変更できません,
System Health,システムヘルス,
System Health Report,システムヘルスレポート,
System Health Report Errors,システムヘルスレポートのエラー,
System Health Report Failing Jobs,システムヘルスレポートの失敗したジョブ,
System Health Report Queue,システムヘルスレポートのキュー,
System Health Report Tables,システムヘルスレポートのテーブル,
System Health Report Workers,システムヘルスレポートのワーカー,
System Logs,システムログ,
System Manager,システム管理者,
System Manager privileges required.,システムマネージャーの権限が必要です。,
System Notification,システム通知,
System Page,システムページ,
System Settings,システム設定,
System Users,システムユーザー,
System managers are allowed by default,システムマネージャーはデフォルトで許可されています,
T,T,Number system
TOS URI,利用規約URI,
Tab,タブ,
Tab Break,タブ区切り,
Tab Label,タブラベル,
Table,テーブル,
Table Break,テーブル区切り,
Table Field,テーブルフィールド,
Table Fieldname,テーブルフィールド名,
Table Fieldname Missing,テーブルフィールド名がありません,
Table HTML,テーブルHTML,
Table MultiSelect,テーブル複数選択,
"Table MultiSelect requires a table with at least one Link field, but none was found in {0}",テーブル複数選択には少なくとも1つのリンクフィールドを持つテーブルが必要ですが、{0}には見つかりませんでした,
Table Trimmed,テーブルがトリミングされました,
Table updated,テーブルが更新されました,
Table {0} cannot be empty,テーブル{0}は空にできません,
Tabloid,タブロイド,
Tag,タグ,
Tag Link,タグリンク,
Tags,タグ,
Take Photo,写真を撮る,
Target,ターゲット,
Task,タスク,
Task id is required.,タスクIDは必須です。,
Tasks,タスク,
Team Members,チームメンバー,
Team Members Heading,チームメンバー見出し,
Team Members Subtitle,チームメンバーサブタイトル,
Telemetry,テレメトリー,
Template,テンプレート,
Template Error,テンプレートエラー,
Template File,テンプレートファイル,
Template Options,テンプレートオプション,
Template Warnings,テンプレート警告,
Templates,テンプレート,
Temporarily Disabled,一時的に無効,
Test Data,テストデータ,
Test Job ID,テストジョブID,
Test Spanish,スペイン語テスト,
Test_Folder,Test_Folder,
Text,テキスト,
Text Align,テキスト配置,
Text Color,テキスト色,
Text Content,テキストコンテンツ,
Text Editor,テキストエディタ,
Thank you,ありがとうございます,
Thank you for reaching out to us. We will get back to you at the earliest.,お問い合わせいただきありがとうございます。できるだけ早くご連絡いたします。,
"Thank you for reaching out to us. We will get back to you at the earliest.


Your query:

{0}","お問い合わせいただきありがとうございます。できるだけ早くご連絡いたします。


お問い合わせ内容：

{0}",
Thank you for spending your valuable time to fill this form,このフォームにご記入いただき、貴重なお時間をいただきありがとうございます,
Thank you for your email,メールをありがとうございます,
Thank you for your feedback!,フィードバックありがとうございます！,
Thank you for your message,メッセージをありがとうございます,
Thanks,ありがとうございます,
The Auto Repeat for this document has been disabled.,このドキュメントの自動繰り返しは無効になりました。,
The Bulk Update could not happen due to <b>{0}</b>,<b>{0}</b>のため、一括更新は実行できませんでした,
The CSV format is case sensitive,CSV形式は大文字と小文字を区別します,
"The Client ID obtained from the Google Cloud Console under <a href=""https://console.cloud.google.com/apis/credentials"">
""APIs &amp; Services"" &gt; ""Credentials""
</a>","Google Cloud Consoleの<a href=""https://console.cloud.google.com/apis/credentials"">
「APIとサービス」&gt;「認証情報」
</a>で取得したクライアントID",
The Condition '{0}' is invalid,条件「{0}」は無効です,
The File URL you've entered is incorrect,入力されたファイルURLが正しくありません,
The Next Scheduled Date cannot be later than the End Date.,次のスケジュール日は終了日より遅くすることはできません。,
The Push Relay Server URL key (`push_relay_server_url`) is missing in your site config,サイト設定にプッシュリレーサーバーURLキー (`push_relay_server_url`) がありません,
The User record for this request has been auto-deleted due to inactivity by system admins.,このリクエストのユーザーレコードは、システム管理者による非アクティブのため自動削除されました。,
"The application has been updated to a new version, please refresh this page",アプリケーションが新しいバージョンに更新されました。このページを更新してください,
The application name will be used in the Login page.,アプリケーション名はログインページで使用されます。,
The attachments could not be correctly linked to the new document,添付ファイルを新しいドキュメントに正しくリンクできませんでした,
"The browser API key obtained from the Google Cloud Console under <a href=""https://console.cloud.google.com/apis/credentials"">
""APIs &amp; Services"" &gt; ""Credentials""
</a>","Google Cloud Consoleの<a href=""https://console.cloud.google.com/apis/credentials"">
「APIとサービス」&gt;「認証情報」
</a>で取得したブラウザAPIキー",
The changes have been reverted.,変更は元に戻されました。,
The column {0} has {1} different date formats. Automatically setting {2} as the default format as it is the most common. Please change other values in this column to this format.,列{0}には{1}種類の異なる日付形式があります。最も一般的な形式である{2}をデフォルト形式として自動設定します。この列の他の値をこの形式に変更してください。,
The comment cannot be empty,コメントは空にできません,
The configured SMTP server does not support DSN (Delivery Status Notification).,設定されたSMTPサーバーはDSN（配信ステータス通知）をサポートしていません。,
The contents of this email are strictly confidential. Please do not forward this email to anyone.,このメールの内容は厳重に機密です。このメールを他者に転送しないでください。,
The count shown is an estimated count. Click here to see the accurate count.,表示されている件数は推定値です。正確な件数を見るにはここをクリックしてください。,
The country's ISO 3166 ALPHA-2 code.,国のISO 3166 ALPHA-2コード。,
The default value for the Check field {0} must be either '0' or '1',チェックフィールド{0}のデフォルト値は「0」または「1」のいずれかである必要があります,
The document could not be correctly assigned,ドキュメントを正しく割り当てできませんでした,
The document has been assigned to {0},ドキュメントは{0}に割り当てられました,
"The document type selected is a child table, so the parent document type is required.",選択した文書タイプは子テーブルのため、親の文書タイプが必要です。,
The email button is enabled for the user in the document.,ドキュメント内のユーザーに対してメールボタンが有効になっています。,
The field {0} in {1} does not allow ignoring user permissions,{1}のフィールド{0}はユーザー権限の無視を許可していません,
The field {0} in {1} links to {2} and not {3},{1}のフィールド{0}は{3}ではなく{2}にリンクしています,
The field {0} is mandatory,The field {0}は必須です,
The fieldname you've specified in Attached To Field is invalid,「添付先フィールド」で指定したフィールド名が無効です,
The following Assignment Days have been repeated: {0},以下の割り当て日が重複しています: {0},
The following Header Script will add the current date to an element in 'Header HTML' with class 'header-content',以下のヘッダースクリプトは、「ヘッダーHTML」内のクラス「header-content」を持つ要素に現在の日付を追加します,
The following configured IMAP folder(s) were not found or are not accessible on the server:<br><ul>{0}</ul>Please verify the folder names exactly as they appear on the server and ensure the account has access to them.,以下の設定済みIMAPフォルダがサーバーで見つからないか、アクセスできません。<br><ul>{0}</ul>サーバーに表示されているフォルダ名を正確に確認し、アカウントがそれらにアクセスできることを確認してください。,
The following values are invalid: {0}. Values must be one of {1},以下の値は無効です: {0}。値は{1}のいずれかである必要があります,
The following values do not exist for {0}: {1},{0}に対して以下の値は存在しません: {1},
The link will expire in {0} minutes,リンクは{0}分で期限切れになります,
The link you trying to login is invalid or expired.,ログインしようとしているリンクが無効であるか、期限切れです。,
"The meta description is an HTML attribute that provides a brief summary of a web page. Search engines such as Google often display the meta description in search results, which can influence click-through rates.",メタディスクリプションは、ウェブページの簡単な要約を提供するHTML属性です。Googleなどの検索エンジンは、検索結果にメタディスクリプションを表示することが多く、クリック率に影響を与える可能性があります。,
"The meta image is unique image representing the content of the page. Images for this Card should be at least 280px in width, and at least 150px in height.",メタ画像は、ページのコンテンツを表すユニークな画像です。このカードの画像は、幅280px以上、高さ150px以上である必要があります。,
The name that will appear in Google Calendar,Googleカレンダーに表示される名前,
The next tour will start from where the user left off.,次のツアーは、ユーザーが中断した場所から開始されます。,
The number of seconds until the request expires,リクエストが期限切れになるまでの秒数,
The password of your account has expired.,アカウントのパスワードが期限切れになりました。,
The print button is enabled for the user in the document.,ドキュメントの印刷ボタンは、ユーザーに対して有効になっています。,
The process for deletion of {0} data associated with {1} has been initiated.,{1}に関連する{0}データの削除プロセスが開始されました。,
"The project number obtained from Google Cloud Console under <a href=""https://console.cloud.google.com/iam-admin/settings"">
""IAM &amp; Admin"" &gt; ""Settings""
</a>","<a href=""https://console.cloud.google.com/iam-admin/settings"">
「IAM &amp; 管理」&gt;「設定」
</a>の下、Google Cloud Consoleから取得したプロジェクト番号",
The report you requested has been generated.<br><br>Click here to download:<br><a href='{0}'>{0}</a><br><br>This link will expire in {1} hours.,ご依頼のレポートが生成されました。<br><br>ダウンロードはこちら:<br><a href='{0}'>{0}</a><br><br>このリンクは{1}時間で期限切れになります。,
The reset password link has been expired,パスワードリセットリンクは期限切れになりました。,
The reset password link has either been used before or is invalid,パスワードリセットリンクは以前に使用されたか、無効です。,
The resource you are looking for is not available,お探しのリソースは利用できません。,
The role {0} should be a custom role.,ロール{0}はカスタムロールである必要があります。,
The selected document {0} is not a {1}.,選択されたドキュメント{0}は{1}ではありません。,
The system is being updated. Please refresh again after a few moments.,システムが更新中です。しばらくしてから再度更新してください。,
The system provides many pre-defined roles. You can add new roles to set finer permissions.,システムは多くの事前定義されたロールを提供します。より詳細な権限を設定するために、新しいロールを追加できます。,
The total column width cannot be more than 10.,列幅の合計は 10 を超えられません。,
The user can create a new Item but cannot edit existing items.,ユーザーは新しい品目を作成できますが、既存の品目を編集することはできません。,
The user can delete Draft / Cancelled documents.,ユーザーは下書き/キャンセルされたドキュメントを削除できます。,
The user can export report data.,ユーザーはレポートデータをエクスポートできます。,
The user can import new records or update existing data for the document.,ユーザーは新しいレコードをインポートしたり、ドキュメントの既存データを更新したりできます。,
The user can select a Customer in Sales Order but cannot open the Customer master.,ユーザーは受注で顧客を選択できますが、顧客マスターを開くことはできません。,
The user can share document access with another user.,ユーザーは別のユーザーとドキュメントアクセスを共有できます。,
The user can update a customer or any other fields in an existing Sales Order but cannot create a new Sales Order.,ユーザーは既存の受注で顧客またはその他のフィールドを更新できますが、新しい受注を作成することはできません。,
The user can view Sales Invoices but cannot modify any field values in them.,ユーザーは売上請求書を表示できますが、その中のフィールド値を変更することはできません。,
"The value of the field {0} is too long in the {1} document. To resolve this issue, please reduce the value length or change the {0} field Type to Long Text using customize form, and then try again.",{1}ドキュメントのフィールド{0}の値が長すぎます。この問題を解決するには、値の長さを短くするか、フォームのカスタマイズを使用して{0}フィールドのタイプを「長文テキスト」に変更し、もう一度試してください。,
The value you pasted was {0} characters long. Max allowed characters is {1}.,貼り付けた値は{0}文字でした。許可される最大文字数は{1}です。,
The webhook will be triggered if this expression is true,この式が真の場合、ウェブフックがトリガーされます。,
The {0} is already on auto repeat {1},{0}はすでに自動繰り返し{1}に設定されています,
Theme,テーマ,
Theme Changed,テーマが変更されました,
Theme Configuration,テーマ設定,
Theme URL,テーマURL,
There are documents which have workflow states that do not exist in this Workflow. It is recommended that you add these states to the Workflow and change their states before removing these states.,このワークフローに存在しないワークフローステータスを持つドキュメントがあります。これらのステータスをワークフローに追加し、削除する前にそれらのステータスを変更することをお勧めします。,
There are no upcoming events for you.,あなたの今後のイベントはありません。,
"There are no {0} for this {1}, why don't you start one!",この{1}には{0}がありません。始めてみませんか！,
There are {0} with the same filters already in the queue:,同じフィルターを持つ{0}がすでにキューにあります:,
There can be only 9 Page Break fields in a Web Form,ウェブフォームには9つの改ページフィールドのみ設定できます,
There can be only one Fold in a form,フォームには1つの折りたたみのみ設定できます,
There is an error in your Address Template {0},あなたの住所テンプレート{0}にエラーがあります,
There is no data to be exported,エクスポートするデータがありません,
"There is no task called ""{}""",「{}」というタスクはありません,
There is nothing new to show you right now.,現時点では表示する新しいものはありません。,
There is some problem with the file url: {0},ファイルURLに問題があります: {0},
There is {0} with the same filters already in the queue:,同じフィルターを持つ{0}がすでにキューにあります:,
There must be atleast one permission rule.,少なくとも1つの権限ルールが必要です。,
There was an error building this page,このページの構築中にエラーが発生しました,
There was an error saving filters,フィルターの保存中にエラーが発生しました,
There were errors,エラーが発生しました,
There were errors while creating the document. Please try again.,ドキュメントの作成中にエラーが発生しました。もう一度お試しください。,
There were errors while sending email. Please try again.,メール送信中にエラーが発生しました。もう一度お試しください。,
There were errors. Please report this.,エラーが発生しました。報告してください。,
"There were some errors setting the name, please contact the administrator",名前の設定中にいくつかのエラーが発生しました。管理者にお問い合わせください。,
These announcements will appear inside a dismissible alert below the Navbar.,これらのアナウンスは、ナビゲーションバーの下にある解除可能なアラート内に表示されます。,
"These fields are used to provide resource server metadata to clients querying the ""well known protected resource"" end point.",これらのフィールドは、「well known protected resource」エンドポイントを照会するクライアントにリソースサーバーのメタデータを提供するために使用されます。,
These settings are required if 'Custom' LDAP Directory is used,「カスタム」LDAPディレクトリが使用されている場合、これらの設定は必須です。,
These values will be automatically updated in transactions and also will be useful to restrict permissions for this user on transactions containing these values.,これらの値はトランザクションで自動的に更新され、これらの値を含むトランザクションでこのユーザーの権限を制限するのにも役立ちます。,
Third Party Apps,サードパーティアプリ,
Third Party Authentication,サードパーティ認証,
This Currency is disabled. Enable to use in transactions,この通貨は無効です。トランザクションで使用するには有効にしてください。,
This Kanban Board will be private,このカンバンボードはプライベートになります,
This Month,今月,
This PDF cannot be uploaded as it contains unsafe content.,このPDFは安全でないコンテンツが含まれているため、アップロードできません。,
This Quarter,今四半期,
This Web Form Request has already been used,このWebフォームリクエストはすでに使用されています,
This Web Form Request has expired,このWebフォームリクエストは期限切れです,
This Week,今週,
This Year,今年,
This action is irreversible. Do you wish to continue?,このアクションは元に戻せません。続行しますか？,
This action is only allowed for {},このアクションは{}にのみ許可されています,
This cannot be undone,これは元に戻せません,
This card is visible only to Administrator and System Managers by default. Set a DocType to share with users who have read access.,このカードは、デフォルトでは管理者とシステムマネージャーのみに表示されます。読み取りアクセス権を持つユーザーと共有するためにDocTypeを設定してください。,Number Card
This card will be available to all Users if this is set,これが設定されている場合、このカードはすべてのユーザーが利用できるようになります,
This chart will be available to all Users if this is set,これが設定されている場合、このチャートはすべてのユーザーが利用できるようになります,
This doctype has no orphan fields to trim,このDocTypeには、トリミングする孤立フィールドがありません,
"This doctype has pending migrations, run 'bench migrate' before modifying the doctype to avoid losing changes.",このDocTypeには保留中のマイグレーションがあります。変更が失われるのを避けるため、DocTypeを変更する前に「bench migrate」を実行してください。,
"This document allows you to edit limited fields. For all kinds of workspace customization, use the Edit button located on the workspace page",この画面で編集できる項目は限られています。ワークスペースのカスタマイズ全般は、ワークスペースページの「編集」ボタンから行ってください,
This document can not be deleted right now as it's being modified by another user. Please try again after some time.,このドキュメントは現在、別のユーザーによって変更されているため削除できません。しばらくしてからもう一度お試しください。,
This document has already been queued for submission. You can track the progress over {0}.,このドキュメントはすでに提出のためにキューに入れられています。{0}で進捗を追跡できます。,
This document has been modified after the email was sent.,このドキュメントはメールが送信された後に変更されました。,
This document has unsaved changes which might not appear in final PDF. <br> Consider saving the document before printing.,このドキュメントには未保存の変更があり、最終PDFに表示されない可能性があります。<br>印刷する前にドキュメントを保存することを検討してください。,
"This document is already amended, you cannot ammend it again",このドキュメントはすでに修正されています。再度修正することはできません。,
This document is currently locked and queued for execution. Please try again after some time.,このドキュメントは現在ロックされており、実行のためにキューに入れられています。しばらくしてからもう一度お試しください。,
This email is autogenerated,このメールは自動生成されました,
"This feature can not be used as dependencies are missing.
				Please contact your system manager to enable this by installing pycups!","この機能は、依存関係が不足しているため使用できません。
				pycupsをインストールしてこれを有効にするには、システムマネージャーに連絡してください！",
This feature is brand new and still experimental,この機能は新しく、まだ実験段階です,
"This field will appear only if the fieldname defined here has value OR the rules are true (examples):
myfield
eval:doc.myfield=='My Value'
eval:doc.age&gt;18","このフィールドは、ここで定義されたフィールド名に値がある場合、またはルールが真の場合にのみ表示されます（例）:
myfield
eval:doc.myfield=='My Value'
eval:doc.age&gt;18",
This file is attached to a protected document and cannot be deleted.,このファイルは保護されたドキュメントに添付されており、削除できません。,
"This file is public and can be accessed by anyone, even without logging in. Mark it private to limit access.",このファイルは公開されており、ログインしていなくても誰でもアクセスできます。アクセスを制限するには、プライベートに設定してください。,
This file is public. It can be accessed without authentication.,このファイルは公開されています。認証なしでアクセスできます。,
This form has been modified after you have loaded it,このフォームはロードされた後に変更されました,
This form is not editable due to a Workflow.,このフォームはワークフローのため編集できません。,
This format is used if country specific format is not found,This format is used if country specific format isが見つかりません,
This geolocation provider is not supported yet.,この位置情報プロバイダーはまだサポートされていません。,
This goes above the slideshow.,これはスライドショーの上に表示されます。,
This is a background report. Please set the appropriate filters and then generate a new one.,これはバックグラウンドレポートです。適切なフィルターを設定し、新しいものを生成してください。,
This is a snapshot report generated {0}.,これは {0} に生成されたスナップショットのレポートです。,
This is a top-10 common password.,これはトップ10の一般的なパスワードです。,
This is a top-100 common password.,これはトップ100の一般的なパスワードです。,
This is a very common password.,これは非常に一般的なパスワードです。,
This is a virtual doctype and data is cleared periodically.,これは仮想DocTypeであり、データは定期的にクリアされます。,
This is an automatically generated reply,これは自動生成された返信です,
This is similar to a commonly used password.,これは一般的に使用されるパスワードに似ています。,
This is the number of the last created transaction with this prefix,これは、このプレフィックスを持つ最後に作成されたトランザクションの番号です。,
This link has already been activated for verification.,このリンクは検証のためにすでにアクティベートされています。,
This link is invalid or expired. Please make sure you have pasted correctly.,このリンクは無効または期限切れです。正しく貼り付けたことを確認してください。,
This may get printed on multiple pages,これは複数ページに印刷される可能性があります,
This month,今月,
This newsletter is scheduled to be sent on {0},このニュースレターは {0} に送信予定です,
This newsletter was scheduled to send on a later date. Are you sure you want to send it now?,このニュースレターは後日の送信が予約されています。今すぐ送信してもよろしいですか？,
"This report contains {0} rows and is too big to display in browser, you can {1} this report instead.",このレポートには{0}行が含まれており、ブラウザで表示するには大きすぎます。代わりにこのレポートを{1}できます。,
This report was generated on {0},このレポートは{0}に生成されました,
This report was generated {0}.,このレポートは{0}に生成されました。,
This request has not yet been approved by the user.,このリクエストはまだユーザーによって承認されていません。,
"This site is in read only mode, full functionality will be restored soon.",このサイトは読み取り専用モードです。全機能はまもなく復元されます。,
This site is running in developer mode. Any change made here will be updated in code.,このサイトは開発者モードで実行されています。ここで行われた変更はコードに反映されます。,
This software is built on top of many open source packages.,このソフトウェアは多くのオープンソースパッケージの上に構築されています。,
This title will be used as the title of the webpage as well as in meta tags,このタイトルはウェブページのタイトルとして、またメタタグでも使用されます,
This value is fetched from {0}'s {1} field,この値は{0}の{1}フィールドから取得されます,
This value specifies the max number of rows that can be rendered in report view.,この値は、レポートビューでレンダリングできる最大行数を指定します。,
"This will be automatically generated when you publish the page, you can also enter a route yourself if you wish",これはページを公開すると自動的に生成されますが、必要に応じて、自分でルートを入力することもできます,
This will be shown in a modal after routing,これはルーティング後にモーダルで表示されます,
This will be shown to the user in a dialog after routing to the report,これはレポートへのルーティング後、ユーザーにダイアログで表示されます,
This will log out {0} from all other devices,これにより、{0}は他のすべてのデバイスからログアウトされます,
This will permanently remove your data.,これにより、データが完全に削除されます。,
This will reset this tour and show it to all users. Are you sure?,これにより、このツアーはリセットされ、すべてのユーザーに表示されます。よろしいですか？,
"This will terminate the job immediately and might be dangerous, are you sure?",これにより、ジョブは直ちに終了され、危険な場合があります。よろしいですか？,
"This will terminate the job immediately and might be dangerous, are you sure? ",ジョブを直ちに終了します。危険を伴う場合があります。よろしいですか？,
Throttled,スロットリングされました,
Thumbnail URL,サムネイルURL,
Thursday,木曜日,
Time,時刻,
Time Format,時刻フォーマット,
Time Interval,時間間隔,
Time Series,時系列,
Time Series Based On,時系列の基準,
Time Taken,所要時間,
Time Window (Seconds),時間ウィンドウ (秒),
Time Zone,タイムゾーン,
Time Zones,タイムゾーン,
Time format,時刻フォーマット,
Time in Queries,クエリ内の時刻,
Time in seconds to retain QR code image on server. Min:<strong>240</strong>,サーバーにQRコード画像を保持する秒数。最小:<strong>240</strong>,
Time series based on is required to create a dashboard chart,ダッシュボードチャートを作成するには、時系列の基準が必要です,
Time {0} must be in format: {1},時刻{0}はフォーマット:{1}である必要があります,
Timed Out,タイムアウトしました,
Timeless Night,タイムレスナイト,
Timeline,タイムライン,
Timeline DocType,タイムラインDocType,
Timeline Field,タイムラインフィールド,
Timeline Links,タイムラインリンク,
Timeline Name,Timeline名,
Timeline field must be a Link or Dynamic Link,タイムラインフィールドはリンクまたは動的リンクである必要があります,
Timeline field must be a valid fieldname,タイムラインフィールドは有効なフィールド名である必要があります,
Timeout,タイムアウト,
Timeout (In Seconds),タイムアウト (秒),
Timeseries,時系列,
Timespan,期間,
Timestamp,タイムスタンプ,
Tip: Try the new dropdown console using,ヒント: 新しいドロップダウンコンソールを試すには,
Title,タイトル,
Title Field,タイトルフィールド,
Title Prefix,タイトルプレフィックス,
Title field must be a valid fieldname,タイトルフィールドは有効なフィールド名である必要があります,
Title of the page,ページのタイトル,
To,宛先,
To,宛先,Email Recipients
To Date,終了日,
To Date Field,終了日フィールド,
To Do,ToDo,
"To add dynamic subject, use jinja tags like

<div><pre><code>New {{ doc.doctype }} #{{ doc.name }}</code></pre></div>","動的な件名を追加するには、以下のようにJinjaタグを使用してください

<div><pre><code>New {{ doc.doctype }} #{{ doc.name }}</code></pre></div>",
"To add dynamic values from the document, use jinja tags like

<div>
<pre><code>{ ""id"": ""{{ doc.name }}"" }</code>
</pre>
</div>","ドキュメントから動的な値を追加するには、以下のようにJinjaタグを使用してください

<div>
<pre><code>{ ""id"": ""{{ doc.name }}"" }</code>
</pre>
</div>",
To allow more reports update limit in System Settings.,より多くのレポートを許可するには、システム設定で制限を更新してください。,
To and CC,宛先とCC,
"To begin the date range at the start of the chosen period. For example, if 'Year' is selected as the period, the report will start from January 1st of the current year.",選択された期間の開始日から日付範囲を開始します。例えば、「年」が期間として選択された場合、レポートは現在の年の1月1日から開始されます。,
"To configure Auto Repeat, enable ""Allow Auto Repeat"" from {0}.",自動繰り返しを設定するには、{0}から「自動繰り返しを許可」を有効にしてください。,
To enable it follow the instructions in the following link: {0},それを有効にするには、次のリンクの指示に従ってください: {0},
"To enable server scripts, read the {0}.",サーバースクリプトを有効にするには、{0}を読んでください。,
"To export this step as JSON, link it in a Onboarding document and save the document.",このステップをJSONとしてエクスポートするには、オンボーディングドキュメントにリンクし、ドキュメントを保存してください。,
To generate password click {0},パスワードを生成するには{0}をクリックしてください,
To know more click {0},詳細を知るには{0}をクリックしてください,
To print output use <code>print(text)</code>,出力を印刷するには<code>print(text)</code>を使用してください,
"To set the role {0} in the user {1}, kindly set the {2} field as {3} in one of the {4} record.",ユーザー{1}にロール{0}を設定するには、{4}レコードのいずれかで{2}フィールドを{3}として設定してください。,
"To use Google Calendar, enable {0}.",Googleカレンダーを使用するには、{0}を有効にしてください。,
"To use Google Contacts, enable {0}.",Googleコンタクトを使用するには、{0}を有効にしてください。,
"To use Google Indexing, enable <a href=""/desk/google-settings"">Google Settings</a>.","Googleインデックスを使用するには、<a href=""/desk/google-settings"">Google設定</a>を有効にしてください。",
"To use Slack Channel, add a <a href=""#List/Slack%20Webhook%20URL/List"">Slack Webhook URL</a>.","Slackチャンネルを使用するには、<a href=""#List/Slack%20Webhook%20URL/List"">Slack Webhook URL</a>を追加してください。",
To version,バージョンへ,
ToDo,ToDo,
Today,今日,
Toggle Awesomebar,Awesomebarの切り替え,
Toggle Chart,チャートの切り替え,
Toggle Full Width,全幅表示を切り替える,
Toggle Grid View,グリッド表示の切り替え,
Toggle Section: {0},セクションの表示切替: {0},
Toggle Sidebar,サイドバーの切り替え,
Toggle Theme,テーマを切り替える,
Toggle sidebar,サイドバーの切り替え,
Token,トークン,
Token Cache,トークンキャッシュ,
Token Endpoint Auth Method,トークンエンドポイント認証方法,
Token Type,トークン種類,
Token URI,トークンURI,
Token is missing,トークンがありません,
Tomorrow,明日,
Too Many Documents,ドキュメントが多すぎます,
Too Many Requests,リクエストが多すぎます,
Too many changes to database in single action.,単一のアクションでデータベースへの変更が多すぎます。,
Too many queued background jobs ({0}). Please retry after some time.,キューに入れられたバックグラウンドジョブが多すぎます ({0})。しばらくしてから再試行してください。,
Too many requests. Please try again later.,リクエストが多すぎます。後でもう一度お試しください。,
"Too many users signed up recently, so the registration is disabled. Please try back in an hour",最近、多くのユーザーがサインアップしたため、登録は無効になっています。1時間後に再度お試しください,
Tools,ツール,
Top,上部,
Top 10,トップ10,
Top Bar Item,トップバーアイテム,
Top Bar Items,トップバーアイテム,
Top Center,上中央,
Top Errors,上位エラー,
Top Left,左上,
Top Right,右上,
Topic,トピック,
Total,合計,
Total Background Workers,バックグラウンドワーカー数,
Total Errors (last 1 day),エラー合計（直近 1 日）,
Total Images,画像合計,
Total Outgoing Emails,送信メール合計,
Total Subscribers,Subscribers合計,
Total Users,ユーザー合計,
Total Working Time,合計作業時間,
Total number of emails to sync in initial sync process,number of emails to sync in initial sync process合計,
Total:,合計:,
Totals,合計,
Totals Row,合計行,
Trace ID,トレースID,
Traceback,トレースバック,
Track Changes,変更を追跡,
Track Email Status,メールステータスを追跡,
Track Field,フィールドを追跡,
Track Seen,閲覧を追跡,
Track Steps,ステップを追跡,
Track Views,ビューを追跡,
"Track if your email has been opened by the recipient.
<br>
Note: If you're sending to multiple recipients, even if 1 recipient reads the email, it'll be considered ""Opened""","受信者によってメールが開かれたかどうかを追跡します。
<br>
注: 複数の受信者に送信する場合、1人の受信者がメールを読んだだけでも「開封済み」と見なされます",
Track milestones for any document,あらゆるドキュメントのマイルストーンを追跡,
Tracking URL generated and copied to clipboard,追跡URLが生成され、クリップボードにコピーされました,
Transaction,取引,
Transgender,トランスジェンダー,
Transition Properties,遷移プロパティ,
Transition Rules,遷移ルール,
Transition Tasks,遷移タスク,
Transitions,遷移,
Translatable,翻訳可能,
Translate Data,データを翻訳,
Translate Link Fields,リンクフィールドを翻訳,
Translate values,値を翻訳,
Translate {0},{0}を翻訳,
Translated Text,翻訳済みテキスト,
Translation,翻訳,
Translations,翻訳,
"Translations can be viewed by guests, avoid storing private details in translations.",翻訳はゲストが閲覧できます。個人情報を翻訳に保存しないでください。,
Translator,翻訳者,
Trash,ゴミ箱,
Tree,ツリー,
Tree View,ツリー表示,
Tree structures are implemented using Nested Set,ツリー構造はネストセットを使用して実装されています,
Tree view is not available for {0},{0}ではツリー表示は利用できません,
Trigger Method,トリガーメソッド,
Trigger caching,キャッシュをトリガー,
"Trigger on valid methods like ""before_insert"", ""after_update"", etc (will depend on the DocType selected)","""before_insert""、""after_update""などの有効なメソッドでトリガーします（選択されたDocTypeによって異なります）",
Trigger primary action,プライマリアクションをトリガー,
Trim Table,テーブルをトリム,
Try Again,再試行,
Try a Naming Series,命名シリーズを試す,
Try the new Print Designer,新しい Print Designer を試す,
Try to avoid repeated words and characters,繰り返し使用される単語や文字を避けるようにしてください,
Try to use a longer keyboard pattern with more turns,より多くのターンを含む長いキーボードパターンを使用してみてください,
Tuesday,火曜日,
Two Factor Authentication,二要素認証,
Two Factor Authentication method,二要素認証方法,
Type,種類,
Type Distribution,種類別の分布,
Type Name,タイプ名,
Type a reply / comment,返信/コメントを入力,
Type something in the search box to search,検索ボックスに何か入力して検索してください,
Type title,タイトルを入力,
Type your reply here...,ここに返信を入力してください...,
Type:,種類:,
UI Tour,UIツアー,
UID,UID,
UIDNEXT,UIDNEXT,
UIDVALIDITY,UIDVALIDITY,
UNSEEN,未読,
"URIs for receiving authorization code once the user allows access, as well as failure responses. Typically a REST endpoint exposed by the Client App.
<br>e.g. http://hostname/api/method/frappe.integrations.oauth2_logins.login_via_facebook","ユーザーがアクセスを許可した後に認証コードを受信するためのURI、および失敗応答。通常、クライアントアプリによって公開されるRESTエンドポイントです。
<br>例: http://hostname/api/method/frappe.integrations.oauth2_logins.login_via_facebook",
URL,URL,
URL contact must start with https://,URL連絡先はhttps://で始まる必要があります,
URL for documentation or help,ドキュメントまたはヘルプのURL,
URL must start with http:// or https://,URLはhttp://またはhttps://で始まる必要があります,
URL of a human-readable page with info that developers might need.,開発者が必要とする可能性のある情報を含む、人間が読めるページのURL。,
URL of a web page providing information about the client.,クライアントに関する情報を提供するウェブページのURL。,
URL of human-readable page with info about the protected resource's terms of service.,保護されたリソースの利用規約に関する情報を含む、人間が読めるページのURL。,
URL of human-readable page with info on requirements about how the client can use the data.,クライアントがデータをどのように使用できるかに関する要件の情報を含む、人間が読めるページのURL。,
URL of the page,ページのURL,
URL that points to a human-readable policy document for the client. Should be shown to end-user before authorizing.,クライアントの人間が読めるポリシー文書を指すURL。承認前にエンドユーザーに表示されるべきです。,
URL that points to a human-readable terms of service document for the client. Should be shown to end-user before authorizing.,クライアントの人間が読める利用規約文書を指すURL。承認前にエンドユーザーに表示されるべきです。,
URL that references a logo for the client.,クライアントのロゴを参照するURL。,
URL to go to on clicking the slideshow image,スライドショー画像をクリックしたときに移動するURL,
UTM Campaign,UTMキャンペーン,
UTM Medium,UTMメディア,
UTM Source,UTMソース,
UUID,UUID,
Un-following document {0},ドキュメント{0}のフォローを解除しています,
Unable to find DocType {0},DocType {0}が見つかりません,
Unable to load camera.,カメラを読み込めません。,
Unable to load: {0},読み込みできません: {0},
Unable to open attached file. Did you export it as CSV?,添付ファイルを開けません。CSVとしてエクスポートしましたか？,
Unable to read file format for {0},{0}のファイル形式を読み取れません,
Unable to send mail because of a missing email account. Please setup default Email Account from Settings > Email Account,メールアカウントが見つからないため、メールを送信できません。設定 > メールアカウントからデフォルトのメールアカウントを設定してください。,
Unable to update event,イベントを更新できません,
Unable to write file format for {0},{0}のファイル形式を書き込めません,
Unassign Condition,割り当て解除条件,
Uncaught Exception,未処理の例外,
Unchanged,変更なし,
Uncheck modules to hide from user's desktop,チェックを外したモジュールはデスクトップに表示されません,
Undo,元に戻す,
Undo last action,最後のアクションを元に戻す,
Unfollow,フォロー解除,
Unhandled Email,未処理のメール,
Unhandled Emails,未処理のメール,
Unhide Workspace,ワークスペースの非表示を解除,
Unique,一意,
"Unique ID assigned by the client developer used to identify the client software to be dynamically registered.
<br>
<b>Should remain same</b> across multiple versions or updates of the software.","クライアント開発者によって割り当てられた一意のIDで、動的に登録されるクライアントソフトウェアを識別するために使用されます。
<br>
<b>複数のバージョンやソフトウェアの更新全体で同じである必要があります。</b>",
Unknown,不明,
Unknown Column: {0},不明な列: {0},
Unknown Rounding Method: {},不明な丸め方法: {},
Unknown User,不明なユーザー,
Unknown file encoding. Tried to use: {0},不明なファイルエンコーディング。試行したエンコーディング: {0},
Unlock Reference Document,参照ドキュメントのロックを解除,
Unpin,ピン留め解除,
Unpublish,非公開,
Unread,未読,
Unread Notification Sent,未読通知が送信されました,
Unsafe SQL query,安全でないSQLクエリ,
Unselect All,全て選択解除,
Unshared,未共有,
Unsubscribe,配信停止,
Unsubscribe Method,購読解除メソッド,
Unsubscribe Params,購読解除パラメータ,
Unsubscribed,配信停止済,
Unsupported file format: {0},サポートされていないファイル形式: {0},
Unsupported function or operator: {0},サポートされていない関数または演算子: {0},
Unsupported {0}: {1},サポートされていない{0}: {1},
Untitled Column,無題の列,
Unzip,解凍,
Unzipped {0} files,{0}個のファイルを解凍しました,
Unzipping files...,ファイルを解凍中...,
Upcoming Events for Today,今日の今後のイベント,
Update,更新,
Update Amendment Naming,修正命名を更新,
Update Available,更新が利用可能です,
Update Existing Records,既存のレコードを更新,
Update Field,フィールドを更新,
Update Hooks Resolution Order,フック解決順序を更新,
Update Order,順序を更新,
Update Password,パスワードを更新,
Update Profile,プロフィールを更新,
Update Series Counter,シリーズカウンターを更新,
Update Series Number,シリーズ番号を更新,
Update Settings,更新設定,
Update Translations,翻訳を更新,
Update Value,値を更新,
Update from Frappe Cloud,Frappe Cloudから更新,
Update {0} records,{0}件のレコードを更新,
Update {0} rows,{0} 行を更新,
Updated,更新済,
Updated Successfully,更新に成功しました,
Updated To A New Version 🎉,新しいバージョンに更新されました🎉,
Updated successfully,更新に成功しました,
Updated {0} selected {1}. Save the form to keep changes.,選択された {1} の {0} が更新されました。変更を保持するにはフォームを保存してください。,
Updating,更新中,
Updating,更新中,Freeze message while updating a document
Updating Email Queue Statuses. The emails will be picked up in the next scheduled run.,メールキューのステータスを更新しています。メールは次回のスケジュール実行で処理されます。,
Updating counter may lead to document name conflicts if not done properly,カウンターの更新を適切に行わないと、ドキュメント名の競合が発生する可能性があります,
Updating global settings,グローバル設定を更新中,
Updating naming series options,採番シリーズオプションを更新中,
Updating related fields...,関連フィールドを更新中...,
Updating search index,検索インデックスを更新中,
Updating {0},{0}を更新中,
"Updating {0} of {1}, {2}",{1}の{0}、{2}を更新中,
Upgrade plan,プランをアップグレード,
Upgrade your support experience with Frappe Helpdesk,Frappe Helpdesk でサポート業務を強化する,
Upload,アップロード,
Upload Image,画像をアップロード,
Upload User Permissions,ユーザー権限をアップロード,
Upload file,ファイルをアップロード,
Upload {0} files,{0}個のファイルをアップロード,
Uploaded To Dropbox,Dropboxにアップロードされました,
Uploaded To Google Drive,Google Driveにアップロードされました,
Uploading to Google Drive,Google ドライブにアップロードしています,
Use % for any non empty value.,空でない値には%を使用してください。,
Use ASCII encoding for password,パスワードにはASCIIエンコーディングを使用,
Use First Day of Period,期間の最初の日を使用,
Use HTML,HTMLを使用,
Use IMAP,IMAPを使用,
Use Number Format from Currency,通貨の数値形式を使用,
Use POST,POSTを使用,
Use Report Chart,レポートチャートを使用,
Use SSL,SSLを使用,
Use STARTTLS,STARTTLSを使用,
Use Serial / Batch Fields,シリアル・バッチ欄を使用する,
Use TLS,TLSを使用,
Use a few uncommon words together.,いくつかの珍しい単語を組み合わせて使用してください。,
"Use a few words, avoid common phrases.",いくつかの単語を使用し、一般的なフレーズは避けてください。,
Use ampersand to match multiple terms,複数の用語を一致させるにはアンパサンドを使用してください,
Use different Email ID,別のメールIDを使用,
Use if the default settings don't seem to detect your data correctly,デフォルト設定でデータが正しく検出されない場合に使用してください,
Use minimum of 8 characters(case sensitive) with at least one number or special character.,少なくとも1つの数字または特殊文字を含む、8文字以上（大文字と小文字を区別）を使用してください。,
Use of sub-query or function is restricted,サブクエリまたは関数の使用は制限されています,
Use strong passwords.,強力なパスワードを使用してください。,
Use the code below to complete your sign-in.,サインインを完了するには、以下のコードを使用してください。,
Use the new Print Format Builder,新しい印刷フォーマットビルダーを使用,
Use this fieldname to generate title,このフィールド名を使用してタイトルを生成,
"Use this, for example, if all sent emails should also be send to an archive.",例えば、送信されたすべてのメールをアーカイブにも送信する場合にこれを使用してください。,
Used,使用済み,
Used OAuth,OAuthを使用しました,
User,ユーザー,
User '{0}' already has the role '{1}',ユーザー「{0}」はすでにロール「{1}」を持っています,
User Activity Report,ユーザーアクティビティレポート,
User Activity Report Without Sort,ソートなしのユーザーアクティビティレポート,
User Agent,ユーザーエージェント,
User Cannot Create,ユーザーは作成できません,
User Cannot Search,ユーザーは検索できません,
User Changed,ユーザーが変更されました,
User Defaults,ユーザーのデフォルト設定,
User Details,ユーザー詳細,
User Doctype Permissions,ユーザーDocType権限,
User Document Type,ユーザー文書タイプ,
User Email,ユーザーメール,
User Emails,ユーザーメール,
User Group,ユーザーグループ,
User Group Member,ユーザーグループメンバー,
User Group Members,ユーザーグループメンバー,
User ID,ユーザーID,
User ID Property,ユーザーIDプロパティ,
User ID of a blog writer.,ブログ執筆者のユーザー ID。,
User Id,ユーザーID,
User Id Field,ユーザーIDフィールド,
User Id Field is mandatory in the user type {0},ユーザータイプ{0}ではユーザーIDフィールドが必須です,
User Image,ユーザー画像,
User Invitation,ユーザー招待,
User Menu,ユーザーメニュー,
User Name,ユーザー名,
User Permission,ユーザー権限,
User Permission DocTypes,ユーザー権限の DocType,
User Permission for Page and Report,ページとレポートのユーザー権限,
User Permissions,ユーザー権限,
User Permissions,ユーザー権限,Button in list view menu
User Permissions Manager,ユーザー権限マネージャ,
User Permissions are used to limit users to specific records.,ユーザー権限は、ユーザーを特定のレコードに制限するために使用されます。,
User Permissions created successfully,ユーザー権限が正常に作成されました,
User Role,ユーザーロール,
User Role Profile,ユーザーロールプロファイル,
User Select Document Type,ユーザー選択の文書タイプ,
User Session Display,ユーザーセッション表示,
User Social Login,ユーザーソーシャルログイン,
User Tags,ユーザータグ,
User Type,ユーザー種類,
User Type Module,ユーザータイプモジュール,
User can login using Email id or Mobile number,ユーザーはメールアドレスまたは携帯電話番号を使用してログインできます,
User can login using Email id or User Name,User can login using Email id or User名,
User is disabled,ユーザーは無効です,
User is mandatory for Share,共有にはユーザーが必須です,
User must always select,ユーザーは常に選択する必要があります,
User permission already exists,User permissionは既に存在します,
User with email address {0} does not exist,メールアドレス{0}のユーザーは存在しません,
User with email: {0} does not exist in the system. Please ask 'System Administrator' to create the user for you.,メールアドレス{0}のユーザーはシステムに存在しません。「システム管理者」にユーザーの作成を依頼してください。,
User {0} cannot be deleted,ユーザー{0}は削除できません,
User {0} cannot be disabled,ユーザー{0}は無効にできません,
User {0} cannot be renamed,ユーザー{0}は名前変更できません,
User {0} does not have access to this document,ユーザー{0}はこのドキュメントへのアクセス権がありません,
User {0} does not have doctype access via role permission for document {1},ユーザー{0}は、ドキュメント{1}に対するロール権限を介したDocTypeアクセス権がありません,
User {0} does not have the permission to create a Workspace.,ユーザー{0}にはワークスペースを作成する権限がありません。,
User {0} has requested for data deletion,ユーザー{0}はデータ削除を要求しました,
User {0} has started an impersonation session as you. <br><br><b>Reason provided:</b> {1},ユーザー{0}はあなたとして偽装セッションを開始しました。<br><br><b>理由:</b> {1},
User {0} impersonated as {1},ユーザー{0}が{1}として偽装しました,
User {0} is disabled,ユーザー{0}は無効です,
User {0} is disabled. Please contact your System Manager.,ユーザー{0}は無効です。システム管理者に連絡してください。,
User {0} is not permitted to access this document.,ユーザー{0}はこのドキュメントへのアクセスが許可されていません。,
UserRole,ユーザーロール,
Userinfo URI,ユーザー情報URI,
Username,ユーザー名,
Username {0} already exists,Username {0}は既に存在します,
Users,ユーザー,
Users are only able to delete attached files if the document is either in draft or if the document is canceled and they are also able to delete the document.,ユーザーは、ドキュメントが下書き状態であるか、キャンセルされており、かつドキュメントを削除できる場合にのみ、添付ファイルを削除できます。,
Uses system's theme to switch between light and dark mode,システムのテーマを使用してライトモードとダークモードを切り替えます,
Using this console may allow attackers to impersonate you and steal your information. Do not enter or paste code that you do not understand.,このコンソールを使用すると、攻撃者があなたになりすまし、情報を盗む可能性があります。理解できないコードを入力したり貼り付けたりしないでください。,
Utilization,利用率,
Utilization %,利用率 %,
Valid,有効,
Valid Login id required.,有効なログインIDが必要です。,
Valid email and name required,有効なメールアドレスと名前が必要です,
Validate Consumed Qty (as per BOM),消費数量を検証する（部品表基準）,
Validate Field,フィールドの検証,
Validate Frappe Mail Settings,Validate Frappe Mail設定,
Validate Material Transfer Warehouses,資材移動の倉庫を検証する,
Validate SSL Certificate,SSL証明書の検証,
Validation Error,検証エラー,
Validity,有効性,
Value,値,
Value Based On,基準値,
Value Change,値の変更,
Value Changed,値が変更されました,
Value To Be Set,設定する値,
Value Too Long,値が長すぎます,
Value cannot be changed for {0},{0}の値は変更できません,
Value cannot be negative for,値は負にできません,
Value cannot be negative for {0}: {1},{0}の値は負にできません: {1},
Value for a check field can be either 0 or 1,チェックフィールドの値は0または1のいずれかです,
Value for field {0} is too long in {1}. Length should be lesser than {2} characters,フィールド{0}の{1}の値が長すぎます。長さは{2}文字未満である必要があります,
Value for {0} cannot be a list,{0}の値はリストにできません,
Value from this field will be set as the due date in the ToDo,このフィールドの値はToDoの期日として設定されます,
Value must be one of {0},値は{0}のいずれかである必要があります,
"Value of ""None"" implies a public client. In such a case Client Secret is not given to the client and token exchange makes use of PKCE.",「None」の値はパブリッククライアントを意味します。この場合、クライアントシークレットはクライアントに提供されず、トークン交換にはPKCEが使用されます。,
Value to Validate,検証する値,
Value to set when this workflow state is applied. Use plain text (e.g. Approved) or an expression if “Evaluate as Expression” is enabled.,このワークフローステータスが適用されたときに設定する値。「式として評価」が有効な場合は、プレーンテキスト（例：承認済）または式を使用します。,
Value too big,値が大きすぎます,
Value {0} missing for {1},{1}の{0}の値がありません,
Value {0} must be in the valid duration format: d h m s,値{0}は有効な期間形式（d h m s）である必要があります,
Value {0} must in {1} format,値{0}は{1}形式である必要があります,
Values Changed,値が変更されました,
Verdana,Verdana,
Verification,検証,
Verification Code,確認コード,
Verification Link,確認リンク,
Verification code,認証コード,
Verification code email not sent. Please contact Administrator.,確認コードのメールが送信されませんでした。管理者に連絡してください。,
Verification code has been sent to your registered email address.,確認コードが登録済みのメールアドレスに送信されました。,
Verified,確認済,
Verify,確認,
Verify Password,パスワードの確認,
Verify Your Account,アカウントを確認してください,
Verifying...,検証中...,
Version,バージョン,
Version Updated,バージョンが更新されました,
Video URL,ビデオURL,
View,ビュー,
View All,すべて表示,
View Audit Trail,監査証跡を表示,
View Docs,ドキュメントを表示,
View Doctype Permissions,DocType権限を表示,
View Documentation,ドキュメントを表示,
View File,ファイルを表示,
View Full Log,完全なログを表示,
View List,ビューリスト,
View Log,ログを表示,
View Permitted Documents,許可されたドキュメントを表示,
View Properties (via Customize Form),プロパティを表示（フォームのカスタマイズ経由）,
View Report,ビューレポート,
View Settings,ビュー設定,
View Sidebar,サイドバーを表示,
View Switcher,ビュースイッチャー,
View Website,ウェブサイトを表示,
View all {0} users,すべての{0}ユーザーを表示,
View document,ドキュメントを表示,
View report in your browser,ブラウザでレポートを表示,
View this in your browser,これをブラウザで表示,
View your response,あなたの回答を表示,Button in web form
View {0},{0}を表示,
Viewed By,閲覧者,
Views,ビュー,
Virtual,仮想,
Virtual DocType {} requires a static method called {} found {},仮想DocType {}には、{}という静的メソッドが必要です。見つかったのは{}です。,
Virtual DocType {} requires overriding an instance method called {} found {},仮想DocType {}には、{}というインスタンスメソッドのオーバーライドが必要です。見つかったのは{}です。,
Virtual tables must be virtual fields,仮想テーブルは仮想フィールドである必要があります,
Visibility,可視性,
Visible to website/portal users.,ウェブサイト/ポータルユーザーに表示されます。,
Visit,訪問,
Visit Desktop,デスクトップにアクセス,
Visit Frappe Support Portal,Frappeサポートポータルにアクセス,
Visit Web Page,ウェブページにアクセス,
Visitor ID,訪問者ID,
Want to discuss?,議論したいですか？,
Warehouse,倉庫,
Warning,警告,
Warning: DATA LOSS IMMINENT! Proceeding will permanently delete following database columns from doctype {0}:,警告：データ損失の危険があります！続行すると、DocType {0}から以下のデータベース列が完全に削除されます。,
Warning: Naming is not set,警告：命名が設定されていません,
Warning: Unable to find {0} in any table related to {1},警告：{1}に関連するどのテーブルにも{0}が見つかりません,
Warning: Updating counter may lead to document name conflicts if not done properly,警告：カウンターの更新を適切に行わないと、ドキュメント名の競合が発生する可能性があります,
Warning: Usage of 'format:' is discouraged.,警告：「format:」の使用は推奨されません。,
Was this article helpful?,この記事は役に立ちましたか？,
Watch Tutorial,チュートリアルを見る,
We do not allow editing of this document. Simply click the Edit button on the workspace page to make your workspace editable and customize it as you wish,このドキュメントの編集は許可されていません。ワークスペースを編集可能にし、自由にカスタマイズするには、ワークスペースページの「編集」ボタンをクリックしてください。,
We have received a request for deletion of {0} data associated with: {1},{1}に関連する{0}データの削除リクエストを受け付けました。,
We have received a request from you to download your {0} data associated with: {1},{1}に関連する{0}データのダウンロードリクエストを受け付けました。,
We received a request to reset the password for your account. Click the button below to set a new password.,お客様のアカウントのパスワードリセットリクエストを受け付けました。新しいパスワードを設定するには、以下のボタンをクリックしてください。,
We would like to thank the authors of these packages for their contribution.,これらのパッケージの作者の方々に、その貢献に感謝いたします。,
We've received your query!,お問い合わせを受け付けました！,
Weak,弱い,
Web Form,Webフォーム,
Web Form Field,Webフォームフィールド,
Web Form Fields,Webフォームフィールド,
Web Form List Column,Webフォームリスト列,
Web Form Request,Webフォームリクエスト,
Web Form Request key is required,Webフォームリクエストキーは必須です,
Web Form Request link copied,Webフォームリクエストリンクがコピーされました,
Web Form Values,Webフォーム値,
Web Page,ウェブページ,
Web Page Block,ウェブページブロック,
Web Page URL,ウェブページURL,
Web Page View,ウェブページビュー,
Web Template,Webテンプレート,
Web Template Field,ウェブテンプレートフィールド,
Web Template Values,ウェブテンプレート値,
Web Template is not specified,ウェブテンプレートが指定されていません,
Web View,ウェブビュー,
Webhook,ウェブフック,
Webhook Data,ウェブフックデータ,
Webhook Header,ウェブフックヘッダー,
Webhook Headers,ウェブフックヘッダー,
Webhook Request,ウェブフックリクエスト,
Webhook Request Log,ウェブフックリクエストログ,
Webhook Secret,ウェブフックシークレット,
Webhook Security,ウェブフックセキュリティ,
Webhook Trigger,ウェブフックトリガー,
Webhook URL,ウェブフックURL,
Website,ウェブサイト,
Website Analytics,ウェブサイト分析,
Website Manager,ウェブサイトマネージャー,
Website Meta Tag,ウェブサイトメタタグ,
Website Route Meta,ウェブサイトルーティングメタ,
Website Route Redirect,ウェブサイトルーティングリダイレクト,
Website Script,ウェブサイトスクリプト,
Website Search Field,ウェブサイト検索フィールド,
Website Search Field must be a valid fieldname,ウェブサイト検索フィールドは有効なフィールド名である必要があります,
Website Settings,ウェブサイト設定,
Website Sidebar,ウェブサイトサイドバー,
Website Sidebar Item,ウェブサイトサイドバー項目,
Website Slideshow,ウェブサイトスライドショー,
Website Slideshow Item,ウェブサイトスライドショー項目,
Website Theme,ウェブサイトテーマ,
Website Theme Ignore App,ウェブサイトテーマ無視アプリ,
Website Theme Image,ウェブサイトテーマ画像,
Website Theme image link,ウェブサイトテーマ画像リンク,
Website Themes Available,利用可能なウェブサイトテーマ,
Website Users,ウェブサイトユーザー,
Website Visits,ウェブサイト訪問数,
"Website, email or phone where vulnerabilities can be reported. Defaults to `https://security.frappe.io`",脆弱性を報告できるウェブサイト、メール、または電話。デフォルトは `https://security.frappe.io` です,
Websocket,ウェブソケット,
Wednesday,水曜日,
Week,週,
Week of the year,年の週,
Weekdays,曜日,
Weekly,週次,
Weekly Long,毎週（長）,
Weight,重量,
Weighted Distribution,加重配分,
Welcome,ようこそ,
Welcome Email Template,Welcome Emailテンプレート,
Welcome URL,ウェルカムURL,
Welcome Workspace,ウェルカムワークスペース,
Welcome email sent,ウェルカムメールが送信されました,
Welcome to Frappe!,Frappeへようこそ！,
Welcome to the {0} workspace,{0}ワークスペースへようこそ,
Welcome to {0},{0}へようこそ,
Welcome! Please sign in to continue.,ようこそ！続行するにはサインインしてください。,
What the recipient receives by email when this notification fires. Mirrors Title/Description by default; set these to make the email differ from the in-app text.,この通知がトリガーされたときに受信者がメールで受け取る内容です。デフォルトではタイトル/説明を反映しますが、メールをアプリ内テキストと異なるものにするにはこれらを設定してください。,
What's New,新機能,
"When enabled this will allow guests to upload files to your application, You can enable this if you wish to collect files from user without having them to log in, for example in job applications web form.",これを有効にすると、ゲストがアプリケーションにファイルをアップロードできるようになります。ユーザーにログインを求めずにファイル（例：求人応募のウェブフォーム）を収集したい場合に有効にできます。,
"When sending document using email, store the PDF on Communication. Warning: This can increase your storage usage.",ドキュメントをメールで送信する際、PDFをコミュニケーションに保存します。警告：これによりストレージ使用量が増加する可能性があります。,
"When uploading files, force the use of the web-based image capture. If this is unchecked, the default behavior is to use the mobile native camera when use from a mobile is detected.",ファイルをアップロードする際、ウェブベースの画像キャプチャの使用を強制します。このチェックを外すと、モバイルからの使用が検出された場合、デフォルトの動作としてモバイルネイティブカメラが使用されます。,
Which view of the associated DocType should this shortcut take you to?,このショートカットは、関連するDocTypeのどのビューに移動しますか？,
Width,幅,
Widths can be set in px or %.,幅はpxまたは%で設定できます。,
Wildcard Filter,ワイルドカードフィルター,
"Will add ""%"" before and after the query",クエリの前後に「%」を追加します,
Will be your login ID,ログインIDになります,
Will only be shown if section headings are enabled,セクション見出しが有効な場合にのみ表示されます,
Will run scheduled jobs only once a day for inactive sites. Set it to 0 to avoid automatically disabling the scheduler.,非アクティブなサイトに対しては、スケジュールされたジョブを1日1回のみ実行します。スケジューラーの自動無効化を避けるには、0に設定してください。,
With Ledgers,元帳を含む,
With Letter head,レターヘッド付き,
Worker Information,ワーカー情報,
Worker Name,ワーカー名,
Workflow,ワークフロー,
Workflow Action,ワークフローアクション,
Workflow Action Master,ワークフローアクションマスター,
Workflow Action Name,Workflow Action名,
Workflow Action Permitted Role,ワークフローアクション許可ロール,
Workflow Action is not created for optional states,オプションの状態に対してワークフローアクションは作成されていません,
Workflow Builder,ワークフロービルダー,
Workflow Builder ID,ワークフロービルダーID,
Workflow Builder allows you to create workflows visually. You can drag and drop states and link them to create transitions. Also you can update their properties from the sidebar.,ワークフロービルダーを使用すると、ワークフローを視覚的に作成できます。状態をドラッグアンドドロップし、それらをリンクして遷移を作成できます。また、サイドバーからプロパティを更新することもできます。,
Workflow Data,ワークフローデータ,
Workflow Details,ワークフローの詳細,
Workflow Document State,ワークフロー文書状態,
Workflow Evaluation Error,ワークフロー評価エラー,
Workflow Name,Workflow名,
Workflow State,ワークフローステータス,
Workflow State Field,ワークフローステータスフィールド,
Workflow State not set,ワークフローステータスが設定されていません,
Workflow State transition not allowed from {0} to {1},ワークフローステータスの遷移は{0}から{1}へは許可されていません,
Workflow States Don't Exist,ワークフローステータスが存在しません,
Workflow Status,ワークフローステータス,
Workflow Task,ワークフロータスク,
Workflow Transition,ワークフロー遷移,
Workflow Transition Task,ワークフロー遷移タスク,
Workflow Transition Tasks,ワークフロー遷移タスク,
Workflow state represents the current state of a document.,ワークフローステータスは、ドキュメントの現在の状態を表します。,
Workflow updated successfully,ワークフローが正常に更新されました,
Workflow will start after saving.,ワークフローは保存後に開始します。,
Workflows allow you to define custom rules for the approval process of a particular document in ERPNext. You can also set complex Workflow Rules and set approval conditions.,ワークフローを使うと、ERPNext の特定の文書について承認プロセスのルールを独自に定義できます。複雑なワークフロールールや承認条件を設定することもできます。,
Workspace,ワークスペース,
Workspace <b>{0}</b> does not exist,ワークスペース<b>{0}</b>は存在しません,
Workspace Chart,ワークスペースチャート,
Workspace Custom Block,ワークスペースカスタムブロック,
Workspace Link,ワークスペースリンク,
Workspace Manager,ワークスペースマネージャー,
Workspace Number Card,ワークスペース数値カード,
Workspace Quick List,ワークスペースのクイックリスト,
Workspace Shortcut,ワークスペースショートカット,
Workspace Sidebar,ワークスペースサイドバー,
Workspace Sidebar Item,ワークスペースサイドバー項目,
Workspace added to desktop,ワークスペースがデスクトップに追加されました,
Workspace {0} Created Successfully,ワークスペース {0} を作成しました,
Workspace {0} Deleted Successfully,ワークスペース {0} を削除しました,
Workspace {0} Edited Successfully,ワークスペース {0} を編集しました,
Workspace {0} created,ワークスペース{0}が作成されました,
Workspaces,ワークスペース,
Would you like to publish this comment? This means it will become visible to website/portal users.,このコメントを公開しますか？これにより、ウェブサイト/ポータルユーザーに表示されるようになります。,
Would you like to unpublish this comment? This means it will no longer be visible to website/portal users.,このコメントの公開を停止しますか？これにより、ウェブサイト/ポータルユーザーには表示されなくなります。,
Wrapping up,最終処理中,
Write,書き込み,
Wrong Fetch From value,不正な取得元値,
X Axis Field,X軸フィールド,
X Field,Xフィールド,
XLSX,XLSX,
XMLHttpRequest Error,XMLHttpRequest エラー,
Y Axis,Y軸,
Y Axis Fields,Y軸フィールド,
Y Field,Yフィールド,
Yahoo Mail,Yahoo Mail,
Yandex.Mail,Yandex.Mail,
Year,年,
Year in 2 digits,2桁の年,
Year in 4 digits,4桁の年,
Yearly,年次,
Yellow,黄色,
Yes,はい,
Yes,はい,Approve confirmation dialog
Yes,はい,Checkbox is checked
Yesterday,昨日,
You,あなた,Name of the current user. For example: You edited this 5 hours ago.
You Liked,いいねしました,
You added 1 row to {0},{0} に1行追加しました,
You added {0} rows to {1},{1} に {0} 行追加しました,
"You are about to open an external link. To confirm, click the link again.",外部リンクを開こうとしています。確認するには、もう一度リンクをクリックしてください。,
You are connected to internet.,インターネットに接続されています。,
You are not allowed to access this resource,このリソースにアクセスする権限がありません,
You are not allowed to access this {0} record because it is linked to {1} '{2}' in field {3},フィールド {3} の {1} '{2}' にリンクされているため、この {0} レコードにアクセスする権限がありません,
"You are not allowed to access this {0} record because it is linked to {1} '{2}' in row {3}, field {4}",行 {3}、フィールド {4} の {1} '{2}' にリンクされているため、この {0} レコードにアクセスする権限がありません,
You are not allowed to create columns,列を作成する権限がありません,
You are not allowed to delete Standard Report,You are not allowed to delete Standardレポート,
You are not allowed to delete a standard Notification. You can disable it instead.,標準の通知を削除する権限はありません。代わりに無効化できます。,
You are not allowed to delete a standard Website Theme,標準のウェブサイトテーマを削除する権限はありません,
You are not allowed to edit the report.,レポートを編集する権限がありません。,
You are not allowed to export {} doctype,{} ドキュメントタイプをエクスポートする権限がありません,
You are not allowed to print this report,このレポートを印刷する権限がありません,
You are not allowed to send emails related to this document,このドキュメントに関連するメールを送信する権限がありません,
You are not allowed to update attendance for another user.,他のユーザーの勤怠を更新する権限がありません。,
You are not allowed to update this Web Form Document,このウェブフォームドキュメントを更新する権限がありません,
You are not allowed to view events for another user.,他のユーザーのイベントを表示する権限がありません。,
You are not authorized to undo this email,このメールを元に戻す権限がありません,
You are not connected to Internet. Retry after sometime.,インターネットに接続されていません。しばらくしてから再試行してください。,
You are not permitted to access this page without login.,ログインせずにこのページにアクセスすることは許可されていません。,
You are not permitted to access this page.,このページにアクセスすることは許可されていません。,
You are not permitted to access this resource. Login to access,このリソースにアクセスすることは許可されていません。アクセスするにはログインしてください,
You are now following this document. You will receive daily updates via email. You can change this in User Settings.,このドキュメントをフォローしました。毎日メールで更新情報を受け取ります。これはユーザー設定で変更できます。,
"You are only allowed to update order, do not remove or add apps.",注文の更新のみが許可されており、アプリの削除や追加はできません。,
"You are selecting Sync Option as ALL, It will resync all read as well as unread message from server. This may also cause the duplication of Communication (emails).",同期オプションとして「すべて」を選択しています。これにより、サーバーから既読および未読のメッセージがすべて再同期されます。これにより、コミュニケーション（メール）が重複する可能性もあります。,
You attached {0},{0} を添付しました,Form timeline
You can add dynamic properties from the document by using Jinja templating.,Jinjaテンプレートを使用して、ドキュメントから動的なプロパティを追加できます。,
You can also access wkhtmltopdf variables (valid only in PDF print):,wkhtmltopdf変数にもアクセスできます（PDF印刷でのみ有効）：,
You can also copy-paste following link in your browser,以下のリンクをブラウザにコピー＆ペーストすることもできます,
You can also copy-paste this,これをコピー＆ペーストすることもできます,
You can also copy-paste this {0} to your browser,この {0} をブラウザにコピー＆ペーストすることもできます,
You can also use variables in the series name by putting them between (.) dots,シリーズ名に変数を使用することもできます。その場合は、変数を(.)ドットで囲んでください,
You can ask your team to resend the invitation if you'd still like to join.,まだ参加したい場合は、チームに招待を再送するよう依頼できます。,
You can change the retention policy from {0}.,{0} から保持ポリシーを変更できます。,
You can continue with the onboarding after exploring this page,このページを探索した後、オンボーディングを続行できます,
You can disable this {0} instead of deleting it.,この {0} は削除する代わりに無効化できます。,
You can increase the limit from System Settings.,システム設定から制限を増やすことができます。,
You can manually remove the lock if you think it's safe: {},安全だと判断した場合は、手動でロックを解除できます：{},
You can only edit your own replies.,自分の返信のみ編集できます。,
You can only follow documents for yourself.,自分のドキュメントのみフォローできます。,
You can only insert images in Markdown fields,Markdownフィールドには画像を挿入することしかできません,
You can only print upto {0} documents at a time,一度に最大 {0} 件のドキュメントしか印刷できません,
You can only unfollow documents for yourself.,自分のドキュメントのみフォロー解除できます。,
"You can only upload JPG, PNG, GIF, PDF, TXT, CSV or Microsoft documents.",JPG、PNG、GIF、PDF、TXT、CSV、またはMicrosoftドキュメントのみをアップロードできます。,
You can only upload upto 5000 records in one go. (may be less in some cases),一度に最大5000レコードまでしかアップロードできません。（場合によってはそれ以下）,
"You can select one from the following,",以下から1つ選択できます。,
You can set a high value here if multiple users will be logging in from the same network.,複数のユーザーが同じネットワークからログインする場合、ここに高い値を設定できます。,
You can try changing the filters of your report.,レポートのフィルターを変更してみてください。,
You can use Customize Form to set levels on fields.,フォームのカスタマイズを使用して、フィールドのレベルを設定できます。,
You can't set 'Options' for field {0},フィールド {0} に「オプション」を設定することはできません,
You can't set 'Translatable' for field {0},フィールド {0} に「翻訳可能」を設定することはできません,
You can't set standard field {0} as virtual,標準フィールド {0} を仮想として設定することはできません,
You cancelled this document,このドキュメントをキャンセルしました,Form timeline
You cancelled this document {1},このドキュメント {1} をキャンセルしました,Form timeline
You cannot create a dashboard chart from single DocTypes,単一のDocTypeからダッシュボードチャートを作成することはできません,
You cannot share `{0}` on {1} `{2}` as you do not have `{0}` permission on `{1}`,{1} の `{0}` 権限がないため、{1} `{2}` で `{0}` を共有することはできません,
You cannot unset 'Read Only' for field {0},フィールド {0} の「読み取り専用」を解除することはできません,
You changed the value of {0},{0} の値を変更しました,
You changed the value of {0} {1},{0} {1} の値を変更しました,
You changed the values for {0},{0} の値を変更しました,
You changed the values for {0} {1},{0} {1} の値を変更しました,
You changed {0} to {1},{0} を {1} に変更しました,Form timeline
You created this,これを作成しました,
You created this document,このドキュメントを作成しました,
You created this document {0},このドキュメント {0} を作成しました,Form timeline
You do not have access to Cloud Settings for this site.,このサイトのクラウド設定にアクセスする権限がありません。,
You do not have enough permissions to access this resource. Please contact your manager to get access.,このリソースにアクセスするための十分な権限がありません。アクセスするにはマネージャーに連絡してください。,
You do not have enough permissions to complete the action,アクションを完了するための十分な権限がありません,
You do not have import permission for {0},{0} のインポート権限がありません,
You do not have permission to access child table field: {0},子テーブルフィールド {0} にアクセスする権限がありません,
You do not have permission to access field: {0},フィールド {0} にアクセスする権限がありません,
You do not have permission to access this file,このファイルにアクセスする権限がありません,
You do not have permission to access {0}: {1}.,{0}: {1} にアクセスする権限がありません。,
You do not have permission to create or restore documents of type {0}.,{0}タイプのドキュメントを作成または復元する権限がありません。,
You do not have permission to restore this document.,このドキュメントを復元する権限がありません。,
You do not have permissions to cancel all linked documents.,リンクされているすべてのドキュメントをキャンセルする権限がありません。,
You don't have access to Report: {0},レポート: {0} にアクセスする権限がありません,
You don't have permission to access the {0} DocType.,{0} DocType にアクセスする権限がありません。,
You don't have permission to access this file,このファイルにアクセスする権限がありません,
You don't have permission to create Report records.,レポートレコードを作成する権限がありません。,
You don't have permission to create report for {0},{0}のレポートを作成する権限がありません,
You don't have permission to get a report on: {0},{0} のレポートを取得する権限がありません,
You don't have permission to read/attach the file {0}.,ファイル{0}を読み取り/添付する権限がありません。,
You don't have the permissions to access this document,このドキュメントにアクセスする権限がありません,
You have a new message from:,新しいメッセージがあります:,
You have been successfully logged out,正常にログアウトしました,
You have hit the row size limit on database table: {0},データベーステーブル {0} の行サイズ制限に達しました,
You have not entered a value. The field will be set to empty.,値を入力していません。フィールドは空に設定されます。,
You have subscribed for one user free plan,1ユーザーの無料プランに登録済です,
You have to enable Two Factor Auth from System Settings.,システム設定から二要素認証を有効にする必要があります。,
You have unsaved changes in this form. Please save before you continue.,このフォームには未保存の変更があります。続行する前に保存してください。,
You have unseen notifications,未読の通知があります,
You have unseen {0},未読の {0} があります,
You haven't added any Dashboard Charts or Number Cards yet.,まだダッシュボードチャートやナンバーカードを追加していません。,
You haven't created a {0} yet,{0} はまだ作成されていません,
You hit the rate limit because of too many requests. Please try after sometime.,リクエストが多すぎるため、レート制限に達しました。しばらくしてから再試行してください。,
You last edited this,最後にこれを編集しました,
You must add atleast one link.,少なくとも1つのリンクを追加する必要があります。,
You must be logged in to use this form.,このフォームを使用するにはログインしている必要があります。,
You must login to submit this form,このフォームを提出するにはログインする必要があります,
You must login to use this form,このフォームを使用するにはログインする必要があります,
You need the '{0}' permission on {1} {2} to perform this action.,このアクションを実行するには、{1} {2} に対する「{0}」権限が必要です。,
You need the Workspace Manager role to edit this workspace.,このワークスペースを編集するには、ワークスペースマネージャーのロールが必要です。,
You need to be Workspace Manager to delete a public workspace.,公開ワークスペースを削除するには、ワークスペースマネージャーである必要があります。,
You need to be Workspace Manager to edit this document,このドキュメントを編集するには、ワークスペースマネージャーである必要があります,
You need to be a system user to access this page.,このページにアクセスするには、システムユーザーである必要があります。,
You need to be in developer mode to edit a Standard Web Form,標準ウェブフォームを編集するには、開発者モードである必要があります。,
You need to be logged in and have System Manager Role to be able to access backups.,バックアップにアクセスするには、ログインし、システムマネージャーのロールを持っている必要があります。,
You need to be logged in to access this page,このページにアクセスするには、ログインする必要があります。,
You need to be logged in to access this {0}.,この{0}にアクセスするには、ログインする必要があります。,
You need to be {0} to rename this document,このドキュメントの名前を変更するには、{0}である必要があります。,
You need to create these first:,まずこれらを作成する必要があります:,
You need to create these first: ,先に次を作成する必要があります: ,
You need to enable JavaScript for your app to work.,アプリを動作させるには、JavaScriptを有効にする必要があります。,
"You need to have ""Share"" permission",「共有」権限が必要です。,
You need to install pycups to use this feature!,この機能を使用するには、pycupsをインストールする必要があります！,
You need to select indexes you want to add first.,まず追加したいインデックスを選択する必要があります。,
You need to set one IMAP folder for {0},{0}にIMAPフォルダを1つ設定する必要があります。,
You need write permission on {0} {1} to merge,マージするには、{0} {1}に対する書き込み権限が必要です。,
You need write permission on {0} {1} to rename,名前を変更するには、{0} {1}に対する書き込み権限が必要です。,
You need write permissions to add attachments to this record.,このレコードに添付ファイルを追加するには、書き込み権限が必要です。,
You need {0} permission to fetch values from {1} {2},{1} {2}から値を取得するには、{0}権限が必要です。,
You removed 1 row from {0},{0}から1行を削除しました。,
You removed attachment {0},添付ファイル{0}を削除しました。,Form timeline
You removed {0} rows from {1},{1}から{0}行を削除しました。,
You seem good to go!,準備万端のようです！,
You seem to have written your name instead of your email. Please enter a valid email address so that we can get back.,メールアドレスの代わりに名前を入力されたようです。ご連絡できるよう、有効なメールアドレスを入力してください。,
You selected Draft or Cancelled documents,下書きまたはキャンセルされたドキュメントを選択しました。,
You submitted this document,このドキュメントを提出しました。,Form timeline
You submitted this document {0},このドキュメント{0}を提出しました。,Form timeline
You unfollowed this document,このドキュメントのフォローを解除しました。,
You viewed this,これを閲覧しました。,
You will be redirected to:,以下にリダイレクトされます:,
You've been invited,招待されました,
You've been invited to join {0},{0}への参加に招待されました。,
You've been invited to join {0}.,{0}への参加に招待されました。,
You've logged in as another user from another tab. Refresh this page to continue using system.,別のタブから別のユーザーとしてログインしました。システムを継続して使用するには、このページを更新してください。,
"Your CSV file is being generated and will appear in the Attachments section once ready. Additionally, you will get notified when the file is available for download.",CSVファイルが生成されており、準備が整い次第、添付ファイルセクションに表示されます。また、ファイルがダウンロード可能になった際にも通知されます。,
Your Country,あなたの国,
Your Language,あなたの言語,
Your Name,Your名,
Your PDF is ready for download,PDFのダウンロード準備ができました。,
Your Shortcuts,あなたのショートカット,
Your account has been deleted,アカウントが削除されました,
Your account has been locked and will resume after {0} seconds,あなたのアカウントはロックされました。{0}秒後に再開されます。,
Your assignment on {0} {1} has been removed by {2},{0} {1}へのあなたの割り当ては{2}によって削除されました。,
Your authorization attempt is invalid or has expired. Please try again.,認証試行が無効であるか、期限切れです。もう一度お試しください。,
Your browser does not support the audio element.,お使いのブラウザはオーディオ要素をサポートしていません。,
Your browser does not support the video element.,お使いのブラウザはビデオ要素をサポートしていません。,
Your connection request to Google Calendar was successfully accepted,Googleカレンダーへの接続リクエストが正常に承認されました。,
Your email address,あなたのメールアドレス,
Your exported report: {0},エクスポートされたレポート: {0},
Your form has been successfully updated,フォームが正常に更新されました。,
Your invitation to join {0} has been cancelled by the site administrator.,{0}への招待はサイト管理者によってキャンセルされました。,
Your invitation to join {0} has expired.,{0}への招待は期限切れになりました。,
Your login ID is:,あなたのログインIDは:,
Your login attempt is invalid or has expired. Please try again.,ログイン試行が無効であるか、期限切れです。もう一度お試しください。,
Your login id is,あなたのログインIDは,
Your new password has been set successfully.,新しいパスワードが正常に設定されました。,
Your old password is incorrect.,古いパスワードが正しくありません。,
Your organization name and address for the email footer.,メールフッターに表示される組織名と住所。,
Your password has been changed and you might have been logged out of all systems.<br>Please contact the Administrator for further assistance.,パスワードが変更され、すべてのシステムからログアウトされた可能性があります。<br>詳細については、管理者にお問い合わせください。,
Your password has expired. Please set a new password.,パスワードの有効期限が切れました。新しいパスワードを設定してください。,
"Your query has been received. We will reply back shortly. If you have any additional information, please reply to this mail.",お問い合わせを受け付けました。追ってご連絡いたします。追加情報がある場合は、このメールに返信してください。,
Your report is being generated in the background. You will receive an email on {0} with a download link once it is ready.,レポートはバックグラウンドで生成されています。準備が整い次第、ダウンロードリンク付きのメールが{0}に送信されます。,
"Your session has expired, please login again to continue.",セッションの有効期限が切れました。続行するには再度ログインしてください。,
Your site is undergoing maintenance or being updated.,サイトはメンテナンスまたは更新の作業中です。,
Your verification code is {0},あなたの認証コードは{0}です。,
Your website is all set up!,ウェブサイトの設定がすべて完了しました。,
Zero,ゼロ,
Zero means send records updated at anytime,ゼロは、いつでも更新されたレコードを送信することを意味します。,
Zip file extracts to more than the maximum allowed size of {0} MB,Zipファイルの展開サイズが、許可されている最大サイズ{0} MBを超えています,
[Action taken by {0}],[{0}によるアクション],
`as_iterator` only works with `as_list=True` or `as_dict=True`,`as_iterator`は`as_list=True`または`as_dict=True`の場合にのみ機能します。,
`doctype` and `fieldname` are required for deleting property setters.,プロパティセッターを削除するには、`doctype`と`fieldname`が必要です。,
`job_id` paramater is required for deduplication.,重複排除には`job_id`パラメータが必要です。,
added {0} row(s) to {1},{1}に{0}行を追加しました,
after_insert,after_insert,
amend,修正,
and,および,
and {0} more,その他{0}件,
ascending,昇順,
blue,青,
by Role,ロール別,
cProfile Output,cProfile出力,
calendar,カレンダー,
cancel,キャンセル,
canceled,キャンセル済,
cancelled this document,このドキュメントをキャンセルしました,
changed {0},{0}を変更しました,
chrome,Chrome,
clear,クリア,
cleared {0},{0}をクリアしました,
commented,コメント済,
completed,完了,
create,作成,
cyan,シアン,
d,d,Days (Field: Duration)
darkgrey,ダークグレー,
dashboard,ダッシュボード,
dd-mm-yyyy,dd-mm-yyyy,
dd.mm.yyyy,dd.mm.yyyy,
dd/mm/yyyy,dd/mm/yyyy,
default,デフォルト,
deferred,延期,
delete,削除,
descending,降順,
e.g.,例:,
"e.g. ""Support"", ""Sales"", ""Jerry Yang""",例: 「サポート」、「営業」、「Jerry Yang」,
e.g. pop.gmail.com / imap.gmail.com,例: pop.gmail.com / imap.gmail.com,
e.g. replies@yourcomany.com. All replies will come to this inbox.,例: replies@yourcompany.com。すべての返信はこの受信箱に届きます。,
e.g. smtp.gmail.com,例: smtp.gmail.com,
e.g.:,例:,
emacs,Emacs,
email,メール,
email inbox,メール受信箱,
empty,空,
empty,空,Comparison value is empty
export,エクスポート,
facebook,Facebook,
failed,失敗,
fairlogin,fairlogin,
fieldname on the document e.g.,ドキュメント上のフィールド名 例:,
finished,完了,
found,見つかりました,
gray,グレー,
green,緑,
grey,灰色,
gzip not found in PATH! This is required to take a backup.,PATHにgzipが見つかりません！これはバックアップを取るために必要です。,
h,時,Hours (Field: Duration)
hub,ハブ,
icon,アイコン,
import,インポート,
is disabled,無効です,
is enabled,有効です,
jane@example.com,jane@example.com,
just now,たった今,
label,ラベル,
light-blue,水色,
linkedin,LinkedIn,
logged in,ログイン済み,
login_required,login_required,
long,長い,
m,分,Minutes (Field: Duration)
merged {0} into {1},{0}を{1}にマージしました,
mm-dd-yyyy,mm-dd-yyyy,
mm/dd/yyyy,mm/dd/yyyy,
new,新規,
no failed attempts,失敗した試行はありません,
nonce,ノンス,
notified,通知済み,
now,今,
of,の,
old_parent,old_parent,
on_cancel,on_cancel,
on_change,on_change,
on_submit,on_submit,
on_trash,on_trash,
on_update,on_update,
on_update_after_submit,on_update_after_submit,
or,または,
orange,オレンジ,
pink,ピンク,
plain,プレーン,
print,印刷,
processlist,プロセスリスト,
purple,紫,
queued,キュー済み,
quotation_item,見積品目,
read,読み取り,
red,赤,
removed {0} row(s) from {1},{1}から{0}行を削除しました,
renamed from {0} to {1},{0}から{1}に名前が変更されました,
report,レポート,
response,応答,
restored {0} as {1},{0}を{1}として復元しました,
result,結果,
results,結果,
row,行,
rows,行,
s,秒,Seconds (Field: Duration)
s256,s256,
scheduled,スケジュール済み,
select,選択,
set {0} to,{0}をに設定,
set {0} to {1} in row #{2},{0}を{1}に設定（行#{2}）,
share,共有,
short,短い,
since last month,先月から,
since last week,先週から,
since last year,昨年から,
since yesterday,昨日から,
started,開始済み,
starting the setup...,セットアップを開始しています...,
steps completed,完了したステップ,
"string value, i.e. group",文字列値、例：group,
"string value, i.e. member",文字列値、例：member,
"string value, i.e. {0} or uid={0},ou=users,dc=example,dc=com","文字列値、例：{0} または uid={0},ou=users,dc=example,dc=com",
submit,提出,
submitted this document,このドキュメントを提出しました,
this form,このフォーム,
this shouldn't break,これは壊れないはずです,
to close,閉じる,
to navigate,移動する,
to open Awesome Bar,Awesome Barを開く,
to open Global Search,グローバル検索を開く,
to select,選択する,
to your browser,あなたのブラウザへ,
twitter,Twitter,
updated to {0},{0}に更新されました,
updated {0},{0}を更新しました,
use % as wildcard,%をワイルドカードとして使用,
user_image_show,ユーザー画像を表示,
values separated by commas,コンマで区切られた値,
version_table,version_table,
via Assignment Rule,割り当てルール経由,
via Auto Repeat,自動繰り返し経由,
via Data Import,データインポート経由,
via Google Meet,Google Meet経由,
via Notification,通知経由,
via {0},{0}経由,
vim,Vim,
vscode,VS Code,
wants to access the following details from your account,あなたのアカウントから以下の詳細にアクセスしようとしています,
when clicked on element it will focus popover if present.,要素をクリックすると、ポップオーバーがあればそこにフォーカスします。,
wkhtmltopdf,wkhtmltopdf,
wkhtmltopdf 0.12.x (with patched qt).,wkhtmltopdf 0.12.x (パッチ適用済みQtを使用)。,
workflow_transition,workflow_transition,
write,書き込み,
yellow,黄色,
yesterday,昨日,
yyyy-mm-dd,yyyy-mm-dd,
{0},{0},
"{0} ${skip_list ? """" : type}","{0} ${skip_list ? """" : type}",
{0} ${type},{0} ${type},
{0} ({1}),{0} ({1}),
{0} ({1}) (1 row mandatory),{0} ({1}) (1行必須),
{0} ({1}) - {2}%,{0} ({1}) - {2}%,
{0} = {1},{0} = {1},
{0} Calendar,{0} カレンダー,
{0} Chart,{0} チャート,
{0} Dashboard,{0} ダッシュボード,
{0} Fields,{0} フィールド,
{0} Google Calendar Events synced.,{0} Googleカレンダーイベントが同期されました。,
{0} Google Contacts synced.,{0} Google連絡先が同期されました。,
{0} Liked,{0} が「いいね」しました,
{0} List,{0}リスト,
{0} List View Settings,{0} List View設定,
{0} M,{0} M,
{0} Map,{0} マップ,
{0} Name,{0}名,
{0} Naming Series,{0}命名シリーズ,
{0} Not allowed to change {1} after submission from {2} to {3},{0} は、提出後に {2} から {3} へ {1} を変更することは許可されていません,
{0} Report,{0}レポート,
{0} Reports,{0} レポート,
{0} Settings,{0}設定,
{0} Tree,{0} ツリー,
{0} Web page views,{0} ウェブページビュー,
{0} Workspace,{0} ワークスペース,
{0} added,{0} が追加されました,
{0} added 1 row to {1},{0} が {1} に1行追加しました,
{0} added {1} rows to {2},{0} が {2} に {1} 行追加しました,
{0} already exists. Select another name,{0} は既に存在します。別の名前を選択してください,
{0} already unsubscribed,{0} は既に購読解除されています,
{0} already unsubscribed for {1} {2},{0} は {1} {2} の購読を既に解除しています,
{0} and {1},{0} と {1},
{0} appreciation point for {1},{1} に対する称賛ポイント {0},
{0} appreciation points for {1},{1} に対する称賛ポイント {0},
{0} are currently {1},{0} は現在 {1} です,
{0} are required,{0} は必須です,
{0} assigned a new task {1} {2} to you,{0} が新しいタスク {1} {2} をあなたに割り当てました,
{0} assigned {1}: {2},{0} が {1}: {2} を割り当てました,
{0} attached {1},{0} が {1} を添付しました,Form timeline
{0} can not be more than {1},{0} は {1} より大きくすることはできません,
{0} cancelled this document,{0} がこのドキュメントをキャンセルしました,
{0} cancelled this document {1},{0} がこのドキュメント {1} をキャンセルしました,Form timeline
{0} cannot be amended because it is not cancelled. Please cancel the document before creating an amendment.,{0} はキャンセルされていないため修正できません。修正を作成する前にドキュメントをキャンセルしてください。,
{0} cannot be hidden and mandatory without any default value,{0} は、デフォルト値なしで非表示かつ必須にすることはできません,
{0} changed the value of {1},{0} が {1} の値を変更しました,
{0} changed the value of {1} {2},{0} が {1} {2} の値を変更しました,
{0} changed the values for {1},{0} が {1} の値を変更しました,
{0} changed the values for {1} {2},{0} が {1} {2} の値を変更しました,
{0} changed {1} to {2},{0} が {1} を {2} に変更しました,Form timeline
"{0} contains an invalid Fetch From expression, Fetch From can't be self-referential.",{0} には無効な「Fetch From」式が含まれています。「Fetch From」は自己参照できません。,
{0} contains invalid field(s): {1},{0}には無効なフィールドが含まれています: {1},
{0} contains {1},{0} には {1} が含まれています,
{0} created successfully,{0} が正常に作成されました,
{0} created this,{0} がこれを作成しました,
{0} created this document,{0}がこのドキュメントを作成しました,
{0} created this document {1},{0} がこのドキュメント {1} を作成しました,Form timeline
{0} criticism point for {1},{1} に対する指摘ポイント {0},
{0} criticism points for {1},{1} に対する指摘ポイント {0},
{0} d,{0} 日,
{0} days ago,{0} 日前,
{0} does not contain {1},{0} には {1} が含まれていません,
{0} does not exist,{0}は存在しません,
{0} does not exist in row {1},{0} は {1} 行目に存在しません,
{0} equals {1},{0} は {1} と等しい,
"{0} field cannot be set as unique in {1}, as there are non-unique existing values",{0} フィールドは、既存の値に一意でないものがあるため、{1} で一意に設定することはできません,
{0} format could not be determined from the values in this column. Defaulting to {1}.,この列の値から {0} 形式を判別できませんでした。{1} にデフォルト設定されます。,
{0} from {1} to {2},{1} から {2} への {0},
{0} from {1} to {2} in row #{3},{3} 行目の {1} から {2} への {0},
{0} h,{0} 時間,
{0} has already assigned default value for {1}.,{0} は既に {1} のデフォルト値を割り当てています。,
{0} has invalid backtick notation: {1},{0} には無効なバッククォート表記があります: {1},
{0} has left the conversation in {1} {2},{0} は {1} {2} の会話を退出しました,
{0} hours ago,{0} 時間前,
{0} if you are not redirected within {1} seconds,{1} 秒以内にリダイレクトされない場合は {0},
{0} in row {1} cannot have both URL and child items,{1} 行目の {0} は、URLと子アイテムの両方を持つことはできません,
{0} is a built-in Notification Type and cannot be deleted. Disable it instead.,{0}は組み込みの通知種類であり、削除できません。代わりに無効にしてください。,
{0} is a descendant of {1},{0} は {1} の子孫です,
{0} is a mandatory field,{0} は必須フィールドです,
{0} is a not a valid zip file,{0} は有効なzipファイルではありません,
{0} is after {1},{0} は {1} より後です,
{0} is an ancestor of {1},{0} は {1} の祖先です,
{0} is an invalid Data field.,{0} は無効なデータフィールドです。,
{0} is an invalid email address in 'Recipients',{0} は「受信者」内の無効なメールアドレスです,
{0} is before {1},{0} は {1} より前です,
{0} is between {1},{0} は {1} の間です,
{0} is between {1} and {2},{0} は {1} と {2} の間です,
{0} is currently {1},{0} は現在 {1} です,
{0} is disabled,{0} は無効です,
{0} is enabled,{0} は有効です,
{0} is equal to {1},{0} は {1} と等しい,
{0} is greater than or equal to {1},{0} は {1} 以上です,
{0} is greater than {1},{0} は {1} より大きい,
{0} is less than or equal to {1},{0} は {1} 以下です,
{0} is less than {1},{0} は {1} より小さい,
{0} is like {1},{0} は {1} のようです,
{0} is mandatory,{0}は必須です,
{0} is not a descendant of {1},{0} は {1} の子孫ではありません,
{0} is not a field of doctype {1},{0} は DocType {1} のフィールドではありません,
{0} is not a raw printing format.,{0} は生印刷形式ではありません。,
{0} is not a valid Calendar. Redirecting to default Calendar.,{0} は有効なカレンダーではありません。デフォルトのカレンダーにリダイレクトします。,
{0} is not a valid Cron expression.,{0} は有効なCron式ではありません。,
{0} is not a valid DocType for Dynamic Link,{0} は動的リンクの有効なDocTypeではありません,
{0} is not a valid Email Address,{0} は有効なメールアドレスではありません,
{0} is not a valid ISO 3166 ALPHA-2 code.,{0} は有効なISO 3166 ALPHA-2コードではありません。,
{0} is not a valid Name,{0} is not a valid名,
{0} is not a valid Phone Number,{0} は有効な電話番号ではありません,
{0} is not a valid Workflow State. Please update your Workflow and try again.,{0} は有効なワークフローステータスではありません。ワークフローを更新して、もう一度お試しください。,
{0} is not a valid field of {1},{0}は{1}の有効なフィールドではありません,
{0} is not a valid parent DocType for {1},{0} は {1} の有効な親DocTypeではありません,
{0} is not a valid parentfield for {1},{0} は {1} の有効な親フィールドではありません,
{0} is not a valid report format. Report format should one of the following {1},{0} は有効なレポート形式ではありません。レポート形式は次のいずれかである必要があります: {1},
{0} is not a zip file,{0} はzipファイルではありません,
{0} is not an allowed role for {1},{0} は {1} に許可されたロールではありません,
{0} is not an ancestor of {1},{0} は {1} の祖先ではありません,
{0} is not equal to {1},{0} は {1} と等しくない,
{0} is not like {1},{0} は {1} のようではありません,
{0} is not one of {1},{0} は {1} のいずれでもありません,
{0} is not set,{0} は設定されていません,
{0} is now default print format for {1} doctype,{0} は現在、DocType {1} のデフォルト印刷形式です,
{0} is on or after {1},{0} は {1} 以降です,
{0} is on or before {1},{0} は {1} 以前です,
{0} is one of {1},{0} は {1} のいずれかです,
{0} is required,{0}は必須です,
{0} is required.,{0}は必須です。,
{0} is set,{0} が設定されています,
{0} is within {1},{0} は {1} 以内です,
{0} is {1},{0} は {1} です,
{0} items selected,{0} 個の品目が選択されました,
{0} just impersonated as you. They gave this reason: {1},{0} があなたとして偽装しました。理由は次のとおりです: {1},
{0} last edited this,{0} がこれを最後に編集しました,
{0} liked,{0}がいいねしました,
{0} logged in,{0} がログインしました,
{0} logged out: {1},{0} がログアウトしました: {1},
{0} m,{0} m,
{0} mentioned you in a comment in {1} {2},{0} が {1} {2} のコメントであなたに言及しました,
{0} minutes ago,{0} 分前,
{0} months ago,{0} ヶ月前,
{0} must be after {1},{0} は {1} より後である必要があります,
{0} must be beginning with '{1}',{0} は '{1}' で始まる必要があります,
{0} must be equal to '{1}',{0} は '{1}' と等しい必要があります,
{0} must be none of {1},{0} は {1} のいずれでもない必要があります,
{0} must be one of {1},{0} は {1} のいずれかである必要があります,
{0} must be set first,{0} を最初に設定する必要があります,
{0} must be unique,{0} は一意である必要があります,
{0} must be {1} {2},{0} は {1} {2} である必要があります,
"{0} must begin and end with a letter and can only contain letters, hyphen or underscore.",{0} は文字で始まり、文字で終わる必要があり、文字、ハイフン、またはアンダースコアのみを含めることができます。,
"{0} never sends email, so it cannot be enabled for users.",{0}はメールを送信しないため、ユーザーに対して有効にすることはできません。,
{0} not a valid State,{0} は有効な状態ではありません,
{0} not allowed to be renamed,{0} は名前変更が許可されていません,
{0} of {1},{1} の {0},
{0} of {1} ({2} rows with children),{1} の {0} ({2} 行に子があります),
{0} of {1} records match (filtered on visible rows only),{1} 件のレコードのうち {0} 件が一致しました (表示されている行のみでフィルタリング),
{0} of {1} sent,{1} 件中 {0} 件を送信,
{0} only.,{0} のみ。,Money in words
{0} or {1},{0} または {1},
{0} record deleted,{0} 件のレコードが削除されました,
{0} records are not automatically deleted.,{0} 件のレコードは自動的に削除されません。,
{0} records are retained for {1} days.,{0} 件のレコードは {1} 日間保持されます。,
{0} records deleted,{0} 件のレコードが削除されました,
{0} records will be exported,{0} 件のレコードがエクスポートされます,
{0} removed 1 row from {1},{0} が {1} から 1 行を削除しました,
{0} removed attachment {1},{0} が添付ファイル {1} を削除しました,Form timeline
{0} removed their assignment.,{0} が割り当てを解除しました。,
{0} removed {1} rows from {2},{0} が {2} から {1} 行を削除しました,
{0} restricted document,{0} 制限付きドキュメント,
{0} restricted documents,{0} 制限付きドキュメント,
{0} role does not have permission on any doctype,{0} ロールはどの DocType に対しても権限がありません,
{0} row #{1}:,{0} 行 #{1}:,
{0} rows from {1},{1} から {0} 行,User removed rows from child table
{0} rows to {1},{0} 行から {1} 行,User added rows to child table
{0} saved successfully,{0} が正常に保存されました,
{0} self assigned this task: {1},{0} がこのタスクを自分に割り当てました: {1},
{0} shared a document {1} {2} with you,{0} がドキュメント {1} {2} をあなたと共有しました,
{0} shared this document with everyone,{0} がこのドキュメントを全員と共有しました,
{0} shared this document with {1},{0} がこのドキュメントを {1} と共有しました,
{0} should be indexed because it's referred in dashboard connections,{0} はダッシュボード接続で参照されているため、インデックス化する必要があります,
{0} should not be same as {1},{0} は {1} と同じであってはなりません,
{0} submitted this document,{0} がこのドキュメントを提出しました,
{0} submitted this document {1},{0} がこのドキュメント {1} を提出しました,Form timeline
{0} subscribers added,{0} 人の購読者が追加されました,
{0} to stop receiving emails of this type,この種類のメールの受信を停止するには {0},
{0} to {1},{0} から {1},
{0} un-shared this document with {1},{0} がこのドキュメントの {1} との共有を解除しました,
{0} unread notifications,{0}件の未読通知,
{0} updated,{0} が更新されました,
{0} values selected,{0} 個の値が選択されました,
{0} viewed this,{0} がこれを閲覧しました,
{0} w,{0} w,
{0} weeks ago,{0} 週間前,
{0} with the role <strong>{1}</strong>,ロール <strong>{1}</strong> を持つ {0},
{0} y,{0} y,
{0} years ago,{0} 年前,
{0} {1} added,{0} {1} が追加されました,
{0} {1} added to Dashboard {2},{0} {1} がダッシュボード {2} に追加されました,
{0} {1} already exists,{0} {1}は既に存在します,
"{0} {1} cannot be ""{2}"". It should be one of ""{3}""",{0} {1} は「{2}」にすることはできません。「{3}」のいずれかである必要があります,
{0} {1} cannot be a leaf node as it has children,{0} {1} は子を持つため、リーフノードにすることはできません,
"{0} {1} does not exist, select a new target to merge",{0} {1} は存在しません。マージする新しいターゲットを選択してください,
{0} {1} is linked with the following submitted documents: {2},{0} {1} は以下の提出済みドキュメントとリンクされています: {2},
{0} {1} not found,{0} {1}が見つかりません,
{0} {1}: Submitted Record cannot be deleted. You must {2} Cancel {3} it first.,{0} {1}: 提出済みのレコードは削除できません。最初に {2} キャンセル {3} する必要があります。,
"{0}, Row {1}",{0}、行 {1},
{0}.,{0}。,Money in words
{0}/{1} complete | Please leave this tab open until completion.,{0}/{1} 完了 | 完了するまでこのタブを開いたままにしてください。,
"{0}: '{1}' ({3}) will get truncated, as max characters allowed is {2}",{0}: '{1}' ({3}) は、許可される最大文字数が {2} であるため、切り捨てられます,
{0}: Cannot set Amend without Cancel,{0}: キャンセルなしでは修正を設定できません,
{0}: Cannot set Assign Amend if not Submittable,{0}: 提出可能でない場合、修正の割り当てを設定できません,
{0}: Cannot set Assign Submit if not Submittable,{0}: 提出可能でない場合、提出の割り当てを設定できません,
{0}: Cannot set Cancel without Submit,{0}: 提出なしではキャンセルを設定できません,
{0}: Cannot set Import without Create,{0}: 作成なしではインポートを設定できません,
"{0}: Cannot set Submit, Cancel, Amend without Write",{0}: 書き込みなしでは提出、キャンセル、修正を設定できません,
{0}: Cannot set import as {1} is not importable,{0}: {1}はインポート可能ではないため、インポートを設定できません,
"{0}: Failed to attach new recurring document. To enable attaching document in the auto repeat notification email, enable {1} in Print Settings","{0}: Failed to attach new recurring document. To enable attaching document in the auto repeat notification email, enable {1} in Print設定",
{0}: Field '{1}' cannot be set as Unique as it has non-unique values,{0}: フィールド '{1}' は一意でない値を持つため、一意に設定できません,
{0}: Field {1} in row {2} cannot be hidden and mandatory without default,{0}: 行 {2} のフィールド {1} は、デフォルトなしで非表示かつ必須にすることはできません,
{0}: Field {1} of type {2} cannot be mandatory,{0}: タイプ {2} のフィールド {1} は必須にできません,
{0}: Fieldname {1} appears multiple times in rows {2},{0}: フィールド名 {1} が行 {2} に複数回出現します,
{0}: Fieldtype {1} for {2} cannot be unique,{0}: {2} のフィールドタイプ {1} は一意にできません,
{0}: Link field cannot reference DocType {1} without Guest read permission,{0}: リンクフィールドは、ゲストの読み取り権限なしにDocType {1}を参照できません,
{0}: No basic permissions set,{0}: 基本権限が設定されていません,
"{0}: Only one rule allowed with the same Role, Level and {1}",{0}: 同じロール、レベル、および {1} を持つルールは 1 つのみ許可されます,
{0}: Options must be a valid DocType for field {1} in row {2},{0}: オプションは、行 {2} のフィールド {1} に対して有効な DocType である必要があります,
{0}: Options required for Link or Table type field {1} in row {2},{0}: 行 {2} のリンクまたはテーブルタイプのフィールド {1} にはオプションが必要です,
{0}: Options {1} must be the same as doctype name {2} for the field {3},{0}: オプション {1} は、フィールド {3} の DocType 名 {2} と同じである必要があります,
{0}: Other permission rules may also apply,{0}: 他の権限ルールも適用される場合があります,
{0}: Permission at level 0 must be set before higher levels are set,{0}: レベル 0 の権限は、より高いレベルを設定する前に設定する必要があります,
{0}: You can increase the limit for the field if required via {1},{0}: 必要に応じて、{1} を介してフィールドの制限を増やすことができます。,
{0}: fieldname cannot be set to reserved field {1} in DocType,{0}: DocType の予約済みフィールド {1} にフィールド名を指定することはできません。,
{0}: fieldname cannot be set to reserved keyword {1},{0}: 予約済みキーワード {1} にフィールド名を指定することはできません。,
{0}: {1},{0}: {1},
{0}: {1} is set to state {2},{0}: {1} はステータス {2} に設定されています。,
{0}: {1} vs {2},{0}: {1} 対 {2},
{0}:Fieldtype {1} for {2} cannot be indexed,{0}: {2} のフィールドタイプ {1} はインデックスを作成できません。,
{1} saved,{1} が保存されました,
{count} cell copied,{count} セルがコピーされました,
{count} cells copied,{count} セルがコピーされました,
{count} row selected,{count} 行が選択されました,
{count} rows selected,{count} 行が選択されました,
{{{0}}} is not a valid fieldname pattern. It should be {{field_name}}.,{{{0}}} は有効なフィールド名パターンではありません。{{field_name}} の形式である必要があります。,
{} Complete,{} 完了,
{} Invalid python code on line {},{} のPythonコードが {} 行目で無効です,
{} Possibly invalid python code. <br>{},{} Python コードが無効である可能性があります。<br>{},
{} does not support automated log clearing.,{} は自動ログクリアをサポートしていません。,
{} field cannot be empty.,{} フィールドは空にできません。,
{} has been disabled. It can only be enabled if {} is checked.,{} は無効になっています。{} がチェックされている場合にのみ有効にできます。,
{} is not a valid date string.,{} は有効な日付文字列ではありません。,
{} not found in PATH! This is required to access the console.,{} が PATH に見つかりません！これはコンソールにアクセスするために必要です。,
{} not found in PATH! This is required to restore the database.,{} が PATH に見つかりません！これはデータベースを復元するために必要です。,
{} not found in PATH! This is required to take a backup.,{} が PATH に見つかりません！これはバックアップを作成するために必要です。,
← Back to upload files,← ファイルのアップロードに戻る,
